-- phpMyAdmin SQL Dump
-- version 4.8.3
-- https://www.phpmyadmin.net/
--
-- Host: 127.0.0.1
-- Generation Time: Feb 01, 2020 at 03:20 PM
-- Server version: 10.1.36-MariaDB
-- PHP Version: 7.1.22

SET SQL_MODE = "NO_AUTO_VALUE_ON_ZERO";
SET AUTOCOMMIT = 0;
START TRANSACTION;
SET time_zone = "+00:00";


/*!40101 SET @OLD_CHARACTER_SET_CLIENT=@@CHARACTER_SET_CLIENT */;
/*!40101 SET @OLD_CHARACTER_SET_RESULTS=@@CHARACTER_SET_RESULTS */;
/*!40101 SET @OLD_COLLATION_CONNECTION=@@COLLATION_CONNECTION */;
/*!40101 SET NAMES utf8mb4 */;

--
-- Database: `jotpotshop`
--

-- --------------------------------------------------------

--
-- Table structure for table `admins`
--

CREATE TABLE `admins` (
  `id` int(10) UNSIGNED NOT NULL,
  `username` varchar(191) NOT NULL,
  `email` varchar(191) NOT NULL,
  `firstname` varchar(191) DEFAULT NULL,
  `lastname` varchar(191) DEFAULT NULL,
  `password` varchar(60) NOT NULL,
  `image` varchar(191) DEFAULT NULL,
  `role_id` int(10) UNSIGNED NOT NULL DEFAULT '0',
  `status` tinyint(4) NOT NULL DEFAULT '2' COMMENT '1=active, 2=pending, 3=cancel',
  `remember_token` varchar(100) DEFAULT NULL,
  `created_at` timestamp NULL DEFAULT NULL,
  `updated_at` timestamp NULL DEFAULT NULL
) ENGINE=InnoDB DEFAULT CHARSET=utf8;

--
-- Dumping data for table `admins`
--

INSERT INTO `admins` (`id`, `username`, `email`, `firstname`, `lastname`, `password`, `image`, `role_id`, `status`, `remember_token`, `created_at`, `updated_at`) VALUES
(1, 'admin', 'admin@gmail.com', 'Jotpot', 'Shop', '$2y$10$Lo.qwkABTbl71calU8qTwODg2WUVZOi9ZCJfdl1loLzYOA8W26g0S', '', 1, 1, 'MHSGy2HVdvnKbi2I9BK3CY1YmwwQK4YLpVPWL7Pqyka2ccugtiU2hbZVoRXd', NULL, '2019-12-27 05:28:50');

-- --------------------------------------------------------

--
-- Table structure for table `admins_metas`
--

CREATE TABLE `admins_metas` (
  `id` int(10) UNSIGNED NOT NULL,
  `admin_id` int(11) NOT NULL,
  `meta_key` text NOT NULL,
  `meta_value` longtext,
  `created_at` timestamp NULL DEFAULT NULL,
  `updated_at` timestamp NULL DEFAULT NULL
) ENGINE=InnoDB DEFAULT CHARSET=utf8;

--
-- Dumping data for table `admins_metas`
--

INSERT INTO `admins_metas` (`id`, `admin_id`, `meta_key`, `meta_value`, `created_at`, `updated_at`) VALUES
(1, 1, 'user_online_status', '1', '2019-04-18 09:40:36', '2019-12-27 05:29:12'),
(2, 1, 'user_last_activity', '2019-12-26 11:29:00', '2019-04-30 08:45:31', '2019-12-27 05:29:00'),
(3, 1, 'mobile', '01627809666', '2019-07-10 10:06:55', '2019-12-27 05:24:48'),
(4, 1, 'gender', NULL, '2019-07-10 10:06:55', '2019-07-10 10:06:55'),
(5, 1, 'skype', 'rubelm81', '2019-07-10 10:06:55', '2019-12-27 05:26:28'),
(6, 1, 'whats_app', NULL, '2019-07-10 10:06:55', '2019-07-10 10:06:55'),
(7, 1, 'street', NULL, '2019-07-10 10:06:55', '2019-07-10 10:06:55'),
(8, 1, 'city', 'Dhaka', '2019-07-10 10:06:55', '2019-07-10 10:06:55'),
(9, 1, 'state', 'Dhaka', '2019-07-10 10:06:55', '2019-07-10 10:06:55'),
(10, 1, 'zip', NULL, '2019-07-10 10:06:55', '2019-07-10 10:06:55'),
(11, 1, 'country', 'Bangladesh', '2019-07-10 10:06:55', '2019-07-10 10:06:55'),
(12, 1, 'extra_note', NULL, '2019-07-10 10:06:55', '2019-07-10 10:06:55');

-- --------------------------------------------------------

--
-- Table structure for table `attributes`
--

CREATE TABLE `attributes` (
  `id` int(10) UNSIGNED NOT NULL,
  `attributetitle_id` int(10) UNSIGNED NOT NULL,
  `title` varchar(191) NOT NULL,
  `type` varchar(191) DEFAULT NULL,
  `status` tinyint(4) NOT NULL DEFAULT '2' COMMENT '1=active, 2=pending, 3=cancel',
  `created_at` timestamp NULL DEFAULT NULL,
  `updated_at` timestamp NULL DEFAULT NULL
) ENGINE=InnoDB DEFAULT CHARSET=utf8;

--
-- Dumping data for table `attributes`
--

INSERT INTO `attributes` (`id`, `attributetitle_id`, `title`, `type`, `status`, `created_at`, `updated_at`) VALUES
(1, 2, 'red', 'color', 2, '2020-01-01 11:10:18', '2020-01-01 11:10:18'),
(2, 2, 'green', 'color', 2, '2020-01-01 11:10:28', '2020-01-01 11:10:28'),
(3, 2, 'blue', 'color', 2, '2020-01-01 11:10:43', '2020-01-01 11:10:43'),
(4, 2, 'black', 'color', 2, '2020-01-01 11:11:02', '2020-01-01 11:11:02'),
(5, 2, 'magenta', 'color', 2, '2020-01-01 11:11:12', '2020-01-01 11:11:12'),
(6, 1, 'none', 'size', 2, '2020-01-01 11:11:38', '2020-01-01 11:11:38'),
(7, 2, 'none', 'color', 2, '2020-01-01 11:11:47', '2020-01-01 11:11:47'),
(8, 1, 'sm', 'size', 2, '2020-01-01 11:11:57', '2020-01-01 11:11:57'),
(9, 1, 'md', 'size', 2, '2020-01-01 11:12:06', '2020-01-01 11:12:06'),
(10, 1, 'lg', 'size', 2, '2020-01-01 11:12:15', '2020-01-01 11:12:15');

-- --------------------------------------------------------

--
-- Table structure for table `attributetitles`
--

CREATE TABLE `attributetitles` (
  `id` int(10) UNSIGNED NOT NULL,
  `title` varchar(191) NOT NULL,
  `description` text,
  `image` varchar(191) DEFAULT NULL,
  `slug` varchar(191) NOT NULL,
  `created_by` int(10) UNSIGNED DEFAULT NULL,
  `modified_by` int(10) UNSIGNED DEFAULT NULL,
  `seo_title` varchar(191) DEFAULT NULL,
  `meta_key` text,
  `meta_description` text,
  `status` tinyint(4) NOT NULL DEFAULT '2' COMMENT '1=active, 2=pending, 3=cancel',
  `created_at` timestamp NULL DEFAULT NULL,
  `updated_at` timestamp NULL DEFAULT NULL
) ENGINE=InnoDB DEFAULT CHARSET=utf8;

--
-- Dumping data for table `attributetitles`
--

INSERT INTO `attributetitles` (`id`, `title`, `description`, `image`, `slug`, `created_by`, `modified_by`, `seo_title`, `meta_key`, `meta_description`, `status`, `created_at`, `updated_at`) VALUES
(1, 'size', NULL, NULL, 'size', 1, NULL, NULL, NULL, NULL, 1, '2020-01-01 11:08:24', '2020-01-01 11:08:24'),
(2, 'color', NULL, NULL, 'color', 1, NULL, NULL, NULL, NULL, 1, '2020-01-01 11:08:37', '2020-01-01 11:08:37');

-- --------------------------------------------------------

--
-- Table structure for table `attribute_product`
--

CREATE TABLE `attribute_product` (
  `id` int(10) UNSIGNED NOT NULL,
  `attribute_id` int(10) UNSIGNED DEFAULT NULL,
  `product_id` int(10) UNSIGNED DEFAULT NULL,
  `color_id` int(10) UNSIGNED DEFAULT NULL,
  `attribute_image` varchar(191) DEFAULT NULL,
  `attribute_qty` int(11) DEFAULT NULL,
  `attribute_legnth` varchar(50) DEFAULT NULL,
  `attribute_front` varchar(50) DEFAULT NULL,
  `attribute_back` varchar(50) DEFAULT NULL,
  `attribute_chest` varchar(50) DEFAULT NULL,
  `attribute_price` decimal(10,2) DEFAULT NULL,
  `created_at` timestamp NULL DEFAULT NULL,
  `updated_at` timestamp NULL DEFAULT NULL
) ENGINE=InnoDB DEFAULT CHARSET=utf8;

-- --------------------------------------------------------

--
-- Table structure for table `blogs`
--

CREATE TABLE `blogs` (
  `id` int(10) UNSIGNED NOT NULL,
  `title` varchar(100) NOT NULL,
  `short_description` text,
  `long_description` longtext,
  `image` text,
  `slug` varchar(191) NOT NULL,
  `is_sticky` int(10) UNSIGNED NOT NULL DEFAULT '0',
  `comment_enable` int(10) UNSIGNED NOT NULL DEFAULT '0',
  `comments` int(10) UNSIGNED NOT NULL DEFAULT '0',
  `views` int(10) UNSIGNED NOT NULL DEFAULT '0',
  `likes` int(10) UNSIGNED NOT NULL DEFAULT '0',
  `seo_title` varchar(191) DEFAULT NULL,
  `meta_key` text,
  `meta_description` text,
  `created_by` int(10) UNSIGNED DEFAULT NULL,
  `modified_by` int(10) UNSIGNED DEFAULT NULL,
  `status` tinyint(4) NOT NULL DEFAULT '2' COMMENT '1=active, 2=pending, 3=cancel',
  `created_at` timestamp NULL DEFAULT NULL,
  `updated_at` timestamp NULL DEFAULT NULL
) ENGINE=InnoDB DEFAULT CHARSET=utf8;

--
-- Dumping data for table `blogs`
--

INSERT INTO `blogs` (`id`, `title`, `short_description`, `long_description`, `image`, `slug`, `is_sticky`, `comment_enable`, `comments`, `views`, `likes`, `seo_title`, `meta_key`, `meta_description`, `created_by`, `modified_by`, `status`, `created_at`, `updated_at`) VALUES
(1, 'Organic Food', 'Lorem Ipsum is simply dummy text of the printing and typesetting industry. Lorem Ipsum has been the industry\'s standard dummy text ever since the 1500s, when an unknown printer took a galley of type and scrambled it to make a type specimen book. It has survived not only five centuries, but also the leap into electronic typesetting', '<p><strong>Lorem Ipsum</strong> is simply dummy text of the printing and typesetting industry. Lorem Ipsum has been the industry&#39;s standard dummy text ever since the 1500s, when an unknown printer took a galley of type and scrambled it to make a type specimen book. It has survived not only five centuries, but also the leap into electronic typesetting, remaining essentially unchanged. It was popularised in the 1960s with the release of Letraset sheets containing Lorem Ipsum passages, and more recently with desktop publishing software like Aldus PageMaker including versions of Lorem Ipsum<strong>Lorem Ipsum</strong> is simply dummy text of the printing and typesetting industry. Lorem Ipsum has been the industry&#39;s standard dummy text ever since the 1500s, when an unknown printer took a galley of type and scrambled it to make a type specimen book. It has survived not only five centuries, but also the leap into electronic typesetting, remaining essentially unchanged. It was popularised in the 1960s with the release of Letraset sheets containing Lorem Ipsum passages, and more recently with desktop publishing software like Aldus PageMaker including versions of Lorem Ipsum<strong>Lorem Ipsum</strong> is simply dummy text of the printing and typesetting industry. Lorem Ipsum has been the industry&#39;s standard dummy text ever since the 1500s, when an unknown printer took a galley of type and scrambled it to make a type specimen book. It has survived not only five centuries, but also the leap into electronic typesetting, remaining essentially unchanged. It was popularised in the 1960s with the release of Letraset sheets containing Lorem Ipsum passages, and more recently with desktop publishing software like Aldus PageMaker including versions of Lorem Ipsum<strong>Lorem Ipsum</strong> is simply dummy text of the printing and typesetting industry. Lorem Ipsum has been the industry&#39;s standard dummy text ever since the 1500s, when an unknown printer took a galley of type and scrambled it to make a type specimen book. It has survived not only five centuries, but also the leap into electronic typesetting, remaining essentially unchanged. It was popularised in the 1960s with the release of Letraset sheets containing Lorem Ipsum passages, and more recently with desktop publishing software like Aldus PageMaker including versions of Lorem Ipsum<strong>Lorem Ipsum</strong> is simply dummy text of the printing and typesetting industry. Lorem Ipsum has been the industry&#39;s standard dummy text ever since the 1500s, when an unknown printer took a galley of type and scrambled it to make a type specimen book. It has survived not only five centuries, but also the leap into electronic typesetting, remaining essentially unchanged. It was popularised in the 1960s with the release of Letraset sheets containing Lorem Ipsum passages, and more recently with desktop publishing software like Aldus PageMaker including versions of Lorem Ipsum<strong>Lorem Ipsum</strong> is simply dummy text of the printing and typesetting industry. Lorem Ipsum has been the industry&#39;s standard dummy text ever since the 1500s, when an unknown printer took a galley of type and scrambled it to make a type specimen book. It has survived not only five centuries, but also the leap into electronic typesetting, remaining essentially unchanged. It was popularised in the 1960s with the release of Letraset sheets containing Lorem Ipsum passages, and more recently with desktop publishing software like Aldus PageMaker including versions of Lorem Ipsum</p>', 'blog-thumbnail-2.jpg', 'formal-full-shirt', 0, 1, 1, 62, 0, NULL, NULL, NULL, 1, 1, 2, '2019-05-13 04:54:13', '2019-09-08 06:46:00'),
(2, 'blog new', 'uries, but also the leap into electronic typesetting, remaining essentially unchanged. It was popularised in the 1960s with the release of Letraset sheets containing Lorem Ipsum passages, and more recently with desktop publishing software like Aldus PageMaker including versions of Lorem Ipsum.', '<p>uries, but also the leap into electronic typesetting, remaining essentially unchanged. It was popularised in the 1960s with the release of Letraset sheets containing Lorem Ipsum passages, and more recently with desktop publishing software like Aldus PageMaker including versions of Lorem Ipsum.</p>\r\n\r\n<div>\r\n<h2>Why do we use it?</h2>\r\n\r\n<p>It is a long established fact that a reader will be distracted by the readable content of a page when looking at its layout. The point of using Lorem Ipsum is that it has a more-or-less normal distribution of letters, as opposed to using &#39;Content here, content here&#39;, making it look like readable English. Many desktop publishing packages and web page editors now use Lorem Ipsum as their default model text, and a search for &#39;lorem ipsum&#39; will uncover many web sites still in their infancy. Various versions have evolved over the years, sometimes by accident, sometimes on purpose (injected humour and the like).</p>\r\n</div>\r\n\r\n<p>&nbsp;</p>\r\n\r\n<div>\r\n<h2>Where does it come from?</h2>\r\n\r\n<p>Contrary to popular belief, Lorem Ipsum is not simply random text. It has roots in a piece of classical Latin literature from 45 BC, making it over 2000 years old. Richard McClintock, a Latin professor at Hampden-Sydney College in Virginia, looked up one of the more obscure Latin words, consectetur, from a Lorem Ipsum passage, and going through the cites of the word in classical literature, discovered the undoubtable source. Lorem Ipsum comes from sections 1.10.32 and 1.10.33 of &quot;de Finibus Bonorum et Malorum&quot; (The Extremes of Good and Evil) by Cicero, written in 45 BC. This book is a treatise on the theory of ethics, very popular during the Renaissance. The first line of Lorem Ipsum, &quot;Lorem ipsum dolor sit amet..&quot;, comes from a line in section 1.10.32.</p>\r\n\r\n<p>The standard chunk of Lorem Ipsum used since the 1500s is reproduced below for those interested. Sections 1.10.32 and 1.10.33 from &quot;de Finibus Bonorum et Malorum&quot; by Cicero are also reproduced in their exact original form, accompanied by English versions from the 1914 translation by H. Rackham.</p>\r\n</div>\r\n\r\n<h2>Where can I get some?</h2>\r\n\r\n<p>There are many variations of passages of Lorem Ipsum available, but the majority have suffered alteration in some form, by injected humour, or randomised words which don&#39;t look even slightly believable. If you are going to use a passage of Lorem Ipsum, you need to be sure there isn&#39;t anything embarrassing hidden in the middle of text. All the Lorem Ipsum generators on the Internet tend to repeat predefined chunks as necessary, making this the first true gen</p>', 'blog-details-1.jpg', 'lorem-ipsum-is-simply-du', 0, 1, 0, 43, 0, NULL, NULL, NULL, 1, 1, 2, '2019-05-13 06:32:07', '2019-09-08 06:51:20'),
(3, 'blog new for product', 'uries, but also the leap into electronic typesetting, remaining essentially unchanged. It was popularised in the 1960s with the release of Letraset sheets containing Lorem Ipsum passages, and more recently with desktop publishing software like Aldus PageMaker including versions of Lorem Ipsum.uries, but also the leap into electronic', '<p>typesetting, remaining essentially unchanged. It was popularised in the 1960s with the release of Letraset sheets containing Lorem Ipsum passages, and more recently with desktop publishing software like Aldus PageMaker including versions of Lorem Ipsum.uries, but also the leap into electronic typesetting, remaining essentially unchanged. It was popularised in the 1960s with the release of Letraset sheets containing Lorem Ipsum passages, and more recently with desktop publishing software like Aldus PageMaker including versions of Lorem Ipsum.uries, but also the leap into electronic typesetting, remaining essentially unchanged. It was popularised in the 1960s with the release of Letraset sheets containing Lorem Ipsum passages, and more recently with desktop publishing software like Aldus PageMaker including versions of Lorem Ipsum.uries, but also the leap into electronic typesetting, remaining essentially unchanged. It was popularised in the 1960s with the release of Letraset sheets containing Lorem Ipsum passages, and more recently with desktop publishing software like Aldus PageMaker including versions of Lorem Ipsum.</p>', 'blog-thumbnail-1.jpg', 'blog-new-for-product', 0, 1, 0, 32, 0, NULL, NULL, NULL, 1, 1, 2, '2019-05-13 06:34:40', '2019-09-08 06:51:23'),
(4, 'The Joy of Baking Cake', 'Baking a cake is an art.  A cake is not only delicious but it is also a treat to the eyes.', '<p>I never used to get over-excited about birthdays. I&rsquo;ve seen my friends going crazy about it, arranging parties and all, but it never bothered me much. Now as I am blessed with two lovely kids, the &lsquo;child&rsquo; within me sometimes craves for birthday cakes. For celebrating my kids&rsquo; birthdays I&rsquo;ve been ordering cakes from the top bakers like Mr. Baker, Coopers, <a href=\"http://www.nutrientbd.com/\" target=\"_blank\">Nutrient</a>, Shumi&rsquo;s Hot Cake and others till now. You know how smart kids are today and every time they demanded themed cakes based on their favorite cartoon characters. I relied on Mr. Baker most of the time and they did the job pretty well. But they couldn&rsquo;t make those small edible cartoon characters and I had to put toys instead as toppers. One day I heard from someone that many bakers sell birthday cakes on Facebook and they make edible cartoon characters as well. I visited some of the pages and was completely stunned. Over the years baking business on Facebook in Bangladesh grew and now there are countless numbers of talented bakers around. Many of them even take professional baking classes.</p>\r\n\r\n<p>I became interested in baking seeing these pages. I attended a couple of baking classes and the first class I took was with &lsquo;<a href=\"https://www.facebook.com/search/top/?q=cook%20and%20dine%20with%20saima&amp;epa=SEARCH_BOX\" target=\"_blank\">Cook and Dine with Saima</a>&rsquo;. Ms. Saima is a dentist by profession and her baking skills are certainly praiseworthy. Looking at her cakes, it seems that she has just painted the most beautiful picture on a canvas. Her cakes make you realize that baking is an art and a passion too. Each of her cake is a masterpiece. I attended a couple of baking courses of Hawai Mithai also. Ms. Naima of <a href=\"https://www.facebook.com/HaoaiMithai/\" target=\"_blank\">Hawaii Mithai</a> is a talented baker and her journey into becoming a professional baker will inspire you.</p>\r\n\r\n<p>Well, for me, I&rsquo;m still struggling with baking, trying to experiment and remember what was taught in those baking classes I&rsquo;d attended. Ingredients and measurements are the most important things in baking. You need to use the top-quality butter, baking soda, food color, and other ingredients. No wonder why birthday cakes from a good shop are so expensive. Once you learn the basic cake making, the decoration is completely your imagination. You can use different types of butter creams, fondant or chocolate modeling techniques to decorate the cake. If you want a short cut way of baking, then you can buy cake mixes, icing, <a href=\"http://www.mahmudmart.com.bd/category/cooking-chocolate-chocolate-chips\" target=\"_blank\">cooking chocolate</a> and use <a href=\"https://www.mahmudmart.com.bd/category/icing-and-cake-decoration\" target=\"_blank\">sprinklers</a>, and other items for decorating the cake.</p>\r\n\r\n<p>Now that I&rsquo;m into baking, I find that baking can give you joy. It&rsquo;s not only something that I do for my kids but also for myself. Baking can help to relieve your stress and help you unravel that hidden creativity in you. A lovely cake can make a lot of people smile. No experience is needed at all to try out your skills in baking. So, if you are someone who thought baking is not your thing, just try it and you will see what happiness it brings into your life.</p>', 'cupcake.png', 'the-joy-of-baking-cake', 0, 0, 0, 223, 0, 'The Joy of Baking | Mahmud Mart', 'baking, cake decoration, cake mixes', 'Baking is a form of art. You need passion and skill for it. You can bake nice cakes if you have the right ingredients and brilliant decorating ideas.', 1, 1, 1, '2019-08-23 15:35:03', '2019-12-27 19:38:29'),
(5, 'Start Keto or Not', 'Keto diet is a much talked about topic today. It is a form of diet that results in fast weight loss. In this diet you should consume more fat. You can get amazing results with it.', '<p>If you are someone who is constantly trying to find ways to lose weight then you must have come across the term &lsquo;Ketogenic&rsquo; or &lsquo;Keto&rsquo; diet. It has been one of the trendiest topics of discussion in the health and fitness sector. Many people are labeling it as the fastest way to lose weight. In fact, some have claimed to lose up to 10 kgs within a month. Now is that true or just a myth?</p>\r\n\r\n<p>You first need to understand what keto diet really is. In keto diet the body uses a different channel to get energy. Normally, we consume carbohydrate for energy; but in keto diet we are going to get the energy from fat. In this diet you should consume 75% fat, 20% protein and only 5% carbohydrates. Switching from our regular habit of intaking 50% - 60% carbohydrates to only 5% carbohydrates is not easy. At times you will feel that you are literally starving. Getting into keto means you will need to stop eating sugar, rice, bread, pasta, potato, carrot, lentils, and anything that has high amount of carbohydrate in it. There are restrictions on fruits as well; you can only eat berries and coconut.</p>\r\n\r\n<p>Keto is good news for those who crave cheese and butter because in this diet you are allowed to have it in high amount. You no longer have to worry about gaining weight when you eat the fat-rich food. Now that you know what keto diet is, I&rsquo;m going to share my journey of going through the ketogenic diet with you.</p>\r\n\r\n<p>I started this diet along with my husband and the first few days were great. We had lavish breakfast which included two omelets filled with cheese, capsicum, tomato, cucumber, olive, <a href=\"http://www.mahmudmart.com.bd/product/tesco-chia-seeds\">chia seeds</a> and fried with butter. It almost tasted like pizza, only without the bread. We also hand boiled vegetables fried with butter, extra virgin <a href=\"http://www.mahmudmart.com.bd/product/morrisons-organic-extra-virgin-coconut-oil\">coconut oi</a><a href=\"http://www.mahmudmart.com.bd/\">l</a><a href=\"http://www.mahmudmart.com.bd/product/morrisons-organic-extra-virgin-coconut-oil\"> </a>or olive oil and two sausages. Instead of tea we had black <a href=\"http://www.mahmudmart.com.bd/product/starbucks-colombia-medium-ground-coffee\">coffee</a> with one teaspoon &lsquo;ghee&rsquo; and coconut oil. This was the hardest part as it tasted horrible. But after a few days we got used to it. The lunch and dinner seemed to be normal like every day except that we didn&rsquo;t have any rice or chapati. After dinner we had natural yogurt. As mid-day or afternoon snack we had a handful of <a href=\"http://www.mahmudmart.com.bd/product/alesto-roasted-and-salted-peanuts\">nuts</a> and cottage cheese.</p>\r\n\r\n<p>We learned from various articles that you might experience &lsquo;Keto Flu&rsquo; in the beginning. Fortunately, we didn&rsquo;t feel such thing. My husband got amazing result in the first week. He lost 2 kgs; but I didn&rsquo;t notice much change in my weight. Actually, the rate at which you lose weight in keto varies from person to person. I&rsquo;ve been into keto for almost a month now and I&rsquo;ve lost more than 3 kgs. My husband lost more than 5 kgs. So, keto actually works!</p>\r\n\r\n<p>The problem with keto diet is that in Asian countries like Bangladesh there are not many options for fat-rich food. You cannot also eat berries as these are not available here; still you can get some in the supermarkets at a high price. &nbsp;So, snacking can be a problem; after all, chewing nuts all day will drive you totally nuts! You can eat <a href=\"http://www.mahmudmart.com.bd/product/sainsburys-no-added-sugar-dark-chocolate\">dark chocolate</a> as snack; but make sure that it contains 80% cocoa.</p>\r\n\r\n<p>You can do keto diet for 28 days to 6 months; it&rsquo;s entirely your choice. Usually, people set a weight goal they want to achieve and stop the diet once they reach their goal. After you stop this diet, consume carbohydrate slowly and maintain a low-carb diet. You should also do regular exercise; that way you won&rsquo;t gain weight anymore.</p>\r\n\r\n<p>To make most out of the keto diet you should do intermittent fasting in which you don&rsquo;t eat anything solid for 16 hours; drinking water and other liquids like tea and coconut water is allowed. This method has proved to be very effective in fast weight loss. In Bangladesh, <a href=\"https://www.youtube.com/watch?v=C9AfNhJ1itg\">Dr. Jahangir Kabir</a> has been an inspiration to people who want to try out the keto diet. You can watch his videos to learn more about this diet. Start your keto diet today and rediscover yourself in the mirror!</p>\r\n\r\n<p>&nbsp;</p>\r\n\r\n<p>&nbsp;</p>\r\n\r\n<p>&nbsp;</p>\r\n\r\n<p>&nbsp;</p>', 'keto_diet1.jpg', 'start-keto-or-not', 0, 0, 0, 155, 0, NULL, NULL, NULL, 1, 1, 1, '2019-11-27 15:18:32', '2019-12-27 19:38:15');

-- --------------------------------------------------------

--
-- Table structure for table `brands`
--

CREATE TABLE `brands` (
  `id` int(10) UNSIGNED NOT NULL,
  `title` varchar(191) NOT NULL,
  `description` text,
  `image` varchar(191) DEFAULT NULL,
  `slug` varchar(191) NOT NULL,
  `website` varchar(191) DEFAULT NULL,
  `views` int(10) UNSIGNED NOT NULL DEFAULT '0',
  `priority` int(11) DEFAULT NULL,
  `is_featured` int(10) UNSIGNED DEFAULT '0',
  `total_products` int(10) UNSIGNED NOT NULL DEFAULT '0',
  `created_by` int(10) UNSIGNED DEFAULT NULL,
  `modified_by` int(10) UNSIGNED DEFAULT NULL,
  `seo_title` varchar(191) DEFAULT NULL,
  `meta_key` text,
  `meta_description` text,
  `status` tinyint(4) NOT NULL DEFAULT '2' COMMENT '1=active, 2=pending, 3=cancel',
  `created_at` timestamp NULL DEFAULT NULL,
  `updated_at` timestamp NULL DEFAULT NULL
) ENGINE=InnoDB DEFAULT CHARSET=utf8;

--
-- Dumping data for table `brands`
--

INSERT INTO `brands` (`id`, `title`, `description`, `image`, `slug`, `website`, `views`, `priority`, `is_featured`, `total_products`, `created_by`, `modified_by`, `seo_title`, `meta_key`, `meta_description`, `status`, `created_at`, `updated_at`) VALUES
(1, 'Ryvita', NULL, '1552818566.ryvita.jpg', 'ryvita', NULL, 0, 10, 1, 0, 1, 1, NULL, NULL, NULL, 1, '2019-04-18 11:14:26', '2019-07-06 10:54:40'),
(2, 'Tesco', NULL, '1552819018.tesco.jpg', 'tesco', NULL, 0, 1, 1, 0, 1, 1, NULL, NULL, NULL, 1, '2019-04-29 11:43:51', '2019-07-28 06:57:29'),
(3, 'ASDA', NULL, '1552819114.asda.jpg', 'asda', NULL, 0, 12, 1, 0, 1, 1, NULL, NULL, NULL, 1, '2019-04-29 11:44:39', '2019-07-06 10:55:51'),
(4, 'Quaker', NULL, '1552821510.quaker.jpg', 'quaker', 'mm.com', 0, 14, 1, 0, 1, 1, NULL, NULL, NULL, 1, '2019-05-09 05:23:28', '2019-07-06 10:56:32'),
(5, 'Alpen', NULL, '1552819209.alpen.jpg', 'alpen', NULL, 0, 13, 1, 0, 1, 1, NULL, NULL, NULL, 1, '2019-06-19 09:03:24', '2019-07-06 10:56:18'),
(6, 'Jordans', NULL, '1552818549.jordans.jpg', 'jordans', NULL, 0, 9, 1, 0, 1, 1, NULL, NULL, NULL, 1, '2019-06-19 09:19:39', '2019-07-06 10:54:13'),
(8, 'Cadbury', NULL, '1552807416.cadbury.jpg', 'cadbury', NULL, 0, 7, 1, 0, 1, 1, NULL, NULL, NULL, 1, '2019-06-19 09:22:18', '2019-07-06 10:53:00'),
(9, 'kellogg\'s', NULL, '1552807331.kelloggs.jpg', 'kelloggs', NULL, 0, 6, 1, 0, 1, 1, NULL, NULL, NULL, 1, '2019-06-19 09:23:24', '2019-07-06 10:52:37'),
(10, 'heinz', NULL, '1552807119.heinz.jpg', 'heinz', NULL, 0, 5, 1, 0, 1, 1, NULL, NULL, NULL, 1, '2019-06-19 09:24:29', '2019-07-06 10:52:12'),
(11, 'Hellmann\'s', NULL, '1552806966.b1.jpg', 'hellmanns', NULL, 0, 4, 1, 0, 1, 1, NULL, NULL, NULL, 1, '2019-06-19 09:25:16', '2019-07-06 10:51:44'),
(12, 'Schwartz', NULL, '1552806934.schwartz.jpg', 'schwartz', NULL, 0, 3, 1, 0, 1, 1, NULL, NULL, NULL, 1, '2019-06-19 09:25:59', '2019-07-07 03:48:23'),
(13, 'Jacobs', NULL, '1552730915.b2.jpg', 'jacobs', NULL, 0, 2, 1, 0, 1, 1, NULL, NULL, NULL, 1, '2019-06-19 09:26:34', '2019-07-06 10:48:27'),
(14, 'M-Vitie\'s', NULL, '1552730675.b1.jpg', 'm-vities', NULL, 0, 1, 1, 0, 1, 1, NULL, NULL, NULL, 1, '2019-06-19 09:27:12', '2019-07-06 10:48:04'),
(15, 'Little trees', NULL, NULL, 'little-trees', NULL, 0, NULL, 0, 0, NULL, NULL, NULL, NULL, NULL, 1, '2019-06-23 06:09:54', '2019-06-23 06:09:54'),
(16, 'M&S', NULL, NULL, 'ms', NULL, 0, NULL, 0, 0, NULL, NULL, NULL, NULL, NULL, 1, '2019-06-23 06:14:25', '2019-06-23 06:14:25'),
(17, 'Diablo', NULL, NULL, 'diablo', NULL, 0, NULL, 0, 0, NULL, NULL, NULL, NULL, NULL, 1, '2019-06-23 06:14:25', '2019-06-23 06:14:25'),
(18, 'FOX', NULL, NULL, 'fox', NULL, 0, NULL, 0, 0, NULL, NULL, NULL, NULL, NULL, 1, '2019-06-23 06:14:26', '2019-06-23 06:14:26'),
(19, 'GULLON', NULL, NULL, 'gullon', NULL, 0, NULL, 0, 0, NULL, NULL, NULL, NULL, NULL, 1, '2019-06-23 06:14:26', '2019-06-23 06:14:26'),
(20, 'McVites', NULL, NULL, 'mcvites', NULL, 0, NULL, 0, 0, NULL, NULL, NULL, NULL, NULL, 1, '2019-06-23 06:14:27', '2019-06-23 06:14:27'),
(21, 'OREO', NULL, NULL, 'oreo', NULL, 0, NULL, 0, 0, NULL, NULL, NULL, NULL, NULL, 1, '2019-06-23 06:14:27', '2019-06-23 06:14:27'),
(22, 'BettyCrocker', NULL, NULL, 'bettycrocker', NULL, 0, NULL, 0, 0, NULL, 1, NULL, NULL, NULL, 1, '2019-06-23 06:14:28', '2019-07-19 07:11:04'),
(23, 'Glade', NULL, NULL, 'glade', NULL, 0, NULL, 0, 0, NULL, NULL, NULL, NULL, NULL, 1, '2019-06-23 06:14:28', '2019-06-23 06:14:28'),
(24, 'CHUPA CHUP', NULL, NULL, 'chupa-chup', NULL, 0, NULL, 0, 0, NULL, NULL, NULL, NULL, NULL, 1, '2019-06-23 06:14:28', '2019-06-23 06:14:28'),
(25, 'SKITTLES', NULL, NULL, 'skittles', NULL, 0, NULL, 0, 0, NULL, NULL, NULL, NULL, NULL, 1, '2019-06-23 06:14:29', '2019-06-23 06:14:29'),
(26, 'whiskas', NULL, NULL, 'whiskas', NULL, 0, NULL, 0, 0, NULL, NULL, NULL, NULL, NULL, 1, '2019-06-23 06:14:29', '2019-06-23 06:14:29'),
(27, 'Nature Valley', NULL, NULL, 'nature-valley', NULL, 0, NULL, 0, 0, NULL, NULL, NULL, NULL, NULL, 1, '2019-06-23 06:14:30', '2019-06-23 06:14:30'),
(28, 'Kelloggs', NULL, NULL, 'kelloggs-1', NULL, 0, NULL, 0, 0, NULL, NULL, NULL, NULL, NULL, 1, '2019-06-23 06:14:30', '2019-06-23 06:14:30'),
(29, 'SAINSBURY\'S', NULL, NULL, 'sainsburys', NULL, 0, NULL, 0, 0, NULL, NULL, NULL, NULL, NULL, 1, '2019-06-23 06:14:30', '2019-06-23 06:14:30'),
(30, 'Hubba bubba', NULL, NULL, 'hubba-bubba', NULL, 0, NULL, 0, 0, NULL, NULL, NULL, NULL, NULL, 1, '2019-06-23 06:14:31', '2019-06-23 06:14:31'),
(31, 'Mentos', NULL, NULL, 'mentos', NULL, 0, NULL, 0, 0, NULL, NULL, NULL, NULL, NULL, 1, '2019-06-23 06:14:31', '2019-06-23 06:14:31'),
(32, 'POLO', NULL, NULL, 'polo', NULL, 0, NULL, 0, 0, NULL, NULL, NULL, NULL, NULL, 1, '2019-06-23 06:14:31', '2019-06-23 06:14:31'),
(33, 'Trident', NULL, NULL, 'trident', NULL, 0, NULL, 0, 0, NULL, NULL, NULL, NULL, NULL, 1, '2019-06-23 06:14:32', '2019-06-23 06:14:32'),
(34, 'DR. OETKER', NULL, NULL, 'dr-oetker', NULL, 0, NULL, 0, 0, NULL, NULL, NULL, NULL, NULL, 1, '2019-06-23 06:14:32', '2019-06-23 06:14:32'),
(35, 'BOOTS', NULL, NULL, 'boots', NULL, 0, NULL, 0, 0, NULL, NULL, NULL, NULL, NULL, 1, '2019-06-23 06:14:32', '2019-06-23 06:14:32'),
(36, 'Celebration', NULL, NULL, 'celebration', NULL, 0, NULL, 0, 0, NULL, NULL, NULL, NULL, NULL, 1, '2019-06-23 06:14:32', '2019-06-23 06:14:32'),
(37, 'Bon Bon', NULL, NULL, 'bon-bon', NULL, 0, NULL, 0, 0, NULL, NULL, NULL, NULL, NULL, 1, '2019-06-23 06:14:32', '2019-06-23 06:14:32'),
(38, 'Kinder', NULL, NULL, 'kinder', NULL, 0, NULL, 0, 0, NULL, NULL, NULL, NULL, NULL, 1, '2019-06-23 06:14:33', '2019-06-23 06:14:33'),
(39, 'LINDT', NULL, NULL, 'lindt', NULL, 0, NULL, 0, 0, NULL, NULL, NULL, NULL, NULL, 1, '2019-06-23 06:14:33', '2019-06-23 06:14:33'),
(40, 'M&M', NULL, '1552807524.mam_1.jpg', 'mm', NULL, 0, NULL, 0, 0, NULL, 1, NULL, NULL, NULL, 1, '2019-06-23 06:14:33', '2019-07-28 06:55:29'),
(41, 'Maltesers', NULL, NULL, 'maltesers', NULL, 0, NULL, 0, 0, NULL, NULL, NULL, NULL, NULL, 1, '2019-06-23 06:14:34', '2019-06-23 06:14:34'),
(42, 'Kitkat', NULL, NULL, 'kitkat', NULL, 0, NULL, 0, 0, NULL, NULL, NULL, NULL, NULL, 1, '2019-06-23 06:14:35', '2019-06-23 06:14:35'),
(43, 'Smarties', NULL, NULL, 'smarties', NULL, 0, NULL, 0, 0, NULL, NULL, NULL, NULL, NULL, 1, '2019-06-23 06:14:35', '2019-06-23 06:14:35'),
(44, 'Nutella', NULL, NULL, 'nutella', NULL, 0, NULL, 0, 0, NULL, NULL, NULL, NULL, NULL, 1, '2019-06-23 06:14:35', '2019-06-23 06:14:35'),
(45, 'Nerds', NULL, NULL, 'nerds', NULL, 0, NULL, 0, 0, NULL, NULL, NULL, NULL, NULL, 1, '2019-06-23 06:14:35', '2019-06-23 06:14:35'),
(46, 'CIF', NULL, NULL, 'cif', NULL, 0, NULL, 0, 0, NULL, NULL, NULL, NULL, NULL, 1, '2019-06-23 06:14:36', '2019-06-23 06:14:36'),
(47, 'Dettol', NULL, NULL, 'dettol', NULL, 0, NULL, 0, 0, NULL, NULL, NULL, NULL, NULL, 1, '2019-06-23 06:14:36', '2019-06-23 06:14:36'),
(48, 'Spontex', NULL, NULL, 'spontex', NULL, 0, NULL, 0, 0, NULL, NULL, NULL, NULL, NULL, 1, '2019-06-23 06:14:36', '2019-06-23 06:14:36'),
(49, 'TASSIMO', NULL, NULL, 'tassimo', NULL, 0, NULL, 0, 0, NULL, NULL, NULL, NULL, NULL, 1, '2019-06-23 06:14:36', '2019-06-23 06:14:36'),
(50, 'Douwe Egberts', NULL, NULL, 'douwe-egberts', NULL, 0, NULL, 0, 0, NULL, NULL, NULL, NULL, NULL, 1, '2019-06-23 06:14:37', '2019-06-23 06:14:37'),
(51, 'Illy', NULL, NULL, 'illy', NULL, 0, NULL, 0, 0, NULL, NULL, NULL, NULL, NULL, 1, '2019-06-23 06:14:37', '2019-06-23 06:14:37'),
(52, 'Nescafe', NULL, NULL, 'nescafe', NULL, 0, NULL, 0, 0, NULL, NULL, NULL, NULL, NULL, 1, '2019-06-23 06:14:38', '2019-06-23 06:14:38'),
(53, 'Carex', NULL, NULL, 'carex', NULL, 0, NULL, 0, 0, NULL, NULL, NULL, NULL, NULL, 1, '2019-06-23 06:14:39', '2019-06-23 06:14:39'),
(54, 'IMPERIAL LEATHER', NULL, NULL, 'imperial-leather', NULL, 0, NULL, 0, 0, NULL, NULL, NULL, NULL, NULL, 1, '2019-06-23 06:14:39', '2019-06-23 06:14:39'),
(55, 'Palmolive', NULL, NULL, 'palmolive', NULL, 0, NULL, 0, 0, NULL, NULL, NULL, NULL, NULL, 1, '2019-06-23 06:14:39', '2019-06-23 06:14:39'),
(56, 'Radox', NULL, NULL, 'radox', NULL, 0, NULL, 0, 0, NULL, NULL, NULL, NULL, NULL, 1, '2019-06-23 06:14:39', '2019-06-23 06:14:39'),
(57, 'Rowse', NULL, NULL, 'rowse', NULL, 0, NULL, 0, 0, NULL, NULL, NULL, NULL, NULL, 1, '2019-06-23 06:14:39', '2019-06-23 06:14:39'),
(58, 'Ellas Kitchen', NULL, NULL, 'ellas-kitchen', NULL, 0, NULL, 0, 0, NULL, NULL, NULL, NULL, NULL, 1, '2019-06-23 06:14:40', '2019-06-23 06:14:40'),
(59, 'KTC', NULL, NULL, 'ktc', NULL, 0, NULL, 0, 0, NULL, NULL, NULL, NULL, NULL, 1, '2019-06-23 06:14:40', '2019-06-23 06:14:40'),
(60, 'VEET', NULL, NULL, 'veet', NULL, 0, NULL, 0, 0, NULL, NULL, NULL, NULL, NULL, 1, '2019-06-23 06:14:40', '2019-06-23 06:14:40'),
(61, 'Horlics', NULL, NULL, 'horlics', NULL, 0, NULL, 0, 0, NULL, NULL, NULL, NULL, NULL, 1, '2019-06-23 06:14:41', '2019-06-23 06:14:41'),
(62, 'Listerian', NULL, NULL, 'listerian', NULL, 0, NULL, 0, 0, NULL, NULL, NULL, NULL, NULL, 1, '2019-06-23 06:14:41', '2019-06-23 06:14:41'),
(63, 'POT', NULL, NULL, 'pot', NULL, 0, NULL, 0, 0, NULL, NULL, NULL, NULL, NULL, 1, '2019-06-23 06:14:41', '2019-06-23 06:14:41'),
(64, 'KP', NULL, NULL, 'kp', NULL, 0, NULL, 0, 0, NULL, NULL, NULL, NULL, NULL, 1, '2019-06-23 06:14:41', '2019-06-23 06:14:41'),
(65, 'Reese\'s', NULL, NULL, 'reeses', NULL, 0, NULL, 0, 0, NULL, NULL, NULL, NULL, NULL, 1, '2019-06-23 06:14:42', '2019-06-23 06:14:42'),
(66, 'Harringtons', NULL, NULL, 'harringtons', NULL, 0, NULL, 0, 0, NULL, NULL, NULL, NULL, NULL, 1, '2019-06-23 06:14:42', '2019-06-23 06:14:42'),
(67, 'Butterkist', NULL, NULL, 'butterkist', NULL, 0, NULL, 0, 0, NULL, NULL, NULL, NULL, NULL, 1, '2019-06-23 06:14:42', '2019-06-23 06:14:42'),
(68, 'Easy Pop', NULL, NULL, 'easy-pop', NULL, 0, NULL, 0, 0, NULL, NULL, NULL, NULL, NULL, 1, '2019-06-23 06:14:43', '2019-06-23 06:14:43'),
(69, 'PENNSTATE', NULL, NULL, 'pennstate', NULL, 0, NULL, 0, 0, NULL, NULL, NULL, NULL, NULL, 1, '2019-06-23 06:14:43', '2019-06-23 06:14:43'),
(70, 'Morrisons', NULL, NULL, 'morrisons', NULL, 0, NULL, 0, 0, NULL, NULL, NULL, NULL, NULL, 1, '2019-06-23 06:14:43', '2019-06-23 06:14:43'),
(71, 'KALLO', NULL, NULL, 'kallo', NULL, 0, NULL, 0, 0, NULL, NULL, NULL, NULL, NULL, 1, '2019-06-23 06:14:43', '2019-06-23 06:14:43'),
(72, 'Domestos', NULL, NULL, 'domestos', NULL, 0, NULL, 0, 0, NULL, NULL, NULL, NULL, NULL, 1, '2019-06-23 06:14:44', '2019-06-23 06:14:44'),
(73, 'HP', NULL, NULL, 'hp', NULL, 0, NULL, 0, 0, NULL, NULL, NULL, NULL, NULL, 1, '2019-06-23 06:14:45', '2019-06-23 06:14:45'),
(74, 'DORITOS', NULL, NULL, 'doritos', NULL, 0, NULL, 0, 0, NULL, NULL, NULL, NULL, NULL, 1, '2019-06-23 06:14:45', '2019-06-23 06:14:45'),
(75, 'Hellmanns', NULL, NULL, 'hellmanns-1', NULL, 0, NULL, 0, 0, NULL, NULL, NULL, NULL, NULL, 1, '2019-06-23 06:14:46', '2019-06-23 06:14:46'),
(76, 'Nandos', NULL, NULL, 'nandos', NULL, 0, NULL, 0, 0, NULL, NULL, NULL, NULL, NULL, 1, '2019-06-23 06:14:46', '2019-06-23 06:14:46'),
(77, 'Natural selection', NULL, NULL, 'natural-selection', NULL, 0, NULL, 0, 0, NULL, NULL, NULL, NULL, NULL, 1, '2019-06-23 06:14:47', '2019-06-23 06:14:47'),
(78, 'Prewetts', NULL, NULL, 'prewetts', NULL, 0, NULL, 0, 0, NULL, NULL, NULL, NULL, NULL, 1, '2019-06-23 06:14:47', '2019-06-23 06:14:47'),
(79, 'Quick Milk', NULL, NULL, 'quick-milk', NULL, 0, NULL, 0, 0, NULL, NULL, NULL, NULL, NULL, 1, '2019-06-23 06:14:47', '2019-06-23 06:14:47'),
(80, 'Dr.moo', NULL, NULL, 'drmoo', NULL, 0, NULL, 0, 0, NULL, NULL, NULL, NULL, NULL, 1, '2019-06-23 06:14:47', '2019-06-23 06:14:47'),
(81, 'Seasame Snaps', NULL, NULL, 'seasame-snaps', NULL, 0, NULL, 0, 0, NULL, NULL, NULL, NULL, NULL, 1, '2019-06-23 06:14:48', '2019-06-23 06:14:48'),
(82, 'PG', NULL, NULL, 'pg', NULL, 0, NULL, 0, 0, NULL, NULL, NULL, NULL, NULL, 1, '2019-06-23 06:17:19', '2019-06-23 06:17:19'),
(83, 'Twining\'s', NULL, NULL, 'twinings', NULL, 0, NULL, 0, 0, NULL, NULL, NULL, NULL, NULL, 1, '2019-06-23 06:17:19', '2019-06-23 06:17:19'),
(84, 'OLD ELPASO', NULL, NULL, 'old-elpaso', NULL, 0, NULL, 0, 0, NULL, NULL, NULL, NULL, NULL, 1, '2019-06-23 06:17:20', '2019-06-23 06:17:20'),
(85, 'PURE', NULL, NULL, 'pure', NULL, 0, NULL, 0, 0, NULL, NULL, NULL, NULL, NULL, 1, '2019-06-23 06:17:20', '2019-06-23 06:17:20'),
(86, 'FLASH', NULL, NULL, 'flash', NULL, 0, NULL, 0, 0, NULL, NULL, NULL, NULL, NULL, 1, '2019-06-23 06:17:20', '2019-06-23 06:17:20'),
(87, 'Listerine', NULL, NULL, 'listerine', NULL, 0, NULL, 0, 0, NULL, NULL, NULL, NULL, NULL, 1, '2019-06-23 06:17:20', '2019-06-23 06:17:20'),
(88, 'Maggi', NULL, NULL, 'maggi', NULL, 0, NULL, 0, 0, NULL, NULL, NULL, NULL, NULL, 1, '2019-06-23 06:17:21', '2019-06-23 06:17:21'),
(89, 'Hershey', NULL, NULL, 'hershey', NULL, 0, NULL, 0, 0, NULL, NULL, NULL, NULL, NULL, 1, '2019-06-23 06:17:22', '2019-06-23 06:17:22'),
(90, 'Knorr', NULL, NULL, 'knorr', NULL, 0, NULL, 0, 0, NULL, NULL, NULL, NULL, NULL, 1, '2019-06-23 06:17:23', '2019-06-23 06:17:23'),
(91, 'Kopiko', NULL, NULL, 'kopiko', NULL, 0, NULL, 0, 0, NULL, NULL, NULL, NULL, NULL, 1, '2019-06-23 06:17:23', '2019-06-23 06:17:23'),
(92, 'Lipton', NULL, NULL, 'lipton', NULL, 0, NULL, 0, 0, NULL, NULL, NULL, NULL, NULL, 1, '2019-06-23 06:17:24', '2019-06-23 06:17:24'),
(93, 'FEBREZE', NULL, NULL, 'febreze', NULL, 0, NULL, 0, 0, NULL, NULL, NULL, NULL, NULL, 1, '2019-06-23 06:17:26', '2019-06-23 06:17:26'),
(94, 'Feroglobin', NULL, NULL, 'feroglobin', NULL, 0, NULL, 0, 0, NULL, NULL, NULL, NULL, NULL, 1, '2019-06-23 06:17:26', '2019-06-23 06:17:26'),
(95, 'Boots', NULL, NULL, 'boots-1', NULL, 0, NULL, 0, 0, NULL, 1, NULL, NULL, NULL, 1, '2019-06-23 06:17:27', '2019-07-20 04:44:51'),
(96, 'Fox\'s', NULL, NULL, 'foxs', NULL, 0, NULL, 0, 0, NULL, NULL, NULL, NULL, NULL, 1, '2019-06-23 06:17:27', '2019-06-23 06:17:27'),
(97, 'Maryland', NULL, NULL, 'maryland', NULL, 0, NULL, 0, 0, NULL, NULL, NULL, NULL, NULL, 1, '2019-06-23 06:17:27', '2019-06-23 06:17:27'),
(98, 'Weetabix', NULL, NULL, 'weetabix', NULL, 0, NULL, 0, 0, NULL, NULL, NULL, NULL, NULL, 1, '2019-06-23 06:17:27', '2019-06-23 06:17:27'),
(99, 'Starbucks', NULL, NULL, 'starbucks', NULL, 0, NULL, 0, 0, NULL, NULL, NULL, NULL, NULL, 1, '2019-06-23 06:17:28', '2019-06-23 06:17:28'),
(100, 'Tic Tac', NULL, NULL, 'tic-tac', NULL, 0, NULL, 0, 0, NULL, NULL, NULL, NULL, NULL, 1, '2019-06-23 06:17:28', '2019-06-23 06:17:28'),
(101, 'Wrigleys', NULL, NULL, 'wrigleys', NULL, 0, NULL, 0, 0, NULL, NULL, NULL, NULL, NULL, 1, '2019-06-23 06:17:29', '2019-06-23 06:17:29'),
(102, 'Daim', NULL, NULL, 'daim', NULL, 0, NULL, 0, 0, NULL, NULL, NULL, NULL, NULL, 1, '2019-06-23 06:17:29', '2019-06-23 06:17:29'),
(103, 'Vaseline', NULL, NULL, 'vaseline', NULL, 0, NULL, 0, 0, NULL, NULL, NULL, NULL, NULL, 1, '2019-06-23 06:17:30', '2019-06-23 06:17:30'),
(104, 'Marchant Gourment', NULL, NULL, 'marchant-gourment', NULL, 0, NULL, 0, 0, NULL, NULL, NULL, NULL, NULL, 1, '2019-06-23 06:17:31', '2019-06-23 06:17:31'),
(105, 'SAINSBURY', NULL, NULL, 'sainsbury', NULL, 0, NULL, 0, 0, NULL, NULL, NULL, NULL, NULL, 1, '2019-06-23 06:17:31', '2019-06-23 06:17:31'),
(106, 'Kiwi', NULL, NULL, 'kiwi', NULL, 0, NULL, 0, 0, NULL, NULL, NULL, NULL, NULL, 1, '2019-06-23 06:17:33', '2019-06-23 06:17:33'),
(107, 'Truvia', NULL, NULL, 'truvia', NULL, 0, NULL, 0, 0, NULL, NULL, NULL, NULL, NULL, 1, '2019-06-23 06:17:35', '2019-06-23 06:17:35'),
(108, 'Old El Paso', NULL, NULL, 'old-el-paso', NULL, 0, NULL, 0, 0, NULL, NULL, NULL, NULL, NULL, 1, '2019-06-23 06:17:35', '2019-06-23 06:17:35'),
(109, 'Aquafresh', NULL, NULL, 'aquafresh', NULL, 0, NULL, 0, 0, NULL, NULL, NULL, NULL, NULL, 1, '2019-06-23 06:17:35', '2019-06-23 06:17:35'),
(110, 'Oral-B', NULL, NULL, 'oral-b', NULL, 0, NULL, 0, 0, NULL, NULL, NULL, NULL, NULL, 1, '2019-06-23 06:17:35', '2019-06-23 06:17:35'),
(111, 'Colgate', NULL, NULL, 'colgate', NULL, 0, NULL, 0, 0, NULL, NULL, NULL, NULL, NULL, 1, '2019-06-23 06:17:36', '2019-06-23 06:17:36'),
(112, 'Sensodyne', NULL, NULL, 'sensodyne', NULL, 0, NULL, 0, 0, NULL, NULL, NULL, NULL, NULL, 1, '2019-06-23 06:17:36', '2019-06-23 06:17:36'),
(113, 'Loreal', NULL, NULL, 'loreal', NULL, 0, NULL, 0, 0, NULL, NULL, NULL, NULL, NULL, 1, '2019-06-23 06:17:37', '2019-06-23 06:17:37'),
(114, 'Immunace', NULL, NULL, 'immunace', NULL, 0, NULL, 0, 0, NULL, NULL, NULL, NULL, NULL, 1, '2019-06-23 06:17:38', '2019-06-23 06:17:38'),
(115, 'Extra', NULL, NULL, 'extra', NULL, 0, NULL, 0, 0, NULL, NULL, NULL, NULL, NULL, 1, '2019-06-23 06:17:40', '2019-06-23 06:17:40'),
(116, 'Haribo', NULL, NULL, 'haribo', NULL, 0, NULL, 0, 0, NULL, NULL, NULL, NULL, NULL, 1, '2019-06-23 06:17:41', '2019-06-23 06:17:41'),
(117, 'John West', NULL, NULL, 'john-west', NULL, 0, NULL, 0, 0, NULL, NULL, NULL, NULL, NULL, 1, '2019-06-23 06:17:43', '2019-06-23 06:17:43'),
(118, 'Lavazza', NULL, NULL, 'lavazza', NULL, 0, NULL, 0, 0, NULL, NULL, NULL, NULL, NULL, 1, '2019-06-23 06:17:46', '2019-06-23 06:17:46'),
(119, 'Ritz', NULL, NULL, 'ritz', NULL, 0, NULL, 0, 0, NULL, NULL, NULL, NULL, NULL, 1, '2019-06-23 06:17:49', '2019-06-23 06:17:49'),
(120, 'Ruby', NULL, NULL, 'ruby', NULL, 0, NULL, 0, 0, NULL, NULL, NULL, NULL, NULL, 1, '2019-06-23 06:17:49', '2019-06-23 06:17:49'),
(121, 'Snack a jacks', NULL, NULL, 'snack-a-jacks', NULL, 0, NULL, 0, 0, NULL, NULL, NULL, NULL, NULL, 1, '2019-06-23 06:17:50', '2019-06-23 06:17:50'),
(122, 'Veggi', NULL, NULL, 'veggi', NULL, 0, NULL, 0, 0, NULL, NULL, NULL, NULL, NULL, 1, '2019-06-23 06:17:54', '2019-06-23 06:17:54'),
(123, 'WERTHERS', NULL, NULL, 'werthers', NULL, 0, NULL, 0, 0, NULL, 1, NULL, NULL, NULL, 1, '2019-06-23 06:17:55', '2019-06-24 10:19:16'),
(124, 'Mama Noodles', NULL, NULL, 'mama-noodles', NULL, 0, NULL, 0, 0, 1, NULL, NULL, NULL, NULL, 1, '2019-06-27 05:59:20', '2019-06-27 05:59:20'),
(125, 'Cuticura', NULL, NULL, 'cuticura1', NULL, 0, NULL, 0, 0, 1, NULL, NULL, NULL, NULL, 1, '2019-08-17 15:02:42', '2019-08-17 15:02:42'),
(126, 'Saxa', NULL, NULL, 'saxa', NULL, 0, NULL, 0, 0, 1, NULL, NULL, NULL, NULL, 1, '2019-10-31 13:53:16', '2019-10-31 13:53:16'),
(127, 'Ocado', NULL, NULL, 'ocado1', NULL, 0, NULL, 0, 0, 1, NULL, NULL, NULL, NULL, 1, '2019-11-21 11:57:57', '2019-11-21 11:57:57'),
(128, 'Alesto', NULL, NULL, 'alesto', NULL, 0, NULL, 0, 0, 1, NULL, NULL, NULL, NULL, 1, '2019-11-27 00:53:44', '2019-11-27 00:53:44'),
(129, 'Batchelors', NULL, NULL, 'batchelors1', NULL, 0, NULL, 0, 0, 1, NULL, NULL, NULL, NULL, 1, '2019-11-27 18:08:48', '2019-11-27 18:08:48'),
(130, 'Gullon', NULL, NULL, 'gullon-1', NULL, 0, NULL, 0, 0, 1, NULL, NULL, NULL, NULL, 1, '2019-12-07 19:15:50', '2019-12-07 19:15:50'),
(131, 'Aah', NULL, NULL, 'aah', NULL, 0, NULL, 0, 0, 1, NULL, NULL, NULL, NULL, 1, '2019-12-19 22:10:47', '2019-12-19 22:10:47'),
(132, 'Toblerone', NULL, NULL, 'toblerone', NULL, 0, NULL, 0, 0, 1, NULL, NULL, NULL, NULL, 1, '2019-12-20 00:48:18', '2019-12-20 00:48:18'),
(133, 'Chupa Chups', NULL, NULL, 'chupa-chups', NULL, 0, NULL, 0, 0, 1, NULL, NULL, NULL, NULL, 1, '2019-12-20 00:51:22', '2019-12-20 00:51:22'),
(134, 'Splenda', NULL, NULL, 'splenda', NULL, 0, NULL, 0, 0, 1, NULL, NULL, NULL, NULL, 1, '2019-12-20 01:03:31', '2019-12-20 01:03:31'),
(135, 'Chap Stick', NULL, NULL, 'chap-stick', NULL, 0, NULL, 0, 0, 1, NULL, NULL, NULL, NULL, 1, '2019-12-20 01:11:15', '2019-12-20 01:11:15'),
(136, 'Arden & Amici', NULL, NULL, 'arden-amici', NULL, 0, NULL, 0, 0, 1, NULL, NULL, NULL, NULL, 1, '2019-12-23 20:15:43', '2019-12-23 20:15:43');

-- --------------------------------------------------------

--
-- Table structure for table `categories`
--

CREATE TABLE `categories` (
  `id` int(10) UNSIGNED NOT NULL,
  `parent_id` int(10) UNSIGNED NOT NULL DEFAULT '0',
  `title` varchar(191) NOT NULL,
  `description` text,
  `image` varchar(191) DEFAULT NULL,
  `fav_icon` varchar(191) DEFAULT NULL,
  `image_gallery` varchar(150) DEFAULT NULL,
  `color_code` varchar(191) DEFAULT NULL,
  `priority` int(11) DEFAULT NULL,
  `slug` varchar(191) NOT NULL,
  `views` int(10) UNSIGNED NOT NULL DEFAULT '0',
  `total_posts` int(10) UNSIGNED NOT NULL DEFAULT '0',
  `total_products` int(10) UNSIGNED NOT NULL DEFAULT '0',
  `is_featured` int(10) UNSIGNED NOT NULL DEFAULT '0',
  `seo_title` varchar(191) DEFAULT NULL,
  `meta_key` text,
  `meta_description` text,
  `created_by` int(10) UNSIGNED DEFAULT NULL,
  `modified_by` int(10) UNSIGNED DEFAULT NULL,
  `status` tinyint(4) NOT NULL DEFAULT '2' COMMENT '1=active, 2=pending, 3=cancel',
  `created_at` timestamp NULL DEFAULT NULL,
  `updated_at` timestamp NULL DEFAULT NULL
) ENGINE=InnoDB DEFAULT CHARSET=utf8;

--
-- Dumping data for table `categories`
--

INSERT INTO `categories` (`id`, `parent_id`, `title`, `description`, `image`, `fav_icon`, `image_gallery`, `color_code`, `priority`, `slug`, `views`, `total_posts`, `total_products`, `is_featured`, `seo_title`, `meta_key`, `meta_description`, `created_by`, `modified_by`, `status`, `created_at`, `updated_at`) VALUES
(26, 0, 'Food Cupboard', NULL, '1552972687.image-_28444_29.png', '1552972687.image-_28444_29.png', NULL, '#ff0000', 1, 'food-cupboard', 0, 0, 99, 1, NULL, NULL, NULL, 1, 1, 1, '2019-06-19 07:31:50', '2019-10-29 10:56:45'),
(27, 0, 'Sauces, Marinades & Dressings', NULL, '1552973633.512x512huty.png', '1552973633.512x512huty.png', NULL, NULL, 5, 'sauces-marinades-dressings', 0, 0, 42, 1, NULL, NULL, NULL, 1, 1, 1, '2019-06-19 07:36:16', '2019-12-19 21:49:26'),
(28, 0, 'Spices, Herbs & Seasonings', NULL, '1555325977.image-_282_29.jpg', '1555325977.image-_282_29.jpg', NULL, NULL, 30, 'spices-herbs-seasonings', 0, 0, 48, 1, NULL, NULL, NULL, 1, 1, 1, '2019-06-19 08:22:34', '2019-12-19 23:05:26'),
(29, 0, 'Baking', NULL, 'image.png', '1552825121.baking.png', NULL, NULL, 40, 'baking', 0, 1, 1, 1, NULL, NULL, NULL, 1, 1, 1, '2019-06-19 08:23:34', '2020-01-01 17:13:23'),
(30, 0, 'Tea, Coffee & Chocolate Drinks', NULL, '1555486096.green-tea.png', '1555486096.green-tea.png', NULL, NULL, 50, 'tea-coffee-chocolate-drinks', 0, 0, 18, 1, NULL, NULL, NULL, 1, 1, 1, '2019-06-19 08:24:08', '2019-12-24 02:11:35'),
(31, 0, 'Health and Hygiene', NULL, '1552977911.indexdsas.png', '1552977911.indexdsas.png', NULL, NULL, 60, 'health-and-hygiene', 0, 0, 6, 1, NULL, NULL, NULL, 1, 1, 1, '2019-06-19 08:24:38', '2019-12-24 02:03:46'),
(32, 0, 'Household', NULL, '1552823952.household.png', '1552823952.household.png', NULL, NULL, 70, 'household', 0, 0, 3, 1, NULL, NULL, NULL, 1, 1, 1, '2019-06-19 08:25:26', '2019-11-21 12:48:37'),
(37, 0, 'Biscuit Twists', NULL, NULL, NULL, NULL, NULL, NULL, 'biscuit-twists', 0, 0, 0, 0, NULL, NULL, NULL, NULL, NULL, 2, '2019-06-23 06:14:25', '2019-06-23 06:14:25'),
(39, 0, 'Cake Mix', NULL, NULL, NULL, NULL, NULL, NULL, 'cake-mix', 0, 0, 0, 0, NULL, NULL, NULL, NULL, NULL, 2, '2019-06-23 06:14:28', '2019-06-23 06:14:28'),
(42, 0, 'Chocolates and Candies', NULL, NULL, NULL, NULL, NULL, NULL, 'chocolates-and-candies', 0, 0, 0, 0, NULL, NULL, NULL, NULL, NULL, 2, '2019-06-23 06:14:29', '2019-06-23 06:14:29'),
(44, 0, 'Cereal Bars', NULL, NULL, NULL, NULL, NULL, NULL, 'cereal-bars', 0, 0, 0, 0, NULL, NULL, NULL, NULL, NULL, 2, '2019-06-23 06:14:29', '2019-06-23 06:14:29'),
(45, 0, 'Mints and Chewing Gums', NULL, NULL, NULL, NULL, NULL, NULL, 'mints-and-chewing-gums', 0, 0, 0, 0, NULL, NULL, NULL, NULL, NULL, 2, '2019-06-23 06:14:31', '2019-06-23 06:14:31'),
(46, 0, 'Chewing Gum', NULL, NULL, NULL, NULL, NULL, NULL, 'chewing-gum', 0, 0, 0, 0, NULL, NULL, NULL, NULL, NULL, 2, '2019-06-23 06:14:31', '2019-06-23 06:14:31'),
(48, 0, 'Cooking Chocolate', NULL, NULL, NULL, NULL, NULL, NULL, 'cooking-chocolate', 0, 0, 0, 0, NULL, NULL, NULL, NULL, NULL, 2, '2019-06-23 06:14:32', '2019-06-23 06:14:32'),
(52, 0, 'Crackers', NULL, NULL, NULL, NULL, NULL, NULL, 'crackers', 0, 0, 0, 0, NULL, NULL, NULL, NULL, NULL, 2, '2019-06-23 06:14:38', '2019-06-23 06:14:38'),
(54, 0, 'Dried Fruits', NULL, NULL, NULL, NULL, NULL, NULL, 'dried-fruits', 0, 0, 0, 0, NULL, NULL, NULL, NULL, NULL, 2, '2019-06-23 06:14:38', '2019-06-23 06:14:38'),
(57, 0, 'Juice', NULL, NULL, NULL, NULL, NULL, NULL, 'juice', 0, 0, 0, 0, NULL, NULL, NULL, NULL, NULL, 2, '2019-06-23 06:14:40', '2019-06-23 06:14:40'),
(60, 0, 'Hot Chocolate/ Chocolate Drink', NULL, NULL, NULL, NULL, NULL, NULL, 'hot-chocolate-chocolate-drink', 0, 0, 0, 0, NULL, NULL, NULL, NULL, NULL, 2, '2019-06-23 06:14:41', '2019-06-23 06:14:41'),
(62, 0, 'Noodles', NULL, NULL, NULL, NULL, NULL, NULL, 'noodles', 0, 0, 0, 0, NULL, NULL, NULL, NULL, NULL, 2, '2019-06-23 06:14:41', '2019-06-23 06:14:41'),
(63, 0, 'Nuts', NULL, NULL, NULL, NULL, NULL, NULL, 'nuts', 0, 0, 1, 0, NULL, NULL, NULL, NULL, NULL, 2, '2019-06-23 06:14:42', '2019-11-27 00:53:22'),
(65, 0, 'Pasta', NULL, NULL, NULL, NULL, NULL, NULL, 'pasta', 0, 0, 0, 0, NULL, NULL, NULL, NULL, NULL, 2, '2019-06-23 06:14:42', '2019-06-23 06:14:42'),
(66, 0, 'Peanut Butter', NULL, NULL, NULL, NULL, NULL, NULL, 'peanut-butter', 0, 0, 0, 0, NULL, NULL, NULL, NULL, NULL, 2, '2019-06-23 06:14:42', '2019-06-23 06:14:42'),
(67, 0, 'Pet Food', NULL, '1552973065.pet-food_1.png', '1552973065.pet-food_1.png', NULL, NULL, NULL, 'pet-food', 0, 0, 0, 0, NULL, NULL, NULL, NULL, 1, 2, '2019-06-23 06:14:42', '2019-06-24 08:20:03'),
(68, 0, 'Popcorn', NULL, NULL, NULL, NULL, NULL, NULL, 'popcorn', 0, 0, 0, 0, NULL, NULL, NULL, NULL, NULL, 2, '2019-06-23 06:14:43', '2019-06-23 06:14:43'),
(69, 0, 'Crisps/Pretzels', NULL, NULL, NULL, NULL, NULL, NULL, 'crispspretzels', 0, 0, 0, 0, NULL, NULL, NULL, NULL, NULL, 2, '2019-06-23 06:14:43', '2019-06-23 06:14:43'),
(72, 0, 'Sauce', NULL, NULL, NULL, NULL, NULL, NULL, 'sauce', 0, 0, 0, 0, NULL, NULL, NULL, NULL, NULL, 2, '2019-06-23 06:14:44', '2019-06-23 06:14:44'),
(73, 0, 'Salad Dressings', NULL, NULL, NULL, NULL, NULL, NULL, 'salad-dressings', 0, 0, 0, 0, NULL, NULL, NULL, NULL, NULL, 2, '2019-06-23 06:14:45', '2019-06-23 06:14:45'),
(74, 0, 'Sauce Salsa', NULL, NULL, NULL, NULL, NULL, NULL, 'sauce-salsa', 0, 0, 0, 0, NULL, NULL, NULL, NULL, NULL, 2, '2019-06-23 06:14:45', '2019-06-23 06:14:45'),
(75, 0, 'Mayonnaise', NULL, NULL, NULL, NULL, NULL, NULL, 'mayonnaise', 0, 0, 0, 0, NULL, NULL, NULL, NULL, NULL, 2, '2019-06-23 06:14:46', '2019-06-23 06:14:46'),
(77, 0, 'Seeds', NULL, NULL, NULL, NULL, NULL, NULL, 'seeds', 0, 0, 1, 0, NULL, NULL, NULL, NULL, NULL, 2, '2019-06-23 06:14:46', '2019-11-21 11:32:28'),
(78, 0, 'Sipper Straw', NULL, NULL, NULL, NULL, NULL, NULL, 'sipper-straw', 0, 0, 0, 0, NULL, NULL, NULL, NULL, NULL, 2, '2019-06-23 06:14:47', '2019-06-23 06:14:47'),
(79, 0, 'Spices', NULL, NULL, NULL, NULL, NULL, NULL, 'spices', 0, 0, 0, 0, NULL, NULL, NULL, NULL, NULL, 2, '2019-06-23 06:14:48', '2019-06-23 06:14:48'),
(84, 0, 'Oat Cookie', NULL, NULL, NULL, NULL, NULL, NULL, 'oat-cookie', 0, 0, 0, 0, NULL, NULL, NULL, NULL, NULL, 2, '2019-06-23 06:17:22', '2019-06-23 06:17:22'),
(86, 0, 'Wipes', NULL, NULL, NULL, NULL, NULL, NULL, 'wipes', 0, 0, 0, 0, NULL, NULL, NULL, NULL, NULL, 2, '2019-06-23 06:17:22', '2019-06-23 06:17:22'),
(87, 0, ' Brushes and Mops', NULL, NULL, NULL, NULL, NULL, NULL, 'brushes-and-mops', 0, 0, 0, 0, NULL, NULL, NULL, NULL, NULL, 2, '2019-06-23 06:17:22', '2019-06-23 06:17:22'),
(89, 0, 'Chocolates & Candies', NULL, NULL, NULL, NULL, NULL, NULL, 'chocolates-candies', 0, 0, 0, 0, NULL, NULL, NULL, NULL, NULL, 2, '2019-06-23 06:17:24', '2019-06-23 06:17:24'),
(94, 0, 'Cake Decoration', NULL, NULL, NULL, NULL, NULL, NULL, 'cake-decoration', 0, 0, 0, 0, NULL, NULL, NULL, NULL, NULL, 2, '2019-06-23 06:17:28', '2019-06-23 06:17:28'),
(106, 0, 'Rice Cake', NULL, NULL, NULL, NULL, NULL, NULL, 'rice-cake', 0, 0, 0, 0, NULL, NULL, NULL, NULL, NULL, 2, '2019-06-23 06:17:32', '2019-06-23 06:17:32'),
(108, 0, 'Snack Bar', NULL, NULL, NULL, NULL, NULL, NULL, 'snack-bar', 0, 0, 0, 0, NULL, NULL, NULL, NULL, NULL, 2, '2019-06-23 06:17:33', '2019-06-23 06:17:33'),
(109, 0, 'Spaghetti', NULL, NULL, NULL, NULL, NULL, NULL, 'spaghetti', 0, 0, 0, 0, NULL, NULL, NULL, NULL, NULL, 2, '2019-06-23 06:17:34', '2019-06-23 06:17:34'),
(111, 0, 'TACO SHELL', NULL, NULL, NULL, NULL, NULL, NULL, 'taco-shell', 0, 0, 0, 0, NULL, NULL, NULL, NULL, NULL, 2, '2019-06-23 06:17:35', '2019-06-23 06:17:35'),
(112, 0, 'Tooth Brush', NULL, NULL, NULL, NULL, NULL, NULL, 'tooth-brush', 0, 0, 4, 0, NULL, NULL, NULL, NULL, NULL, 2, '2019-06-23 06:17:35', '2019-09-07 18:42:03'),
(113, 0, 'Tooth Paste', NULL, NULL, NULL, NULL, NULL, NULL, 'tooth-paste', 0, 0, 4, 0, NULL, NULL, NULL, NULL, NULL, 2, '2019-06-23 06:17:36', '2019-11-04 14:19:03'),
(127, 0, 'Air Freshner', NULL, NULL, NULL, NULL, NULL, NULL, 'air-freshner', 0, 0, 0, 0, NULL, NULL, NULL, NULL, NULL, 2, '2019-06-25 12:10:48', '2019-06-25 12:10:48'),
(128, 0, 'Car air freshener', NULL, NULL, NULL, NULL, NULL, NULL, 'car-air-freshener', 0, 0, 1, 0, NULL, NULL, NULL, NULL, NULL, 2, '2019-06-25 12:10:50', '2019-07-28 07:04:39'),
(129, 0, 'Room air freshener', NULL, NULL, NULL, NULL, NULL, NULL, 'room-air-freshener', 0, 0, 0, 0, NULL, NULL, NULL, NULL, NULL, 2, '2019-06-25 12:10:50', '2019-06-25 12:10:50'),
(130, 0, 'Face Scrub', NULL, NULL, NULL, NULL, NULL, NULL, 'face-scrub', 0, 0, 0, 0, NULL, NULL, NULL, NULL, NULL, 2, '2019-06-25 12:10:51', '2019-06-25 12:10:51'),
(132, 0, 'Dried Fruits, Seeds and Nuts', NULL, 'nut_are_healthy.jpg', 'nut_are_healthy.jpg', NULL, NULL, 2, 'seeds-and-nuts', 0, 0, 11, 1, NULL, NULL, NULL, 1, 1, 1, '2019-10-29 11:02:34', '2019-11-27 00:53:22'),
(133, 0, 'Herb & Spice', NULL, '0215214432019255102a.png', '0215214432019255102a.png', NULL, NULL, 3, 'herb-spice', 0, 0, 0, 1, NULL, NULL, NULL, 1, 1, 2, '2019-10-29 11:10:13', '2019-11-18 15:25:24');

-- --------------------------------------------------------

--
-- Table structure for table `categoryables`
--

CREATE TABLE `categoryables` (
  `id` int(10) UNSIGNED NOT NULL,
  `category_id` int(10) UNSIGNED NOT NULL,
  `categoryable_id` int(10) UNSIGNED NOT NULL,
  `categoryable_type` varchar(191) NOT NULL,
  `created_at` timestamp NULL DEFAULT NULL,
  `updated_at` timestamp NULL DEFAULT NULL
) ENGINE=InnoDB DEFAULT CHARSET=utf8;

--
-- Dumping data for table `categoryables`
--

INSERT INTO `categoryables` (`id`, `category_id`, `categoryable_id`, `categoryable_type`, `created_at`, `updated_at`) VALUES
(11, 4, 8, 'App\\Model\\Common\\Product', '2019-05-20 05:42:50', '2019-05-20 05:42:50'),
(67, 38, 8, 'App\\Model\\Common\\Product', NULL, NULL),
(73, 38, 14, 'App\\Model\\Common\\Product', '2019-12-07 17:08:43', '2019-12-07 17:08:43'),
(107, 44, 48, 'App\\Model\\Common\\Product', NULL, NULL),
(132, 45, 73, 'App\\Model\\Common\\Product', NULL, NULL),
(142, 47, 83, 'App\\Model\\Common\\Product', NULL, NULL),
(178, 51, 119, 'App\\Model\\Common\\Product', '2019-09-25 13:34:23', '2019-09-25 13:34:23'),
(214, 59, 155, 'App\\Model\\Common\\Product', NULL, NULL),
(217, 61, 158, 'App\\Model\\Common\\Product', NULL, NULL),
(247, 73, 188, 'App\\Model\\Common\\Product', NULL, NULL),
(248, 73, 189, 'App\\Model\\Common\\Product', NULL, NULL),
(265, 77, 206, 'App\\Model\\Common\\Product', NULL, NULL),
(288, 38, 8, 'App\\Model\\Common\\Product', NULL, NULL),
(294, 38, 14, 'App\\Model\\Common\\Product', '2019-12-07 17:08:43', '2019-12-07 17:08:43'),
(328, 44, 48, 'App\\Model\\Common\\Product', NULL, NULL),
(353, 45, 73, 'App\\Model\\Common\\Product', NULL, NULL),
(363, 47, 83, 'App\\Model\\Common\\Product', NULL, NULL),
(399, 51, 119, 'App\\Model\\Common\\Product', '2019-09-25 13:34:23', '2019-09-25 13:34:23'),
(435, 59, 155, 'App\\Model\\Common\\Product', NULL, NULL),
(438, 61, 158, 'App\\Model\\Common\\Product', NULL, NULL),
(468, 73, 188, 'App\\Model\\Common\\Product', NULL, NULL),
(469, 73, 189, 'App\\Model\\Common\\Product', NULL, NULL),
(486, 77, 206, 'App\\Model\\Common\\Product', NULL, NULL),
(518, 81, 238, 'App\\Model\\Common\\Product', NULL, NULL),
(539, 62, 259, 'App\\Model\\Common\\Product', NULL, NULL),
(541, 62, 261, 'App\\Model\\Common\\Product', NULL, NULL),
(543, 62, 263, 'App\\Model\\Common\\Product', NULL, NULL),
(548, 86, 267, 'App\\Model\\Common\\Product', NULL, NULL),
(549, 87, 267, 'App\\Model\\Common\\Product', NULL, NULL),
(551, 47, 269, 'App\\Model\\Common\\Product', NULL, NULL),
(553, 88, 271, 'App\\Model\\Common\\Product', NULL, NULL),
(555, 47, 273, 'App\\Model\\Common\\Product', NULL, NULL),
(558, 47, 276, 'App\\Model\\Common\\Product', NULL, NULL),
(560, 47, 278, 'App\\Model\\Common\\Product', NULL, NULL),
(562, 47, 280, 'App\\Model\\Common\\Product', NULL, NULL),
(568, 81, 286, 'App\\Model\\Common\\Product', NULL, NULL),
(570, 48, 288, 'App\\Model\\Common\\Product', NULL, NULL),
(572, 48, 290, 'App\\Model\\Common\\Product', NULL, NULL),
(574, 81, 292, 'App\\Model\\Common\\Product', NULL, NULL),
(578, 90, 296, 'App\\Model\\Common\\Product', NULL, NULL),
(579, 90, 297, 'App\\Model\\Common\\Product', NULL, NULL),
(580, 90, 298, 'App\\Model\\Common\\Product', NULL, NULL),
(581, 91, 299, 'App\\Model\\Common\\Product', NULL, NULL),
(583, 92, 301, 'App\\Model\\Common\\Product', NULL, NULL),
(594, 38, 312, 'App\\Model\\Common\\Product', '2019-09-17 16:30:47', '2019-09-17 16:30:47'),
(597, 94, 315, 'App\\Model\\Common\\Product', NULL, NULL),
(607, 51, 325, 'App\\Model\\Common\\Product', NULL, NULL),
(615, 100, 333, 'App\\Model\\Common\\Product', NULL, NULL),
(617, 101, 335, 'App\\Model\\Common\\Product', NULL, NULL),
(618, 72, 336, 'App\\Model\\Common\\Product', NULL, NULL),
(622, 105, 340, 'App\\Model\\Common\\Product', NULL, NULL),
(624, 105, 342, 'App\\Model\\Common\\Product', NULL, NULL),
(625, 106, 343, 'App\\Model\\Common\\Product', NULL, NULL),
(627, 106, 345, 'App\\Model\\Common\\Product', NULL, NULL),
(628, 72, 346, 'App\\Model\\Common\\Product', NULL, NULL),
(629, 72, 347, 'App\\Model\\Common\\Product', NULL, NULL),
(673, 36, 391, 'App\\Model\\Common\\Product', '2019-10-31 14:48:54', '2019-10-31 14:48:54'),
(682, 39, 400, 'App\\Model\\Common\\Product', NULL, NULL),
(710, 72, 428, 'App\\Model\\Common\\Product', NULL, NULL),
(717, 75, 435, 'App\\Model\\Common\\Product', '2019-06-27 04:35:01', '2019-06-27 04:35:01'),
(725, 38, 443, 'App\\Model\\Common\\Product', NULL, NULL),
(747, 88, 465, 'App\\Model\\Common\\Product', NULL, NULL),
(748, 88, 466, 'App\\Model\\Common\\Product', NULL, NULL),
(758, 48, 476, 'App\\Model\\Common\\Product', '2019-06-26 11:34:03', '2019-06-26 11:34:03'),
(777, 70, 495, 'App\\Model\\Common\\Product', NULL, NULL),
(801, 53, 519, 'App\\Model\\Common\\Product', NULL, NULL),
(804, 51, 522, 'App\\Model\\Common\\Product', NULL, NULL),
(818, 95, 536, 'App\\Model\\Common\\Product', NULL, NULL),
(830, 38, 548, 'App\\Model\\Common\\Product', NULL, NULL),
(833, 34, 551, 'App\\Model\\Common\\Product', '2019-10-17 07:36:06', '2019-10-17 07:36:06'),
(834, 34, 552, 'App\\Model\\Common\\Product', '2019-12-01 02:34:32', '2019-12-01 02:34:32'),
(835, 73, 553, 'App\\Model\\Common\\Product', NULL, NULL),
(837, 81, 555, 'App\\Model\\Common\\Product', '2019-09-24 16:41:15', '2019-09-24 16:41:15'),
(846, 49, 564, 'App\\Model\\Common\\Product', '2019-06-25 11:58:21', '2019-06-25 11:58:21'),
(847, 47, 565, 'App\\Model\\Common\\Product', '2019-12-01 03:51:54', '2019-12-01 03:51:54'),
(862, 38, 8, 'App\\Model\\Common\\Product', NULL, NULL),
(868, 38, 14, 'App\\Model\\Common\\Product', '2019-12-07 17:08:43', '2019-12-07 17:08:43'),
(902, 44, 48, 'App\\Model\\Common\\Product', NULL, NULL),
(927, 45, 73, 'App\\Model\\Common\\Product', NULL, NULL),
(937, 47, 83, 'App\\Model\\Common\\Product', NULL, NULL),
(973, 51, 119, 'App\\Model\\Common\\Product', '2019-09-25 13:34:23', '2019-09-25 13:34:23'),
(1009, 59, 155, 'App\\Model\\Common\\Product', NULL, NULL),
(1012, 61, 158, 'App\\Model\\Common\\Product', NULL, NULL),
(1042, 73, 188, 'App\\Model\\Common\\Product', NULL, NULL),
(1043, 73, 189, 'App\\Model\\Common\\Product', NULL, NULL),
(1060, 77, 206, 'App\\Model\\Common\\Product', NULL, NULL),
(1092, 81, 238, 'App\\Model\\Common\\Product', NULL, NULL),
(1113, 62, 259, 'App\\Model\\Common\\Product', NULL, NULL),
(1115, 62, 261, 'App\\Model\\Common\\Product', NULL, NULL),
(1117, 62, 263, 'App\\Model\\Common\\Product', NULL, NULL),
(1122, 86, 267, 'App\\Model\\Common\\Product', NULL, NULL),
(1123, 87, 267, 'App\\Model\\Common\\Product', NULL, NULL),
(1125, 47, 269, 'App\\Model\\Common\\Product', NULL, NULL),
(1127, 88, 271, 'App\\Model\\Common\\Product', NULL, NULL),
(1129, 47, 273, 'App\\Model\\Common\\Product', NULL, NULL),
(1132, 47, 276, 'App\\Model\\Common\\Product', NULL, NULL),
(1134, 47, 278, 'App\\Model\\Common\\Product', NULL, NULL),
(1136, 47, 280, 'App\\Model\\Common\\Product', NULL, NULL),
(1142, 81, 286, 'App\\Model\\Common\\Product', NULL, NULL),
(1144, 48, 288, 'App\\Model\\Common\\Product', NULL, NULL),
(1146, 48, 290, 'App\\Model\\Common\\Product', NULL, NULL),
(1148, 81, 292, 'App\\Model\\Common\\Product', NULL, NULL),
(1152, 128, 296, 'App\\Model\\Common\\Product', NULL, NULL),
(1153, 128, 297, 'App\\Model\\Common\\Product', NULL, NULL),
(1154, 128, 298, 'App\\Model\\Common\\Product', NULL, NULL),
(1155, 129, 299, 'App\\Model\\Common\\Product', NULL, NULL),
(1157, 92, 301, 'App\\Model\\Common\\Product', NULL, NULL),
(1168, 38, 312, 'App\\Model\\Common\\Product', '2019-09-17 16:30:47', '2019-09-17 16:30:47'),
(1171, 94, 315, 'App\\Model\\Common\\Product', NULL, NULL),
(1181, 51, 325, 'App\\Model\\Common\\Product', NULL, NULL),
(1189, 100, 333, 'App\\Model\\Common\\Product', NULL, NULL),
(1191, 101, 335, 'App\\Model\\Common\\Product', NULL, NULL),
(1192, 72, 336, 'App\\Model\\Common\\Product', NULL, NULL),
(1196, 105, 340, 'App\\Model\\Common\\Product', NULL, NULL),
(1198, 105, 342, 'App\\Model\\Common\\Product', NULL, NULL),
(1199, 106, 343, 'App\\Model\\Common\\Product', NULL, NULL),
(1201, 106, 345, 'App\\Model\\Common\\Product', NULL, NULL),
(1202, 72, 346, 'App\\Model\\Common\\Product', NULL, NULL),
(1203, 72, 347, 'App\\Model\\Common\\Product', NULL, NULL),
(1256, 39, 400, 'App\\Model\\Common\\Product', NULL, NULL),
(1284, 72, 428, 'App\\Model\\Common\\Product', NULL, NULL),
(1291, 75, 435, 'App\\Model\\Common\\Product', '2019-06-27 04:35:01', '2019-06-27 04:35:01'),
(1299, 38, 443, 'App\\Model\\Common\\Product', NULL, NULL),
(1321, 88, 465, 'App\\Model\\Common\\Product', NULL, NULL),
(1322, 88, 466, 'App\\Model\\Common\\Product', NULL, NULL),
(1332, 48, 476, 'App\\Model\\Common\\Product', '2019-06-26 11:34:03', '2019-06-26 11:34:03'),
(1351, 70, 495, 'App\\Model\\Common\\Product', NULL, NULL),
(1375, 53, 519, 'App\\Model\\Common\\Product', NULL, NULL),
(1378, 51, 522, 'App\\Model\\Common\\Product', NULL, NULL),
(1392, 95, 536, 'App\\Model\\Common\\Product', NULL, NULL),
(1404, 38, 548, 'App\\Model\\Common\\Product', NULL, NULL),
(1407, 34, 551, 'App\\Model\\Common\\Product', '2019-10-17 07:36:06', '2019-10-17 07:36:06'),
(1408, 34, 552, 'App\\Model\\Common\\Product', '2019-12-01 02:34:32', '2019-12-01 02:34:32'),
(1409, 73, 553, 'App\\Model\\Common\\Product', NULL, NULL),
(1411, 81, 555, 'App\\Model\\Common\\Product', '2019-09-24 16:41:15', '2019-09-24 16:41:15'),
(1420, 49, 564, 'App\\Model\\Common\\Product', NULL, NULL),
(1421, 47, 565, 'App\\Model\\Common\\Product', '2019-12-01 03:51:54', '2019-12-01 03:51:54'),
(1429, 47, 462, 'App\\Model\\Common\\Product', '2019-12-01 03:46:53', '2019-12-01 03:46:53'),
(1431, 34, 341, 'App\\Model\\Common\\Product', '2019-09-11 11:55:33', '2019-09-11 11:55:33'),
(1432, 34, 3, 'App\\Model\\Common\\Blog', '2019-07-10 05:48:21', '2019-07-10 05:48:21'),
(1433, 56, 3, 'App\\Model\\Common\\Blog', '2019-07-10 05:48:21', '2019-07-10 05:48:21'),
(1435, 40, 1, 'App\\Model\\Common\\Blog', '2019-07-10 05:48:48', '2019-07-10 05:48:48'),
(1436, 34, 49, 'App\\Model\\Common\\Product', '2019-11-04 13:21:41', '2019-11-04 13:21:41'),
(1438, 34, 450, 'App\\Model\\Common\\Product', '2019-12-01 02:32:29', '2019-12-01 02:32:29'),
(1440, 34, 452, 'App\\Model\\Common\\Product', '2019-10-17 07:29:39', '2019-10-17 07:29:39'),
(1442, 34, 50, 'App\\Model\\Common\\Product', '2019-09-11 11:46:30', '2019-09-11 11:46:30'),
(1444, 34, 51, 'App\\Model\\Common\\Product', '2019-09-11 11:47:31', '2019-09-11 11:47:31'),
(1446, 34, 52, 'App\\Model\\Common\\Product', '2019-09-11 11:43:33', '2019-09-11 11:43:33'),
(1448, 34, 59, 'App\\Model\\Common\\Product', '2019-09-11 11:44:28', '2019-09-11 11:44:28'),
(1450, 34, 54, 'App\\Model\\Common\\Product', '2019-09-11 11:50:26', '2019-09-11 11:50:26'),
(1452, 34, 508, 'App\\Model\\Common\\Product', '2019-10-17 07:32:20', '2019-10-17 07:32:20'),
(1454, 34, 55, 'App\\Model\\Common\\Product', '2019-09-11 11:57:12', '2019-09-11 11:57:12'),
(1456, 34, 61, 'App\\Model\\Common\\Product', '2019-09-11 11:58:46', '2019-09-11 11:58:46'),
(1458, 34, 56, 'App\\Model\\Common\\Product', '2019-09-11 12:00:48', '2019-09-11 12:00:48'),
(1460, 34, 57, 'App\\Model\\Common\\Product', '2019-09-11 12:03:03', '2019-09-11 12:03:03'),
(1462, 34, 58, 'App\\Model\\Common\\Product', '2019-12-01 02:33:37', '2019-12-01 02:33:37'),
(1464, 34, 542, 'App\\Model\\Common\\Product', '2019-10-17 07:35:16', '2019-10-17 07:35:16'),
(1466, 34, 549, 'App\\Model\\Common\\Product', '2019-09-11 12:47:44', '2019-09-11 12:47:44'),
(1468, 34, 550, 'App\\Model\\Common\\Product', '2019-12-19 23:20:47', '2019-12-19 23:20:47'),
(1473, 38, 440, 'App\\Model\\Common\\Product', '2019-07-20 18:04:42', '2019-07-20 18:04:42'),
(1474, 38, 441, 'App\\Model\\Common\\Product', '2019-07-20 18:06:30', '2019-07-20 18:06:30'),
(1475, 38, 442, 'App\\Model\\Common\\Product', '2019-07-20 18:07:49', '2019-07-20 18:07:49'),
(1476, 38, 5, 'App\\Model\\Common\\Product', '2019-12-01 03:09:44', '2019-12-01 03:09:44'),
(1477, 38, 130, 'App\\Model\\Common\\Product', '2019-07-20 18:09:30', '2019-07-20 18:09:30'),
(1479, 38, 490, 'App\\Model\\Common\\Product', '2019-10-19 03:12:26', '2019-10-19 03:12:26'),
(1481, 38, 491, 'App\\Model\\Common\\Product', '2019-09-17 16:18:13', '2019-09-17 16:18:13'),
(1483, 38, 492, 'App\\Model\\Common\\Product', '2019-09-17 16:18:51', '2019-09-17 16:18:51'),
(1485, 38, 493, 'App\\Model\\Common\\Product', '2019-10-20 06:28:56', '2019-10-20 06:28:56'),
(1487, 38, 264, 'App\\Model\\Common\\Product', '2019-11-29 17:31:19', '2019-11-29 17:31:19'),
(1488, 38, 497, 'App\\Model\\Common\\Product', '2019-10-31 13:46:51', '2019-10-31 13:46:51'),
(1490, 38, 501, 'App\\Model\\Common\\Product', '2019-07-20 18:32:39', '2019-07-20 18:32:39'),
(1492, 38, 502, 'App\\Model\\Common\\Product', '2019-12-01 03:13:03', '2019-12-01 03:13:03'),
(1494, 38, 500, 'App\\Model\\Common\\Product', '2019-12-01 03:13:40', '2019-12-01 03:13:40'),
(1496, 38, 505, 'App\\Model\\Common\\Product', '2019-12-07 19:33:44', '2019-12-07 19:33:44'),
(1498, 38, 6, 'App\\Model\\Common\\Product', '2019-09-17 16:24:16', '2019-09-17 16:24:16'),
(1500, 38, 532, 'App\\Model\\Common\\Product', '2019-12-01 03:16:23', '2019-12-01 03:16:23'),
(1502, 38, 533, 'App\\Model\\Common\\Product', '2019-11-15 12:42:56', '2019-11-15 12:42:56'),
(1504, 38, 535, 'App\\Model\\Common\\Product', '2019-10-19 03:15:36', '2019-10-19 03:15:36'),
(1506, 38, 537, 'App\\Model\\Common\\Product', '2019-09-17 16:25:30', '2019-09-17 16:25:30'),
(1508, 38, 544, 'App\\Model\\Common\\Product', '2019-12-01 03:16:46', '2019-12-01 03:16:46'),
(1509, 38, 7, 'App\\Model\\Common\\Product', '2019-07-21 07:18:13', '2019-07-21 07:18:13'),
(1511, 47, 324, 'App\\Model\\Common\\Product', '2019-07-21 07:18:41', '2019-07-21 07:18:41'),
(1512, 47, 79, 'App\\Model\\Common\\Product', '2019-07-21 07:18:58', '2019-07-21 07:18:58'),
(1513, 47, 80, 'App\\Model\\Common\\Product', '2019-07-20 18:40:54', '2019-07-20 18:40:54'),
(1514, 47, 277, 'App\\Model\\Common\\Product', '2019-09-17 17:10:57', '2019-09-17 17:10:57'),
(1515, 47, 106, 'App\\Model\\Common\\Product', '2019-07-18 12:06:17', '2019-07-18 12:06:17'),
(1516, 47, 101, 'App\\Model\\Common\\Product', '2019-07-18 12:02:15', '2019-07-18 12:02:15'),
(1517, 47, 92, 'App\\Model\\Common\\Product', '2019-07-20 19:05:55', '2019-07-20 19:05:55'),
(1518, 47, 417, 'App\\Model\\Common\\Product', '2019-09-17 16:48:24', '2019-09-17 16:48:24'),
(1519, 47, 416, 'App\\Model\\Common\\Product', '2019-09-17 16:49:29', '2019-09-17 16:49:29'),
(1521, 47, 419, 'App\\Model\\Common\\Product', '2019-09-17 16:50:18', '2019-09-17 16:50:18'),
(1523, 47, 420, 'App\\Model\\Common\\Product', '2019-12-01 03:45:11', '2019-12-01 03:45:11'),
(1525, 47, 421, 'App\\Model\\Common\\Product', '2019-07-21 07:20:42', '2019-07-21 07:20:42'),
(1527, 47, 422, 'App\\Model\\Common\\Product', '2019-09-17 16:51:25', '2019-09-17 16:51:25'),
(1529, 47, 423, 'App\\Model\\Common\\Product', '2019-09-17 16:52:14', '2019-09-17 16:52:14'),
(1530, 47, 268, 'App\\Model\\Common\\Product', '2019-07-18 10:45:47', '2019-07-18 10:45:47'),
(1531, 47, 63, 'App\\Model\\Common\\Product', '2019-07-21 07:22:13', '2019-07-21 07:22:13'),
(1532, 47, 64, 'App\\Model\\Common\\Product', '2019-09-17 17:08:28', '2019-09-17 17:08:28'),
(1533, 47, 65, 'App\\Model\\Common\\Product', '2019-10-19 03:21:18', '2019-10-19 03:21:18'),
(1534, 47, 257, 'App\\Model\\Common\\Product', '2019-07-18 10:46:59', '2019-07-18 10:46:59'),
(1536, 47, 67, 'App\\Model\\Common\\Product', '2019-07-21 07:23:03', '2019-07-21 07:23:03'),
(1537, 38, 494, 'App\\Model\\Common\\Product', '2019-07-20 18:25:39', '2019-07-20 18:25:39'),
(1539, 47, 74, 'App\\Model\\Common\\Product', '2019-09-17 17:38:28', '2019-09-17 17:38:28'),
(1540, 47, 68, 'App\\Model\\Common\\Product', '2019-11-03 06:26:29', '2019-11-03 06:26:29'),
(1541, 47, 84, 'App\\Model\\Common\\Product', '2019-07-21 07:24:10', '2019-07-21 07:24:10'),
(1542, 47, 272, 'App\\Model\\Common\\Product', '2019-07-18 11:22:44', '2019-07-18 11:22:44'),
(1543, 47, 90, 'App\\Model\\Common\\Product', '2019-07-20 19:02:34', '2019-07-20 19:02:34'),
(1544, 47, 89, 'App\\Model\\Common\\Product', '2019-07-21 07:24:49', '2019-07-21 07:24:49'),
(1545, 47, 88, 'App\\Model\\Common\\Product', '2019-07-18 11:28:45', '2019-07-18 11:28:45'),
(1546, 47, 91, 'App\\Model\\Common\\Product', '2019-07-18 11:32:42', '2019-07-18 11:32:42'),
(1547, 47, 95, 'App\\Model\\Common\\Product', '2019-07-20 19:07:51', '2019-07-20 19:07:51'),
(1548, 47, 94, 'App\\Model\\Common\\Product', '2019-07-18 11:36:08', '2019-07-18 11:36:08'),
(1549, 47, 93, 'App\\Model\\Common\\Product', '2019-07-18 11:36:11', '2019-07-18 11:36:11'),
(1550, 47, 98, 'App\\Model\\Common\\Product', '2019-07-18 11:36:36', '2019-07-18 11:36:36'),
(1551, 47, 97, 'App\\Model\\Common\\Product', '2019-07-20 19:09:58', '2019-07-20 19:09:58'),
(1552, 47, 96, 'App\\Model\\Common\\Product', '2019-07-18 11:37:05', '2019-07-18 11:37:05'),
(1553, 47, 99, 'App\\Model\\Common\\Product', '2019-07-18 11:37:21', '2019-07-18 11:37:21'),
(1554, 47, 100, 'App\\Model\\Common\\Product', '2019-07-18 11:37:54', '2019-07-18 11:37:54'),
(1555, 47, 279, 'App\\Model\\Common\\Product', '2019-09-17 17:15:17', '2019-09-17 17:15:17'),
(1556, 47, 69, 'App\\Model\\Common\\Product', '2019-07-23 12:01:47', '2019-07-23 12:01:47'),
(1557, 47, 70, 'App\\Model\\Common\\Product', '2019-09-17 17:32:02', '2019-09-17 17:32:02'),
(1558, 47, 71, 'App\\Model\\Common\\Product', '2019-07-18 12:04:55', '2019-07-18 12:04:55'),
(1559, 47, 109, 'App\\Model\\Common\\Product', '2019-07-18 12:05:08', '2019-07-18 12:05:08'),
(1560, 47, 102, 'App\\Model\\Common\\Product', '2019-09-17 17:32:36', '2019-09-17 17:32:36'),
(1561, 47, 103, 'App\\Model\\Common\\Product', '2019-12-23 20:19:33', '2019-12-23 20:19:33'),
(1562, 47, 104, 'App\\Model\\Common\\Product', '2019-07-18 12:05:51', '2019-07-18 12:05:51'),
(1563, 47, 105, 'App\\Model\\Common\\Product', '2019-09-17 17:34:02', '2019-09-17 17:34:02'),
(1564, 47, 72, 'App\\Model\\Common\\Product', '2019-07-18 12:06:36', '2019-07-18 12:06:36'),
(1565, 47, 167, 'App\\Model\\Common\\Product', '2019-12-01 03:49:47', '2019-12-01 03:49:47'),
(1567, 47, 320, 'App\\Model\\Common\\Product', '2019-07-18 12:08:05', '2019-07-18 12:08:05'),
(1568, 47, 321, 'App\\Model\\Common\\Product', '2019-12-23 20:33:14', '2019-12-23 20:33:14'),
(1569, 47, 322, 'App\\Model\\Common\\Product', '2019-12-23 20:30:56', '2019-12-23 20:30:56'),
(1570, 47, 567, 'App\\Model\\Common\\Product', '2019-07-18 12:09:31', '2019-07-18 12:09:31'),
(1571, 47, 568, 'App\\Model\\Common\\Product', '2019-10-22 12:01:14', '2019-10-22 12:01:14'),
(1573, 70, 405, 'App\\Model\\Common\\Product', '2019-09-17 14:44:20', '2019-09-17 14:44:20'),
(1574, 70, 169, 'App\\Model\\Common\\Product', '2019-07-18 12:11:56', '2019-07-18 12:11:56'),
(1575, 70, 170, 'App\\Model\\Common\\Product', '2019-07-18 12:12:14', '2019-07-18 12:12:14'),
(1576, 70, 173, 'App\\Model\\Common\\Product', '2019-10-20 15:51:00', '2019-10-20 15:51:00'),
(1578, 70, 177, 'App\\Model\\Common\\Product', '2019-10-19 03:32:36', '2019-10-19 03:32:36'),
(1580, 70, 456, 'App\\Model\\Common\\Product', '2019-07-18 12:13:45', '2019-07-18 12:13:45'),
(1582, 70, 176, 'App\\Model\\Common\\Product', '2019-09-17 16:00:46', '2019-09-17 16:00:46'),
(1584, 70, 457, 'App\\Model\\Common\\Product', '2019-07-18 12:14:37', '2019-07-18 12:14:37'),
(1586, 70, 455, 'App\\Model\\Common\\Product', '2019-07-18 12:14:56', '2019-07-18 12:14:56'),
(1592, 70, 247, 'App\\Model\\Common\\Product', '2019-07-18 12:16:25', '2019-07-18 12:16:25'),
(1595, 70, 338, 'App\\Model\\Common\\Product', '2019-09-17 14:50:51', '2019-09-17 14:50:51'),
(1596, 70, 174, 'App\\Model\\Common\\Product', '2019-09-17 14:51:35', '2019-09-17 14:51:35'),
(1598, 70, 499, 'App\\Model\\Common\\Product', '2019-10-19 03:33:52', '2019-10-19 03:33:52'),
(1600, 70, 215, 'App\\Model\\Common\\Product', '2019-09-17 15:31:39', '2019-09-17 15:31:39'),
(1601, 70, 354, 'App\\Model\\Common\\Product', '2019-09-17 15:32:10', '2019-09-17 15:32:10'),
(1603, 70, 509, 'App\\Model\\Common\\Product', '2019-09-17 15:32:52', '2019-09-17 15:32:52'),
(1605, 70, 511, 'App\\Model\\Common\\Product', '2019-07-18 12:19:20', '2019-07-18 12:19:20'),
(1607, 70, 512, 'App\\Model\\Common\\Product', '2019-07-18 12:19:40', '2019-07-18 12:19:40'),
(1608, 70, 510, 'App\\Model\\Common\\Product', '2019-07-18 12:19:53', '2019-07-18 12:19:53'),
(1609, 70, 344, 'App\\Model\\Common\\Product', '2019-07-18 12:20:12', '2019-07-18 12:20:12'),
(1610, 116, 446, 'App\\Model\\Common\\Product', '2019-11-03 07:31:57', '2019-11-03 07:31:57'),
(1611, 116, 447, 'App\\Model\\Common\\Product', '2019-07-18 12:22:09', '2019-07-18 12:22:09'),
(1612, 116, 444, 'App\\Model\\Common\\Product', '2019-11-27 01:22:14', '2019-11-27 01:22:14'),
(1613, 116, 445, 'App\\Model\\Common\\Product', '2019-11-03 07:30:29', '2019-11-03 07:30:29'),
(1614, 116, 448, 'App\\Model\\Common\\Product', '2019-11-03 07:31:20', '2019-11-03 07:31:20'),
(1616, 56, 143, 'App\\Model\\Common\\Product', '2019-11-27 01:33:34', '2019-11-27 01:33:34'),
(1618, 56, 144, 'App\\Model\\Common\\Product', '2019-09-18 14:46:00', '2019-09-18 14:46:00'),
(1620, 56, 145, 'App\\Model\\Common\\Product', '2019-07-18 12:25:06', '2019-07-18 12:25:06'),
(1621, 117, 357, 'App\\Model\\Common\\Product', '2019-07-18 12:25:42', '2019-07-18 12:25:42'),
(1622, 117, 262, 'App\\Model\\Common\\Product', '2019-07-18 12:26:24', '2019-07-18 12:26:24'),
(1623, 117, 260, 'App\\Model\\Common\\Product', '2019-07-18 12:26:39', '2019-07-18 12:26:39'),
(1624, 117, 258, 'App\\Model\\Common\\Product', '2019-07-18 12:26:52', '2019-07-18 12:26:52'),
(1625, 117, 161, 'App\\Model\\Common\\Product', '2019-10-20 16:05:30', '2019-10-20 16:05:30'),
(1626, 117, 160, 'App\\Model\\Common\\Product', '2019-12-07 17:06:05', '2019-12-07 17:06:05'),
(1628, 88, 429, 'App\\Model\\Common\\Product', '2019-09-18 14:34:12', '2019-09-18 14:34:12'),
(1630, 88, 427, 'App\\Model\\Common\\Product', '2019-11-11 14:34:36', '2019-11-11 14:34:36'),
(1632, 88, 356, 'App\\Model\\Common\\Product', '2019-10-31 14:12:08', '2019-10-31 14:12:08'),
(1634, 88, 355, 'App\\Model\\Common\\Product', '2019-11-27 01:29:36', '2019-11-27 01:29:36'),
(1636, 88, 270, 'App\\Model\\Common\\Product', '2019-07-18 12:48:10', '2019-07-18 12:48:10'),
(1644, 118, 134, 'App\\Model\\Common\\Product', '2019-07-18 12:50:10', '2019-07-18 12:50:10'),
(1645, 118, 164, 'App\\Model\\Common\\Product', '2019-07-18 12:50:52', '2019-07-18 12:50:52'),
(1647, 118, 541, 'App\\Model\\Common\\Product', '2019-07-18 12:51:27', '2019-07-18 12:51:27'),
(1650, 118, 528, 'App\\Model\\Common\\Product', '2019-09-18 17:05:28', '2019-09-18 17:05:28'),
(1652, 82, 486, 'App\\Model\\Common\\Product', '2019-10-20 06:22:22', '2019-10-20 06:22:22'),
(1654, 82, 485, 'App\\Model\\Common\\Product', '2019-09-19 12:01:50', '2019-09-19 12:01:50'),
(1656, 82, 484, 'App\\Model\\Common\\Product', '2019-07-18 13:16:55', '2019-07-18 13:16:55'),
(1658, 82, 482, 'App\\Model\\Common\\Product', '2019-07-18 13:17:13', '2019-07-18 13:17:13'),
(1663, 97, 330, 'App\\Model\\Common\\Product', '2019-10-22 17:33:56', '2019-10-22 17:33:56'),
(1665, 97, 383, 'App\\Model\\Common\\Product', '2019-07-18 13:21:09', '2019-07-18 13:21:09'),
(1666, 121, 396, 'App\\Model\\Common\\Product', '2019-09-24 14:39:50', '2019-09-24 14:39:50'),
(1668, 97, 387, 'App\\Model\\Common\\Product', '2019-07-18 13:21:46', '2019-07-18 13:21:46'),
(1669, 121, 402, 'App\\Model\\Common\\Product', '2019-07-18 13:22:47', '2019-07-18 13:22:47'),
(1671, 97, 384, 'App\\Model\\Common\\Product', '2019-07-18 13:23:29', '2019-07-18 13:23:29'),
(1673, 82, 481, 'App\\Model\\Common\\Product', '2019-12-19 22:53:25', '2019-12-19 22:53:25'),
(1675, 97, 385, 'App\\Model\\Common\\Product', '2019-07-18 13:23:56', '2019-07-18 13:23:56'),
(1678, 82, 480, 'App\\Model\\Common\\Product', '2019-10-19 08:16:41', '2019-10-19 08:16:41'),
(1679, 121, 404, 'App\\Model\\Common\\Product', '2019-07-21 09:39:09', '2019-07-21 09:39:09'),
(1680, 97, 386, 'App\\Model\\Common\\Product', '2019-07-18 13:24:21', '2019-07-18 13:24:21'),
(1683, 82, 479, 'App\\Model\\Common\\Product', '2019-07-18 13:24:40', '2019-07-18 13:24:40'),
(1684, 97, 388, 'App\\Model\\Common\\Product', '2019-07-18 13:24:44', '2019-07-18 13:24:44'),
(1686, 82, 241, 'App\\Model\\Common\\Product', '2019-07-18 13:25:04', '2019-07-18 13:25:04'),
(1688, 97, 390, 'App\\Model\\Common\\Product', '2019-07-18 13:25:22', '2019-07-18 13:25:22'),
(1690, 82, 239, 'App\\Model\\Common\\Product', '2019-11-03 07:26:05', '2019-11-03 07:26:05'),
(1692, 98, 266, 'App\\Model\\Common\\Product', '2019-07-18 13:26:19', '2019-07-18 13:26:19'),
(1693, 82, 367, 'App\\Model\\Common\\Product', '2019-07-18 13:26:30', '2019-07-18 13:26:30'),
(1694, 119, 554, 'App\\Model\\Common\\Product', '2019-10-31 04:49:21', '2019-10-31 04:49:21'),
(1696, 98, 242, 'App\\Model\\Common\\Product', '2019-10-31 15:02:50', '2019-10-31 15:02:50'),
(1697, 119, 473, 'App\\Model\\Common\\Product', '2019-10-19 08:19:57', '2019-10-19 08:19:57'),
(1703, 98, 246, 'App\\Model\\Common\\Product', '2019-10-31 15:02:23', '2019-10-31 15:02:23'),
(1707, 61, 372, 'App\\Model\\Common\\Product', '2019-09-27 18:15:13', '2019-09-27 18:15:13'),
(1710, 119, 365, 'App\\Model\\Common\\Product', '2019-07-18 13:31:15', '2019-07-18 13:31:15'),
(1713, 27, 191, 'App\\Model\\Common\\Product', '2019-09-19 15:04:26', '2019-09-19 15:04:26'),
(1715, 27, 192, 'App\\Model\\Common\\Product', '2019-07-18 13:32:01', '2019-07-18 13:32:01'),
(1717, 121, 475, 'App\\Model\\Common\\Product', '2019-12-24 02:27:48', '2019-12-24 02:27:48'),
(1718, 27, 193, 'App\\Model\\Common\\Product', '2019-09-19 15:05:39', '2019-09-19 15:05:39'),
(1719, 27, 424, 'App\\Model\\Common\\Product', '2019-09-19 15:06:45', '2019-09-19 15:06:45'),
(1721, 27, 425, 'App\\Model\\Common\\Product', '2019-09-19 15:07:19', '2019-09-19 15:07:19'),
(1723, 121, 317, 'App\\Model\\Common\\Product', '2019-09-24 14:41:02', '2019-09-24 14:41:02'),
(1724, 27, 182, 'App\\Model\\Common\\Product', '2019-10-19 08:22:12', '2019-10-19 08:22:12'),
(1727, 121, 318, 'App\\Model\\Common\\Product', '2019-09-24 14:41:46', '2019-09-24 14:41:46'),
(1728, 27, 430, 'App\\Model\\Common\\Product', '2019-09-19 15:08:25', '2019-09-19 15:08:25'),
(1730, 27, 431, 'App\\Model\\Common\\Product', '2019-10-19 08:23:12', '2019-10-19 08:23:12'),
(1731, 61, 371, 'App\\Model\\Common\\Product', '2019-09-27 18:17:58', '2019-09-27 18:17:58'),
(1732, 61, 369, 'App\\Model\\Common\\Product', '2019-10-21 16:40:34', '2019-10-21 16:40:34'),
(1733, 61, 368, 'App\\Model\\Common\\Product', '2019-09-27 18:17:20', '2019-09-27 18:17:20'),
(1734, 27, 184, 'App\\Model\\Common\\Product', '2019-11-13 18:44:20', '2019-11-13 18:44:20'),
(1735, 61, 331, 'App\\Model\\Common\\Product', '2019-07-18 13:34:31', '2019-07-18 13:34:31'),
(1736, 61, 374, 'App\\Model\\Common\\Product', '2019-09-27 18:18:46', '2019-09-27 18:18:46'),
(1738, 61, 413, 'App\\Model\\Common\\Product', '2019-09-27 18:19:14', '2019-09-27 18:19:14'),
(1740, 27, 337, 'App\\Model\\Common\\Product', '2019-10-19 08:24:48', '2019-10-19 08:24:48'),
(1742, 61, 300, 'App\\Model\\Common\\Product', '2019-07-18 13:35:39', '2019-07-18 13:35:39'),
(1743, 61, 370, 'App\\Model\\Common\\Product', '2019-10-21 16:16:57', '2019-10-21 16:16:57'),
(1744, 122, 289, 'App\\Model\\Common\\Product', '2019-07-18 13:37:48', '2019-07-18 13:37:48'),
(1745, 61, 378, 'App\\Model\\Common\\Product', '2019-11-04 14:21:05', '2019-11-04 14:21:05'),
(1746, 61, 377, 'App\\Model\\Common\\Product', '2019-11-04 14:21:29', '2019-11-04 14:21:29'),
(1747, 61, 376, 'App\\Model\\Common\\Product', '2019-11-04 14:21:52', '2019-11-04 14:21:52'),
(1748, 61, 375, 'App\\Model\\Common\\Product', '2019-11-04 14:22:23', '2019-11-04 14:22:23'),
(1749, 122, 287, 'App\\Model\\Common\\Product', '2019-07-18 13:38:41', '2019-07-18 13:38:41'),
(1750, 124, 303, 'App\\Model\\Common\\Product', '2019-09-27 18:26:18', '2019-09-27 18:26:18'),
(1751, 122, 107, 'App\\Model\\Common\\Product', '2019-11-03 07:02:20', '2019-11-03 07:02:20'),
(1752, 36, 571, 'App\\Model\\Common\\Product', '2019-10-31 14:47:38', '2019-10-31 14:47:38'),
(1754, 36, 570, 'App\\Model\\Common\\Product', '2019-10-31 14:47:57', '2019-10-31 14:47:57'),
(1755, 36, 569, 'App\\Model\\Common\\Product', '2019-10-31 14:48:21', '2019-10-31 14:48:21'),
(1756, 27, 439, 'App\\Model\\Common\\Product', '2019-09-19 15:11:48', '2019-09-19 15:11:48'),
(1757, 30, 285, 'App\\Model\\Common\\Product', '2019-09-24 16:03:14', '2019-09-24 16:03:14'),
(1758, 27, 433, 'App\\Model\\Common\\Product', '2019-10-19 08:34:30', '2019-10-19 08:34:30'),
(1759, 27, 348, 'App\\Model\\Common\\Product', '2019-09-19 15:13:06', '2019-09-19 15:13:06'),
(1760, 27, 434, 'App\\Model\\Common\\Product', '2019-09-19 15:13:40', '2019-09-19 15:13:40'),
(1761, 30, 291, 'App\\Model\\Common\\Product', '2019-09-24 16:04:25', '2019-09-24 16:04:25'),
(1762, 27, 194, 'App\\Model\\Common\\Product', '2019-07-21 04:26:01', '2019-07-21 04:26:01'),
(1765, 27, 187, 'App\\Model\\Common\\Product', '2019-07-18 13:42:37', '2019-07-18 13:42:37'),
(1767, 30, 248, 'App\\Model\\Common\\Product', '2019-09-24 16:05:05', '2019-09-24 16:05:05'),
(1768, 27, 185, 'App\\Model\\Common\\Product', '2019-10-19 08:36:14', '2019-10-19 08:36:14'),
(1769, 27, 186, 'App\\Model\\Common\\Product', '2019-07-18 13:43:26', '2019-07-18 13:43:26'),
(1770, 49, 112, 'App\\Model\\Common\\Product', '2019-10-16 14:01:57', '2019-10-16 14:01:57'),
(1771, 49, 111, 'App\\Model\\Common\\Product', '2019-10-16 14:00:52', '2019-10-16 14:00:52'),
(1772, 49, 110, 'App\\Model\\Common\\Product', '2019-10-16 14:01:24', '2019-10-16 14:01:24'),
(1773, 27, 530, 'App\\Model\\Common\\Product', '2019-09-19 15:15:28', '2019-09-19 15:15:28'),
(1775, 27, 539, 'App\\Model\\Common\\Product', '2019-09-19 15:15:59', '2019-09-19 15:15:59'),
(1776, 49, 113, 'App\\Model\\Common\\Product', '2019-10-16 14:07:49', '2019-10-16 14:07:49'),
(1777, 27, 540, 'App\\Model\\Common\\Product', '2019-07-18 13:44:34', '2019-07-18 13:44:34'),
(1778, 90, 471, 'App\\Model\\Common\\Product', '2019-10-16 16:39:32', '2019-10-16 16:39:32'),
(1779, 27, 543, 'App\\Model\\Common\\Product', '2019-09-19 15:16:30', '2019-09-19 15:16:30'),
(1780, 90, 513, 'App\\Model\\Common\\Product', '2019-10-16 16:42:55', '2019-10-16 16:42:55'),
(1782, 27, 190, 'App\\Model\\Common\\Product', '2019-10-19 08:40:07', '2019-10-19 08:40:07'),
(1783, 90, 114, 'App\\Model\\Common\\Product', '2019-10-16 16:44:27', '2019-10-16 16:44:27'),
(1784, 90, 197, 'App\\Model\\Common\\Product', '2019-10-16 16:52:23', '2019-10-16 16:52:23'),
(1786, 28, 358, 'App\\Model\\Common\\Product', '2019-10-31 14:17:45', '2019-10-31 14:17:45'),
(1787, 90, 514, 'App\\Model\\Common\\Product', '2019-10-16 17:00:30', '2019-10-16 17:00:30'),
(1788, 28, 359, 'App\\Model\\Common\\Product', '2019-10-31 14:21:46', '2019-10-31 14:21:46'),
(1789, 90, 515, 'App\\Model\\Common\\Product', '2019-10-16 17:07:15', '2019-10-16 17:07:15'),
(1791, 30, 557, 'App\\Model\\Common\\Product', '2019-12-18 23:27:15', '2019-12-18 23:27:15'),
(1793, 90, 198, 'App\\Model\\Common\\Product', '2019-07-18 13:47:25', '2019-07-18 13:47:25'),
(1795, 30, 558, 'App\\Model\\Common\\Product', '2019-12-18 23:26:59', '2019-12-18 23:26:59'),
(1796, 90, 516, 'App\\Model\\Common\\Product', '2019-07-21 10:45:18', '2019-07-21 10:45:18'),
(1799, 30, 559, 'App\\Model\\Common\\Product', '2019-07-18 13:49:41', '2019-07-18 13:49:41'),
(1801, 90, 115, 'App\\Model\\Common\\Product', '2019-10-16 17:33:38', '2019-10-16 17:33:38'),
(1804, 28, 216, 'App\\Model\\Common\\Product', '2019-07-18 13:49:41', '2019-07-18 13:49:41'),
(1805, 28, 529, 'App\\Model\\Common\\Product', '2019-09-23 16:52:28', '2019-09-23 16:52:28'),
(1806, 90, 131, 'App\\Model\\Common\\Product', '2019-10-16 17:43:36', '2019-10-16 17:43:36'),
(1807, 28, 498, 'App\\Model\\Common\\Product', '2019-09-23 16:51:32', '2019-09-23 16:51:32'),
(1808, 28, 360, 'App\\Model\\Common\\Product', '2019-09-23 16:51:04', '2019-09-23 16:51:04'),
(1809, 30, 560, 'App\\Model\\Common\\Product', '2019-09-24 16:44:40', '2019-09-24 16:44:40'),
(1810, 28, 363, 'App\\Model\\Common\\Product', '2019-09-23 16:50:36', '2019-09-23 16:50:36'),
(1811, 90, 132, 'App\\Model\\Common\\Product', '2019-07-18 13:50:36', '2019-07-18 13:50:36'),
(1812, 90, 200, 'App\\Model\\Common\\Product', '2019-12-19 23:17:11', '2019-12-19 23:17:11'),
(1813, 28, 361, 'App\\Model\\Common\\Product', '2019-09-23 16:47:49', '2019-09-23 16:47:49'),
(1814, 28, 350, 'App\\Model\\Common\\Product', '2019-10-31 14:18:06', '2019-10-31 14:18:06'),
(1815, 28, 349, 'App\\Model\\Common\\Product', '2019-10-31 14:18:30', '2019-10-31 14:18:30'),
(1816, 30, 237, 'App\\Model\\Common\\Product', '2019-12-07 19:33:07', '2019-12-07 19:33:07'),
(1817, 90, 201, 'App\\Model\\Common\\Product', '2019-10-16 17:44:59', '2019-10-16 17:44:59'),
(1818, 90, 520, 'App\\Model\\Common\\Product', '2019-10-16 17:45:34', '2019-10-16 17:45:34'),
(1820, 28, 545, 'App\\Model\\Common\\Product', '2019-09-23 16:56:42', '2019-09-23 16:56:42'),
(1821, 28, 489, 'App\\Model\\Common\\Product', '2019-07-18 13:52:21', '2019-07-18 13:52:21'),
(1822, 90, 116, 'App\\Model\\Common\\Product', '2019-07-18 13:52:32', '2019-07-18 13:52:32'),
(1823, 28, 488, 'App\\Model\\Common\\Product', '2019-07-18 13:52:44', '2019-07-18 13:52:44'),
(1824, 28, 487, 'App\\Model\\Common\\Product', '2019-07-18 13:53:09', '2019-07-18 13:53:09'),
(1826, 90, 202, 'App\\Model\\Common\\Product', '2019-07-18 13:53:25', '2019-07-18 13:53:25'),
(1827, 28, 483, 'App\\Model\\Common\\Product', '2019-07-18 13:53:35', '2019-07-18 13:53:35'),
(1829, 91, 415, 'App\\Model\\Common\\Product', '2019-10-16 18:00:36', '2019-10-16 18:00:36'),
(1830, 28, 468, 'App\\Model\\Common\\Product', '2019-07-18 13:54:10', '2019-07-18 13:54:10'),
(1832, 28, 467, 'App\\Model\\Common\\Product', '2019-09-23 17:00:04', '2019-09-23 17:00:04'),
(1833, 28, 464, 'App\\Model\\Common\\Product', '2019-09-23 17:00:50', '2019-09-23 17:00:50'),
(1834, 91, 180, 'App\\Model\\Common\\Product', '2019-10-31 14:53:38', '2019-10-31 14:53:38'),
(1835, 28, 463, 'App\\Model\\Common\\Product', '2019-10-20 15:14:40', '2019-10-20 15:14:40'),
(1836, 91, 294, 'App\\Model\\Common\\Product', '2019-10-31 14:53:19', '2019-10-31 14:53:19'),
(1837, 91, 179, 'App\\Model\\Common\\Product', '2019-10-31 14:53:01', '2019-10-31 14:53:01'),
(1838, 91, 178, 'App\\Model\\Common\\Product', '2019-10-31 14:54:00', '2019-10-31 14:54:00'),
(1839, 120, 398, 'App\\Model\\Common\\Product', '2019-07-18 13:56:49', '2019-07-18 13:56:49'),
(1840, 120, 392, 'App\\Model\\Common\\Product', '2019-07-18 13:57:03', '2019-07-18 13:57:03'),
(1842, 120, 393, 'App\\Model\\Common\\Product', '2019-07-18 13:57:17', '2019-07-18 13:57:17'),
(1843, 107, 353, 'App\\Model\\Common\\Product', '2019-07-18 13:57:20', '2019-07-18 13:57:20'),
(1844, 81, 566, 'App\\Model\\Common\\Product', '2019-09-24 16:40:09', '2019-09-24 16:40:09'),
(1846, 107, 352, 'App\\Model\\Common\\Product', '2019-10-16 18:17:25', '2019-10-16 18:17:25'),
(1847, 81, 563, 'App\\Model\\Common\\Product', '2019-11-13 18:43:29', '2019-11-13 18:43:29'),
(1848, 120, 395, 'App\\Model\\Common\\Product', '2019-07-18 13:58:00', '2019-07-18 13:58:00'),
(1849, 120, 397, 'App\\Model\\Common\\Product', '2019-07-18 13:58:14', '2019-07-18 13:58:14'),
(1850, 81, 562, 'App\\Model\\Common\\Product', '2019-09-24 16:45:53', '2019-09-24 16:45:53'),
(1851, 120, 399, 'App\\Model\\Common\\Product', '2019-07-21 09:36:34', '2019-07-21 09:36:34'),
(1852, 81, 561, 'App\\Model\\Common\\Product', '2019-10-20 06:33:33', '2019-10-20 06:33:33'),
(1853, 120, 403, 'App\\Model\\Common\\Product', '2019-07-18 13:59:17', '2019-07-18 13:59:17'),
(1854, 81, 556, 'App\\Model\\Common\\Product', '2019-09-24 16:42:25', '2019-09-24 16:42:25'),
(1856, 120, 401, 'App\\Model\\Common\\Product', '2019-07-18 13:59:29', '2019-07-18 13:59:29'),
(1864, 51, 121, 'App\\Model\\Common\\Product', '2019-09-25 12:55:04', '2019-09-25 12:55:04'),
(1869, 51, 274, 'App\\Model\\Common\\Product', '2019-07-18 14:04:08', '2019-07-18 14:04:08'),
(1871, 51, 469, 'App\\Model\\Common\\Product', '2019-12-19 22:18:15', '2019-12-19 22:18:15'),
(1873, 51, 470, 'App\\Model\\Common\\Product', '2019-09-25 12:55:38', '2019-09-25 12:55:38'),
(1875, 51, 122, 'App\\Model\\Common\\Product', '2019-07-18 14:06:59', '2019-07-18 14:06:59'),
(1878, 51, 123, 'App\\Model\\Common\\Product', '2019-09-25 12:56:11', '2019-09-25 12:56:11'),
(1880, 51, 124, 'App\\Model\\Common\\Product', '2019-09-25 12:56:53', '2019-09-25 12:56:53'),
(1883, 51, 125, 'App\\Model\\Common\\Product', '2019-09-25 13:25:05', '2019-09-25 13:25:05'),
(1885, 51, 126, 'App\\Model\\Common\\Product', '2019-09-25 13:25:44', '2019-09-25 13:25:44'),
(1889, 58, 154, 'App\\Model\\Common\\Product', '2019-09-26 17:31:48', '2019-09-26 17:31:48'),
(1891, 51, 127, 'App\\Model\\Common\\Product', '2019-09-25 13:26:17', '2019-09-25 13:26:17'),
(1895, 51, 128, 'App\\Model\\Common\\Product', '2019-09-25 13:26:49', '2019-09-25 13:26:49'),
(1917, 51, 281, 'App\\Model\\Common\\Product', '2019-11-19 16:40:08', '2019-11-19 16:40:08'),
(1926, 96, 327, 'App\\Model\\Common\\Product', '2019-07-18 14:21:29', '2019-07-18 14:21:29'),
(1928, 51, 521, 'App\\Model\\Common\\Product', '2019-07-18 14:23:47', '2019-07-18 14:23:47'),
(1930, 51, 523, 'App\\Model\\Common\\Product', '2019-07-18 14:24:58', '2019-07-18 14:24:58'),
(1932, 51, 524, 'App\\Model\\Common\\Product', '2019-07-18 14:25:54', '2019-07-18 14:25:54'),
(1933, 80, 213, 'App\\Model\\Common\\Product', '2019-10-31 14:41:46', '2019-10-31 14:41:46'),
(1934, 80, 211, 'App\\Model\\Common\\Product', '2019-12-07 17:06:44', '2019-12-07 17:06:44'),
(1936, 51, 525, 'App\\Model\\Common\\Product', '2019-07-18 14:26:32', '2019-07-18 14:26:32'),
(1937, 80, 212, 'App\\Model\\Common\\Product', '2019-07-18 14:28:15', '2019-07-18 14:28:15'),
(1939, 51, 526, 'App\\Model\\Common\\Product', '2019-07-18 14:27:36', '2019-07-18 14:27:36'),
(1941, 51, 527, 'App\\Model\\Common\\Product', '2019-07-18 14:28:19', '2019-07-18 14:28:19'),
(1943, 51, 118, 'App\\Model\\Common\\Product', '2019-07-18 14:29:00', '2019-07-18 14:29:00'),
(1945, 51, 117, 'App\\Model\\Common\\Product', '2019-07-18 14:29:34', '2019-07-18 14:29:34'),
(1946, 34, 339, 'App\\Model\\Common\\Product', '2019-12-01 02:32:55', '2019-12-01 02:32:55'),
(1948, 101, 334, 'App\\Model\\Common\\Product', '2019-07-21 03:36:05', '2019-07-21 03:36:05'),
(1950, 70, 409, 'App\\Model\\Common\\Product', '2019-07-28 06:46:58', '2019-07-28 06:46:58'),
(1952, 70, 407, 'App\\Model\\Common\\Product', '2019-09-17 14:44:58', '2019-09-17 14:44:58'),
(1954, 70, 406, 'App\\Model\\Common\\Product', '2019-09-17 14:45:39', '2019-09-17 14:45:39'),
(1955, 26, 426, 'App\\Model\\Common\\Product', '2019-09-18 14:48:33', '2019-09-18 14:48:33'),
(1957, 51, 379, 'App\\Model\\Common\\Product', '2019-09-25 13:29:45', '2019-09-25 13:29:45'),
(1959, 51, 380, 'App\\Model\\Common\\Product', '2019-07-21 03:52:31', '2019-07-21 03:52:31'),
(1960, 120, 414, 'App\\Model\\Common\\Product', '2019-12-07 19:20:47', '2019-12-07 19:20:47'),
(1962, 49, 418, 'App\\Model\\Common\\Product', '2019-10-16 14:08:21', '2019-10-16 14:08:21'),
(1963, 27, 436, 'App\\Model\\Common\\Product', '2019-07-21 04:02:07', '2019-07-21 04:02:07'),
(1966, 34, 449, 'App\\Model\\Common\\Product', '2019-07-21 04:05:03', '2019-07-21 04:05:03'),
(1970, 118, 163, 'App\\Model\\Common\\Product', '2019-07-21 04:10:04', '2019-07-21 04:10:04'),
(1971, 70, 171, 'App\\Model\\Common\\Product', '2019-07-21 04:12:06', '2019-07-21 04:12:06'),
(1972, 70, 172, 'App\\Model\\Common\\Product', '2019-10-20 15:49:35', '2019-10-20 15:49:35'),
(1973, 27, 183, 'App\\Model\\Common\\Product', '2019-07-21 04:22:33', '2019-07-21 04:22:33'),
(1975, 61, 249, 'App\\Model\\Common\\Product', '2019-09-27 18:19:43', '2019-09-27 18:19:43'),
(1976, 47, 323, 'App\\Model\\Common\\Product', '2019-09-17 17:45:30', '2019-09-17 17:45:30'),
(1980, 36, 3, 'App\\Model\\Common\\Product', '2019-10-16 13:59:47', '2019-10-16 13:59:47'),
(1982, 36, 4, 'App\\Model\\Common\\Product', '2019-10-16 14:00:23', '2019-10-16 14:00:23'),
(1983, 47, 81, 'App\\Model\\Common\\Product', '2019-09-17 16:44:28', '2019-09-17 16:44:28'),
(1984, 122, 108, 'App\\Model\\Common\\Product', '2019-11-03 07:01:38', '2019-11-03 07:01:38'),
(1987, 123, 136, 'App\\Model\\Common\\Product', '2019-12-24 01:44:25', '2019-12-24 01:44:25'),
(1988, 38, 572, 'App\\Model\\Common\\Product', '2019-12-07 19:34:07', '2019-12-07 19:34:07'),
(1990, 38, 34, 'App\\Model\\Common\\Product', '2019-10-31 13:37:22', '2019-10-31 13:37:22'),
(1992, 47, 506, 'App\\Model\\Common\\Product', '2019-12-01 03:50:28', '2019-12-01 03:50:28'),
(1994, 47, 507, 'App\\Model\\Common\\Product', '2019-12-01 03:50:11', '2019-12-01 03:50:11'),
(1995, 47, 573, 'App\\Model\\Common\\Product', '2019-09-17 17:36:15', '2019-09-17 17:36:15'),
(1996, 27, 574, 'App\\Model\\Common\\Product', '2019-07-21 09:19:38', '2019-07-21 09:19:38'),
(1997, 120, 575, 'App\\Model\\Common\\Product', '2019-09-24 14:39:08', '2019-09-24 14:39:08'),
(1998, 122, 576, 'App\\Model\\Common\\Product', '2019-07-21 09:46:00', '2019-07-21 09:46:00'),
(1999, 90, 577, 'App\\Model\\Common\\Product', '2019-07-21 10:43:55', '2019-07-21 10:43:55'),
(2002, 117, 580, 'App\\Model\\Common\\Product', '2019-11-03 07:19:06', '2019-11-03 07:19:06'),
(2003, 107, 581, 'App\\Model\\Common\\Product', '2019-07-23 14:22:33', '2019-07-23 14:22:33'),
(2004, 90, 582, 'App\\Model\\Common\\Product', '2019-12-17 20:07:35', '2019-12-17 20:07:35'),
(2005, 90, 583, 'App\\Model\\Common\\Product', '2019-07-23 14:50:53', '2019-07-23 14:50:53'),
(2006, 90, 584, 'App\\Model\\Common\\Product', '2019-10-16 17:12:12', '2019-10-16 17:12:12'),
(2007, 124, 585, 'App\\Model\\Common\\Product', '2019-07-23 15:12:17', '2019-07-23 15:12:17'),
(2008, 80, 586, 'App\\Model\\Common\\Product', '2019-10-31 14:40:35', '2019-10-31 14:40:35'),
(2009, 51, 587, 'App\\Model\\Common\\Product', '2019-11-04 13:52:10', '2019-11-04 13:52:10'),
(2010, 51, 588, 'App\\Model\\Common\\Product', '2019-11-13 18:32:04', '2019-11-13 18:32:04'),
(2011, 51, 589, 'App\\Model\\Common\\Product', '2019-09-25 13:27:20', '2019-09-25 13:27:20'),
(2012, 121, 590, 'App\\Model\\Common\\Product', '2019-09-24 14:43:04', '2019-09-24 14:43:04'),
(2013, 121, 591, 'App\\Model\\Common\\Product', '2019-09-24 14:40:26', '2019-09-24 14:40:26'),
(2014, 28, 592, 'App\\Model\\Common\\Product', '2019-09-23 16:50:05', '2019-09-23 16:50:05'),
(2015, 27, 196, 'App\\Model\\Common\\Product', '2019-10-31 14:16:34', '2019-10-31 14:16:34'),
(2016, 27, 593, 'App\\Model\\Common\\Product', '2019-10-22 11:24:19', '2019-10-22 11:24:19'),
(2018, 36, 2, 'App\\Model\\Common\\Product', '2019-10-31 14:51:01', '2019-10-31 14:51:01'),
(2019, 38, 594, 'App\\Model\\Common\\Product', '2019-11-21 11:22:04', '2019-11-21 11:22:04'),
(2020, 28, 595, 'App\\Model\\Common\\Product', '2019-08-20 16:52:39', '2019-08-20 16:52:39'),
(2021, 28, 596, 'App\\Model\\Common\\Product', '2019-09-23 17:02:36', '2019-09-23 17:02:36'),
(2022, 28, 597, 'App\\Model\\Common\\Product', '2019-09-24 14:10:47', '2019-09-24 14:10:47'),
(2023, 28, 598, 'App\\Model\\Common\\Product', '2019-09-24 14:04:40', '2019-09-24 14:04:40'),
(2024, 28, 599, 'App\\Model\\Common\\Product', '2019-09-24 14:06:51', '2019-09-24 14:06:51'),
(2025, 28, 600, 'App\\Model\\Common\\Product', '2019-09-24 14:13:54', '2019-09-24 14:13:54'),
(2026, 28, 601, 'App\\Model\\Common\\Product', '2019-09-24 14:04:12', '2019-09-24 14:04:12'),
(2027, 28, 602, 'App\\Model\\Common\\Product', '2019-09-24 14:08:24', '2019-09-24 14:08:24'),
(2028, 28, 603, 'App\\Model\\Common\\Product', '2019-09-03 04:09:42', '2019-09-03 04:09:42'),
(2029, 28, 604, 'App\\Model\\Common\\Product', '2019-09-24 14:08:03', '2019-09-24 14:08:03'),
(2030, 28, 605, 'App\\Model\\Common\\Product', '2019-09-24 14:18:21', '2019-09-24 14:18:21'),
(2031, 28, 606, 'App\\Model\\Common\\Product', '2019-09-24 14:03:18', '2019-09-24 14:03:18'),
(2032, 28, 607, 'App\\Model\\Common\\Product', '2019-09-24 14:08:58', '2019-09-24 14:08:58'),
(2033, 28, 608, 'App\\Model\\Common\\Product', '2019-09-24 14:09:52', '2019-09-24 14:09:52'),
(2034, 28, 609, 'App\\Model\\Common\\Product', '2019-09-24 14:13:16', '2019-09-24 14:13:16'),
(2035, 28, 610, 'App\\Model\\Common\\Product', '2019-09-24 14:15:50', '2019-09-24 14:15:50'),
(2036, 28, 611, 'App\\Model\\Common\\Product', '2019-09-24 14:16:46', '2019-09-24 14:16:46'),
(2037, 28, 612, 'App\\Model\\Common\\Product', '2019-09-24 14:01:53', '2019-09-24 14:01:53'),
(2038, 47, 613, 'App\\Model\\Common\\Product', '2019-08-30 07:29:41', '2019-08-30 07:29:41'),
(2039, 47, 614, 'App\\Model\\Common\\Product', '2019-08-30 07:33:58', '2019-08-30 07:33:58'),
(2040, 47, 615, 'App\\Model\\Common\\Product', '2019-12-23 22:56:40', '2019-12-23 22:56:40'),
(2041, 70, 616, 'App\\Model\\Common\\Product', '2019-09-03 07:44:05', '2019-09-03 07:44:05'),
(2042, 88, 617, 'App\\Model\\Common\\Product', '2019-11-27 01:31:43', '2019-11-27 01:31:43'),
(2043, 88, 618, 'App\\Model\\Common\\Product', '2019-11-27 01:30:29', '2019-11-27 01:30:29'),
(2044, 88, 619, 'App\\Model\\Common\\Product', '2019-11-27 01:30:56', '2019-11-27 01:30:56'),
(2050, 29, 4, 'App\\Model\\Common\\Blog', '2019-11-19 13:02:38', '2019-11-19 13:02:38'),
(2051, 28, 625, 'App\\Model\\Common\\Product', '2019-09-24 14:01:08', '2019-09-24 14:01:08'),
(2052, 27, 626, 'App\\Model\\Common\\Product', '2019-11-13 06:25:07', '2019-11-13 06:25:07'),
(2053, 51, 627, 'App\\Model\\Common\\Product', '2019-12-07 19:31:56', '2019-12-07 19:31:56'),
(2054, 51, 628, 'App\\Model\\Common\\Product', '2019-11-04 13:43:32', '2019-11-04 13:43:32'),
(2055, 51, 629, 'App\\Model\\Common\\Product', '2019-09-07 17:05:43', '2019-09-07 17:05:43'),
(2057, 112, 631, 'App\\Model\\Common\\Product', '2019-09-07 17:17:20', '2019-09-07 17:17:20'),
(2058, 112, 632, 'App\\Model\\Common\\Product', '2019-09-07 17:22:16', '2019-09-07 17:22:16'),
(2059, 112, 633, 'App\\Model\\Common\\Product', '2019-09-07 18:40:19', '2019-09-07 18:40:19'),
(2060, 112, 634, 'App\\Model\\Common\\Product', '2019-09-07 18:42:03', '2019-09-07 18:42:03'),
(2061, 59, 154, 'App\\Model\\Common\\Product', '2019-09-26 17:31:48', '2019-09-26 17:31:48'),
(2062, 51, 635, 'App\\Model\\Common\\Product', '2019-09-09 10:26:32', '2019-09-09 10:26:32'),
(2063, 34, 636, 'App\\Model\\Common\\Product', '2019-09-11 12:28:41', '2019-09-11 12:28:41'),
(2064, 34, 410, 'App\\Model\\Common\\Product', '2019-11-04 13:26:04', '2019-11-04 13:26:04'),
(2065, 34, 637, 'App\\Model\\Common\\Product', '2019-11-04 13:15:57', '2019-11-04 13:15:57'),
(2066, 38, 638, 'App\\Model\\Common\\Product', '2019-09-12 12:43:48', '2019-09-12 12:43:48'),
(2067, 34, 458, 'App\\Model\\Common\\Product', '2019-09-17 14:41:36', '2019-09-17 14:41:36'),
(2068, 34, 460, 'App\\Model\\Common\\Product', '2019-09-17 14:24:56', '2019-09-17 14:24:56'),
(2069, 34, 461, 'App\\Model\\Common\\Product', '2019-09-17 14:42:54', '2019-09-17 14:42:54'),
(2070, 38, 639, 'App\\Model\\Common\\Product', '2019-12-06 01:25:02', '2019-12-06 01:25:02'),
(2071, 38, 640, 'App\\Model\\Common\\Product', '2019-10-22 11:22:11', '2019-10-22 11:22:11'),
(2072, 28, 641, 'App\\Model\\Common\\Product', '2019-11-09 07:54:14', '2019-11-09 07:54:14'),
(2073, 107, 642, 'App\\Model\\Common\\Product', '2019-10-28 10:20:11', '2019-10-28 10:20:11'),
(2074, 59, 328, 'App\\Model\\Common\\Product', '2019-11-21 10:13:27', '2019-11-21 10:13:27'),
(2075, 82, 641, 'App\\Model\\Common\\Product', '2019-11-09 07:54:14', '2019-11-09 07:54:14'),
(2076, 132, 531, 'App\\Model\\Common\\Product', '2019-11-11 06:31:40', '2019-11-11 06:31:40'),
(2077, 132, 210, 'App\\Model\\Common\\Product', '2019-10-29 11:14:14', '2019-10-29 11:14:14'),
(2078, 132, 538, 'App\\Model\\Common\\Product', '2019-10-29 11:18:16', '2019-10-29 11:18:16'),
(2079, 28, 643, 'App\\Model\\Common\\Product', '2019-10-31 13:56:18', '2019-10-31 13:56:18'),
(2080, 30, 644, 'App\\Model\\Common\\Product', '2019-11-27 19:00:58', '2019-11-27 19:00:58'),
(2081, 51, 644, 'App\\Model\\Common\\Product', '2019-11-27 19:00:58', '2019-11-27 19:00:58'),
(2082, 113, 645, 'App\\Model\\Common\\Product', '2019-11-04 13:49:55', '2019-11-04 13:49:55'),
(2083, 113, 646, 'App\\Model\\Common\\Product', '2019-11-04 14:05:29', '2019-11-04 14:05:29'),
(2084, 113, 647, 'App\\Model\\Common\\Product', '2019-11-04 14:15:12', '2019-11-04 14:15:12'),
(2085, 113, 648, 'App\\Model\\Common\\Product', '2019-11-13 11:58:16', '2019-11-13 11:58:16'),
(2086, 32, 649, 'App\\Model\\Common\\Product', '2019-11-13 17:56:51', '2019-11-13 17:56:51'),
(2087, 49, 649, 'App\\Model\\Common\\Product', '2019-11-13 17:56:51', '2019-11-13 17:56:51'),
(2088, 32, 650, 'App\\Model\\Common\\Product', '2019-11-13 17:59:02', '2019-11-13 17:59:02'),
(2089, 49, 650, 'App\\Model\\Common\\Product', '2019-11-13 17:59:02', '2019-11-13 17:59:02'),
(2090, 117, 651, 'App\\Model\\Common\\Product', '2019-11-13 18:02:14', '2019-11-13 18:02:14'),
(2091, 117, 652, 'App\\Model\\Common\\Product', '2019-11-13 18:10:49', '2019-11-13 18:10:49'),
(2092, 117, 653, 'App\\Model\\Common\\Product', '2019-11-13 18:10:34', '2019-11-13 18:10:34'),
(2093, 118, 654, 'App\\Model\\Common\\Product', '2019-11-13 18:13:06', '2019-11-13 18:13:06'),
(2094, 132, 654, 'App\\Model\\Common\\Product', '2019-11-13 18:13:06', '2019-11-13 18:13:06'),
(2095, 118, 655, 'App\\Model\\Common\\Product', '2019-11-13 18:24:17', '2019-11-13 18:24:17'),
(2096, 132, 655, 'App\\Model\\Common\\Product', '2019-11-13 18:24:17', '2019-11-13 18:24:17'),
(2097, 116, 656, 'App\\Model\\Common\\Product', '2019-11-13 18:29:25', '2019-11-13 18:29:25'),
(2098, 28, 657, 'App\\Model\\Common\\Product', '2019-11-13 18:42:49', '2019-11-13 18:42:49'),
(2099, 132, 547, 'App\\Model\\Common\\Product', '2019-11-19 16:59:27', '2019-11-19 16:59:27'),
(2100, 132, 546, 'App\\Model\\Common\\Product', '2019-11-19 17:00:08', '2019-11-19 17:00:08'),
(2101, 59, 153, 'App\\Model\\Common\\Product', '2019-11-19 17:02:27', '2019-11-19 17:02:27'),
(2102, 59, 152, 'App\\Model\\Common\\Product', '2019-11-19 17:03:00', '2019-11-19 17:03:00'),
(2103, 59, 151, 'App\\Model\\Common\\Product', '2019-11-19 17:03:29', '2019-11-19 17:03:29'),
(2104, 59, 150, 'App\\Model\\Common\\Product', '2019-11-19 17:03:55', '2019-11-19 17:03:55'),
(2105, 59, 329, 'App\\Model\\Common\\Product', '2019-11-21 10:13:23', '2019-11-21 10:13:23'),
(2106, 59, 243, 'App\\Model\\Common\\Product', '2019-11-19 17:06:14', '2019-11-19 17:06:14'),
(2107, 59, 244, 'App\\Model\\Common\\Product', '2019-11-19 17:06:41', '2019-11-19 17:06:41'),
(2108, 59, 245, 'App\\Model\\Common\\Product', '2019-11-19 17:07:19', '2019-11-19 17:07:19'),
(2109, 59, 326, 'App\\Model\\Common\\Product', '2019-11-19 17:08:16', '2019-11-19 17:08:16'),
(2110, 59, 624, 'App\\Model\\Common\\Product', '2019-11-19 17:08:39', '2019-11-19 17:08:39'),
(2111, 123, 621, 'App\\Model\\Common\\Product', '2019-11-19 17:12:20', '2019-11-19 17:12:20'),
(2112, 123, 620, 'App\\Model\\Common\\Product', '2019-11-19 17:12:40', '2019-11-19 17:12:40'),
(2113, 123, 251, 'App\\Model\\Common\\Product', '2019-12-24 01:43:50', '2019-12-24 01:43:50'),
(2114, 123, 250, 'App\\Model\\Common\\Product', '2019-11-19 17:13:46', '2019-11-19 17:13:46'),
(2115, 123, 138, 'App\\Model\\Common\\Product', '2019-12-24 02:00:27', '2019-12-24 02:00:27'),
(2116, 123, 139, 'App\\Model\\Common\\Product', '2019-11-19 17:15:11', '2019-11-19 17:15:11'),
(2117, 123, 137, 'App\\Model\\Common\\Product', '2019-12-24 02:00:43', '2019-12-24 02:00:43'),
(2118, 123, 141, 'App\\Model\\Common\\Product', '2019-12-24 01:45:29', '2019-12-24 01:45:29'),
(2119, 123, 140, 'App\\Model\\Common\\Product', '2019-11-19 17:16:15', '2019-11-19 17:16:15');
INSERT INTO `categoryables` (`id`, `category_id`, `categoryable_id`, `categoryable_type`, `created_at`, `updated_at`) VALUES
(2120, 123, 142, 'App\\Model\\Common\\Product', '2019-11-19 17:16:43', '2019-11-19 17:16:43'),
(2121, 123, 630, 'App\\Model\\Common\\Product', '2019-11-19 17:21:45', '2019-11-19 17:21:45'),
(2122, 123, 623, 'App\\Model\\Common\\Product', '2019-11-19 17:18:05', '2019-11-19 17:18:05'),
(2123, 123, 622, 'App\\Model\\Common\\Product', '2019-11-19 17:18:24', '2019-11-19 17:18:24'),
(2124, 123, 332, 'App\\Model\\Common\\Product', '2019-11-19 17:18:45', '2019-11-19 17:18:45'),
(2125, 59, 382, 'App\\Model\\Common\\Product', '2019-11-20 10:48:29', '2019-11-20 10:48:29'),
(2127, 27, 658, 'App\\Model\\Common\\Product', '2019-11-21 11:27:15', '2019-11-21 11:27:15'),
(2131, 34, 659, 'App\\Model\\Common\\Product', '2019-11-21 10:32:29', '2019-11-21 10:32:29'),
(2132, 77, 660, 'App\\Model\\Common\\Product', '2019-11-21 11:32:28', '2019-11-21 11:32:28'),
(2133, 132, 660, 'App\\Model\\Common\\Product', '2019-11-21 11:32:28', '2019-11-21 11:32:28'),
(2134, 27, 661, 'App\\Model\\Common\\Product', '2019-11-21 11:39:38', '2019-11-21 11:39:38'),
(2135, 132, 662, 'App\\Model\\Common\\Product', '2019-12-29 14:29:20', '2019-12-29 14:29:20'),
(2136, 132, 663, 'App\\Model\\Common\\Product', '2019-11-21 12:04:04', '2019-11-21 12:04:04'),
(2137, 34, 664, 'App\\Model\\Common\\Product', '2019-11-21 12:15:32', '2019-11-21 12:15:32'),
(2138, 28, 665, 'App\\Model\\Common\\Product', '2019-11-21 12:24:32', '2019-11-21 12:24:32'),
(2139, 28, 666, 'App\\Model\\Common\\Product', '2019-11-21 12:28:54', '2019-11-21 12:28:54'),
(2140, 28, 667, 'App\\Model\\Common\\Product', '2019-11-21 12:32:29', '2019-11-21 12:32:29'),
(2141, 30, 668, 'App\\Model\\Common\\Product', '2019-12-19 22:17:46', '2019-12-19 22:17:46'),
(2142, 51, 668, 'App\\Model\\Common\\Product', '2019-12-19 22:17:46', '2019-12-19 22:17:46'),
(2144, 32, 670, 'App\\Model\\Common\\Product', '2019-11-21 12:48:37', '2019-11-21 12:48:37'),
(2145, 90, 670, 'App\\Model\\Common\\Product', '2019-11-21 12:48:37', '2019-11-21 12:48:37'),
(2146, 56, 671, 'App\\Model\\Common\\Product', '2019-11-21 12:52:36', '2019-11-21 12:52:36'),
(2147, 63, 672, 'App\\Model\\Common\\Product', '2019-11-27 00:59:52', '2019-11-27 00:59:52'),
(2148, 132, 672, 'App\\Model\\Common\\Product', '2019-11-27 00:59:52', '2019-11-27 00:59:52'),
(2149, 118, 5, 'App\\Model\\Common\\Blog', '2019-11-27 15:21:30', '2019-11-27 15:21:30'),
(2150, 88, 673, 'App\\Model\\Common\\Product', '2019-11-27 18:30:18', '2019-11-27 18:30:18'),
(2151, 88, 674, 'App\\Model\\Common\\Product', '2019-11-27 20:05:53', '2019-11-27 20:05:53'),
(2152, 88, 675, 'App\\Model\\Common\\Product', '2019-11-27 20:07:28', '2019-11-27 20:07:28'),
(2153, 88, 676, 'App\\Model\\Common\\Product', '2019-11-27 20:12:39', '2019-11-27 20:12:39'),
(2154, 38, 677, 'App\\Model\\Common\\Product', '2019-12-19 20:30:59', '2019-12-19 20:30:59'),
(2155, 38, 678, 'App\\Model\\Common\\Product', '2019-12-19 20:30:42', '2019-12-19 20:30:42'),
(2156, 38, 679, 'App\\Model\\Common\\Product', '2019-12-19 21:36:43', '2019-12-19 21:36:43'),
(2157, 38, 680, 'App\\Model\\Common\\Product', '2019-12-19 20:29:51', '2019-12-19 20:29:51'),
(2158, 38, 681, 'App\\Model\\Common\\Product', '2019-12-07 19:38:23', '2019-12-07 19:38:23'),
(2159, 38, 682, 'App\\Model\\Common\\Product', '2019-12-19 21:35:47', '2019-12-19 21:35:47'),
(2160, 27, 683, 'App\\Model\\Common\\Product', '2020-01-03 08:19:35', '2020-01-03 08:19:35'),
(2161, 27, 149, 'App\\Model\\Common\\Product', '2019-12-19 21:49:26', '2019-12-19 21:49:26'),
(2162, 28, 684, 'App\\Model\\Common\\Product', '2019-12-19 22:12:50', '2019-12-19 22:12:50'),
(2163, 38, 685, 'App\\Model\\Common\\Product', '2019-12-19 22:16:23', '2019-12-19 22:16:23'),
(2164, 38, 686, 'App\\Model\\Common\\Product', '2019-12-19 22:30:31', '2019-12-19 22:30:31'),
(2165, 38, 687, 'App\\Model\\Common\\Product', '2019-12-19 22:34:37', '2019-12-19 22:34:37'),
(2166, 117, 688, 'App\\Model\\Common\\Product', '2019-12-19 22:41:16', '2019-12-19 22:41:16'),
(2167, 117, 689, 'App\\Model\\Common\\Product', '2019-12-19 22:45:53', '2019-12-19 22:45:53'),
(2168, 88, 690, 'App\\Model\\Common\\Product', '2019-12-19 22:51:19', '2019-12-19 22:51:19'),
(2169, 28, 691, 'App\\Model\\Common\\Product', '2019-12-19 23:05:26', '2019-12-19 23:05:26'),
(2170, 30, 692, 'App\\Model\\Common\\Product', '2019-12-19 23:09:01', '2019-12-19 23:09:01'),
(2171, 51, 692, 'App\\Model\\Common\\Product', '2019-12-19 23:09:01', '2019-12-19 23:09:01'),
(2172, 47, 693, 'App\\Model\\Common\\Product', '2019-12-23 20:21:45', '2019-12-23 20:21:45'),
(2173, 47, 694, 'App\\Model\\Common\\Product', '2019-12-23 20:21:15', '2019-12-23 20:21:15'),
(2174, 47, 695, 'App\\Model\\Common\\Product', '2019-12-23 20:20:55', '2019-12-23 20:20:55'),
(2175, 47, 696, 'App\\Model\\Common\\Product', '2019-12-23 20:20:37', '2019-12-23 20:20:37'),
(2176, 47, 697, 'App\\Model\\Common\\Product', '2019-12-23 20:20:15', '2019-12-23 20:20:15'),
(2177, 47, 698, 'App\\Model\\Common\\Product', '2019-12-23 20:19:56', '2019-12-23 20:19:56'),
(2178, 47, 699, 'App\\Model\\Common\\Product', '2019-12-23 20:18:59', '2019-12-23 20:18:59'),
(2179, 119, 700, 'App\\Model\\Common\\Product', '2019-12-23 20:18:10', '2019-12-23 20:18:10'),
(2180, 119, 701, 'App\\Model\\Common\\Product', '2019-12-29 14:28:22', '2019-12-29 14:28:22'),
(2181, 59, 702, 'App\\Model\\Common\\Product', '2019-12-20 01:13:26', '2019-12-20 01:13:26'),
(2182, 38, 703, 'App\\Model\\Common\\Product', '2019-12-29 14:29:39', '2019-12-29 14:29:39'),
(2183, 31, 704, 'App\\Model\\Common\\Product', '2019-12-24 01:54:11', '2019-12-24 01:54:11'),
(2184, 31, 705, 'App\\Model\\Common\\Product', '2019-12-29 14:26:42', '2019-12-29 14:26:42'),
(2185, 31, 706, 'App\\Model\\Common\\Product', '2019-12-24 01:58:57', '2019-12-24 01:58:57'),
(2186, 31, 707, 'App\\Model\\Common\\Product', '2019-12-29 14:25:54', '2019-12-29 14:25:54'),
(2187, 30, 708, 'App\\Model\\Common\\Product', '2019-12-29 14:25:37', '2019-12-29 14:25:37'),
(2188, 51, 708, 'App\\Model\\Common\\Product', '2019-12-29 14:25:37', '2019-12-29 14:25:37'),
(2189, 30, 709, 'App\\Model\\Common\\Product', '2019-12-24 02:11:35', '2019-12-24 02:11:35'),
(2190, 51, 709, 'App\\Model\\Common\\Product', '2019-12-24 02:11:35', '2019-12-24 02:11:35');

-- --------------------------------------------------------

--
-- Table structure for table `comments`
--

CREATE TABLE `comments` (
  `id` int(10) UNSIGNED NOT NULL,
  `commentable_id` int(10) UNSIGNED NOT NULL,
  `commentable_type` varchar(191) NOT NULL,
  `p_c_id` int(10) UNSIGNED NOT NULL,
  `comments` longtext NOT NULL,
  `created_by` int(10) UNSIGNED DEFAULT NULL,
  `modified_by` int(10) UNSIGNED DEFAULT NULL,
  `status` tinyint(4) NOT NULL DEFAULT '2' COMMENT '1=active, 2=pending, 3=cancel',
  `created_at` timestamp NULL DEFAULT NULL,
  `updated_at` timestamp NULL DEFAULT NULL
) ENGINE=InnoDB DEFAULT CHARSET=utf8;

--
-- Dumping data for table `comments`
--

INSERT INTO `comments` (`id`, `commentable_id`, `commentable_type`, `p_c_id`, `comments`, `created_by`, `modified_by`, `status`, `created_at`, `updated_at`) VALUES
(1, 1, 'App\\Model\\Common\\Blog', 0, 'asdasda asdasda adas asdasd', 6, NULL, 1, '2019-07-10 05:53:23', '2019-07-10 05:53:35');

-- --------------------------------------------------------

--
-- Table structure for table `countries`
--

CREATE TABLE `countries` (
  `id` int(5) NOT NULL,
  `name` varchar(20) NOT NULL,
  `code` varchar(2) NOT NULL,
  `dial_code` varchar(5) NOT NULL,
  `currency_name` varchar(20) NOT NULL,
  `currency_symbol` varchar(20) CHARACTER SET utf8 COLLATE utf8_unicode_ci NOT NULL,
  `currency_code` varchar(10) NOT NULL,
  `currency_rate` float NOT NULL,
  `created_at` timestamp NULL DEFAULT NULL,
  `updated_at` timestamp NULL DEFAULT NULL
) ENGINE=InnoDB DEFAULT CHARSET=latin1;

--
-- Dumping data for table `countries`
--

INSERT INTO `countries` (`id`, `name`, `code`, `dial_code`, `currency_name`, `currency_symbol`, `currency_code`, `currency_rate`, `created_at`, `updated_at`) VALUES
(1, 'Afghanistan', 'AF', '+93', 'Afghan afghani', '؋', 'AFN', 0.93, NULL, NULL),
(2, 'Aland Islands', 'AX', '+358', '', '', '', 0, NULL, NULL),
(3, 'Albania', 'AL', '+355', 'Albanian lek', 'L', 'ALL', 1.32, NULL, NULL),
(4, 'Algeria', 'DZ', '+213', 'Algerian dinar', 'د.ج', 'DZD', 1.42, NULL, '2019-05-02 11:29:00'),
(5, 'AmericanSamoa', 'AS', '+1684', '', '', '', 0, NULL, NULL),
(6, 'Andorra', 'AD', '+376', 'Euro', '€', 'EUR', 0.011, NULL, NULL),
(7, 'Angola', 'AO', '+244', 'Angolan kwanza', 'Kz', 'AOA', 0.083, NULL, NULL),
(8, 'Anguilla', 'AI', '+1264', 'East Caribbean dolla', '$', 'XCD', 0.032, NULL, NULL),
(9, 'Antarctica', 'AQ', '+672', '', '', '', 0, NULL, NULL),
(10, 'Antigua and Barbuda', 'AG', '+1268', 'East Caribbean dolla', '$', 'XCD', 0.032, NULL, NULL),
(11, 'Argentina', 'AR', '+54', 'Argentine peso', '$', 'ARS', 0, NULL, NULL),
(12, 'Armenia', 'AM', '+374', 'Armenian dram', '', 'AMD', 5.73, NULL, NULL),
(13, 'Aruba', 'AW', '+297', 'Aruban florin', 'ƒ', 'AWG', 0.15, NULL, NULL),
(14, 'Australia', 'AU', '+61', 'Australian dollar', '$', 'AUD', 0.017, NULL, NULL),
(15, 'Austria', 'AT', '+43', 'Euro', '€', 'EUR', 0.011, NULL, NULL),
(16, 'Azerbaijan', 'AZ', '+994', 'Azerbaijani manat', '', 'AZN', 0.02, NULL, NULL),
(17, 'Bahamas', 'BS', '+1242', '', '', '', 0, NULL, NULL),
(18, 'Bahrain', 'BH', '+973', 'Bahraini dinar', '.د.ب', 'BHD', 0, NULL, NULL),
(19, 'Bangladesh', 'BD', '+880', 'Bangladeshi taka', 'Tk.', 'BDT', 0, NULL, '2019-05-02 11:28:51'),
(20, 'Barbados', 'BB', '+1246', 'Barbadian dollar', '$', 'BBD', 0.024, NULL, NULL),
(21, 'Belarus', 'BY', '+375', 'Belarusian ruble', 'Br', 'BYR', 0.025, NULL, NULL),
(22, 'Belgium', 'BE', '+32', 'Euro', '€', 'EUR', 0.011, NULL, NULL),
(23, 'Belize', 'BZ', '+501', 'Belize dollar', '$', 'BZD', 0.024, NULL, NULL),
(24, 'Benin', 'BJ', '+229', 'West African CFA fra', 'Fr', 'XOF', 7.01, NULL, NULL),
(25, 'Bermuda', 'BM', '+1441', 'Bermudian dollar', '$', 'BMD', 0, NULL, NULL),
(26, 'Bhutan', 'BT', '+975', 'Bhutanese ngultrum', 'Nu.', 'BTN', 0, NULL, NULL),
(27, 'Bolivia, Plurination', 'BO', '+591', '', '', '', 0, NULL, NULL),
(28, 'Bosnia and Herzegovi', 'BA', '+387', '', '', '', 0, NULL, NULL),
(29, 'Botswana', 'BW', '+267', 'Botswana pula', 'P', 'BWP', 0, NULL, NULL),
(30, 'Brazil', 'BR', '+55', 'Brazilian real', 'R$', 'BRL', 0, NULL, NULL),
(31, 'British Indian Ocean', 'IO', '+246', '', '', '', 0, NULL, NULL),
(32, 'Brunei Darussalam', 'BN', '+673', '', '', '', 0, NULL, NULL),
(33, 'Bulgaria', 'BG', '+359', 'Bulgarian lev', 'лв', 'BGN', 0, NULL, NULL),
(34, 'Burkina Faso', 'BF', '+226', 'West African CFA fra', 'Fr', 'XOF', 7.01, NULL, NULL),
(35, 'Burundi', 'BI', '+257', 'Burundian franc', 'Fr', 'BIF', 0, NULL, NULL),
(36, 'Cambodia', 'KH', '+855', 'Cambodian riel', '៛', 'KHR', 0, NULL, NULL),
(37, 'Cameroon', 'CM', '+237', 'Central African CFA ', 'Fr', 'XAF', 0, NULL, NULL),
(38, 'Canada', 'CA', '+1', 'Canadian dollar', '$', 'CAD', 0, NULL, NULL),
(39, 'Cape Verde', 'CV', '+238', 'Cape Verdean escudo', 'Esc or $', 'CVE', 0, NULL, NULL),
(40, 'Cayman Islands', 'KY', '+ 345', 'Cayman Islands dolla', '$', 'KYD', 0, NULL, NULL),
(41, 'Central African Repu', 'CF', '+236', '', '', '', 0, NULL, NULL),
(42, 'Chad', 'TD', '+235', 'Central African CFA ', 'Fr', 'XAF', 0, NULL, NULL),
(43, 'Chile', 'CL', '+56', 'Chilean peso', '$', 'CLP', 83.8345, NULL, NULL),
(44, 'China', 'CN', '+86', 'Chinese yuan', '¥ or 元', 'CNY', 0, NULL, NULL),
(45, 'Christmas Island', 'CX', '+61', '', '', '', 0, NULL, NULL),
(46, 'Cocos (Keeling) Isla', 'CC', '+61', '', '', '', 0, NULL, NULL),
(47, 'Colombia', 'CO', '+57', 'Colombian peso', '$', 'COP', 0, NULL, NULL),
(48, 'Comoros', 'KM', '+269', 'Comorian franc', 'Fr', 'KMF', 0, NULL, NULL),
(49, 'Congo', 'CG', '+242', '', '', '', 0, NULL, NULL),
(50, 'Congo, The Democrati', 'CD', '+243', '', '', '', 0, NULL, NULL),
(51, 'Cook Islands', 'CK', '+682', 'New Zealand dollar', '$', 'NZD', 0, NULL, NULL),
(52, 'Costa Rica', 'CR', '+506', 'Costa Rican colón', '₡', 'CRC', 0, NULL, NULL),
(53, 'Cote d\'Ivoire', 'CI', '+225', 'West African CFA fra', 'Fr', 'XOF', 7.01, NULL, NULL),
(54, 'Croatia', 'HR', '+385', 'Croatian kuna', 'kn', 'HRK', 0, NULL, NULL),
(55, 'Cuba', 'CU', '+53', 'Cuban convertible pe', '$', 'CUC', 0, NULL, NULL),
(56, 'Cyprus', 'CY', '+357', 'Euro', '€', 'EUR', 0.011, NULL, NULL),
(57, 'Czech Republic', 'CZ', '+420', 'Czech koruna', 'Kč', 'CZK', 0, NULL, NULL),
(58, 'Denmark', 'DK', '+45', 'Danish krone', 'kr', 'DKK', 0, NULL, NULL),
(59, 'Djibouti', 'DJ', '+253', 'Djiboutian franc', 'Fr', 'DJF', 0, NULL, NULL),
(60, 'Dominica', 'DM', '+1767', 'East Caribbean dolla', '$', 'XCD', 0.032, NULL, NULL),
(61, 'Dominican Republic', 'DO', '+1849', 'Dominican peso', '$', 'DOP', 0, NULL, NULL),
(62, 'Ecuador', 'EC', '+593', 'United States dollar', '$', 'USD', 0.012, NULL, NULL),
(63, 'Egypt', 'EG', '+20', 'Egyptian pound', '£ or ج.م', 'EGP', 0.2, NULL, NULL),
(64, 'El Salvador', 'SV', '+503', 'United States dollar', '$', 'USD', 0.012, NULL, NULL),
(65, 'Equatorial Guinea', 'GQ', '+240', 'Central African CFA ', 'Fr', 'XAF', 0, NULL, NULL),
(66, 'Eritrea', 'ER', '+291', 'Eritrean nakfa', 'Nfk', 'ERN', 0, NULL, NULL),
(67, 'Estonia', 'EE', '+372', 'Euro', '€', 'EUR', 0.011, NULL, NULL),
(68, 'Ethiopia', 'ET', '+251', 'Ethiopian birr', 'Br', 'ETB', 0, NULL, NULL),
(69, 'Falkland Islands (Ma', 'FK', '+500', '', '', '', 0, NULL, NULL),
(70, 'Faroe Islands', 'FO', '+298', 'Danish krone', 'kr', 'DKK', 0, NULL, NULL),
(71, 'Fiji', 'FJ', '+679', 'Fijian dollar', '$', 'FJD', 0, NULL, NULL),
(72, 'Finland', 'FI', '+358', 'Euro', '€', 'EUR', 0.011, NULL, NULL),
(73, 'France', 'FR', '+33', 'Euro', '€', 'EUR', 0.011, NULL, NULL),
(74, 'French Guiana', 'GF', '+594', '', '', '', 0, NULL, NULL),
(75, 'French Polynesia', 'PF', '+689', 'CFP franc', 'Fr', 'XPF', 0, NULL, NULL),
(76, 'Gabon', 'GA', '+241', 'Central African CFA ', 'Fr', 'XAF', 0, NULL, NULL),
(77, 'Gambia', 'GM', '+220', '', '', '', 0, NULL, NULL),
(78, 'Georgia', 'GE', '+995', 'Georgian lari', 'ლ', 'GEL', 0, NULL, NULL),
(79, 'Germany', 'DE', '+49', 'Euro', '€', 'EUR', 0.011, NULL, NULL),
(80, 'Ghana', 'GH', '+233', 'Ghana cedi', '₵', 'GHS', 0, NULL, NULL),
(81, 'Gibraltar', 'GI', '+350', 'Gibraltar pound', '£', 'GIP', 0, NULL, NULL),
(82, 'Greece', 'GR', '+30', 'Euro', '€', 'EUR', 0.011, NULL, NULL),
(83, 'Greenland', 'GL', '+299', '', '', '', 0, NULL, NULL),
(84, 'Grenada', 'GD', '+1473', 'East Caribbean dolla', '$', 'XCD', 0.032, NULL, NULL),
(85, 'Guadeloupe', 'GP', '+590', '', '', '', 0, NULL, NULL),
(86, 'Guam', 'GU', '+1671', '', '', '', 0, NULL, NULL),
(87, 'Guatemala', 'GT', '+502', 'Guatemalan quetzal', 'Q', 'GTQ', 0, NULL, NULL),
(88, 'Guernsey', 'GG', '+44', 'British pound', '£', 'GBP', 0, NULL, NULL),
(89, 'Guinea', 'GN', '+224', 'Guinean franc', 'Fr', 'GNF', 0, NULL, NULL),
(90, 'Guinea-Bissau', 'GW', '+245', 'West African CFA fra', 'Fr', 'XOF', 7.01, NULL, NULL),
(91, 'Guyana', 'GY', '+595', 'Guyanese dollar', '$', 'GYD', 0, NULL, NULL),
(92, 'Haiti', 'HT', '+509', 'Haitian gourde', 'G', 'HTG', 0, NULL, NULL),
(93, 'Holy See (Vatican Ci', 'VA', '+379', '', '', '', 0, NULL, NULL),
(94, 'Honduras', 'HN', '+504', 'Honduran lempira', 'L', 'HNL', 0, NULL, NULL),
(95, 'Hong Kong', 'HK', '+852', 'Hong Kong dollar', '$', 'HKD', 0, NULL, NULL),
(96, 'Hungary', 'HU', '+36', 'Hungarian forint', 'Ft', 'HUF', 0, NULL, NULL),
(97, 'Iceland', 'IS', '+354', 'Icelandic króna', 'kr', 'ISK', 0, NULL, NULL),
(98, 'India', 'IN', '+91', 'Indian rupee', '₹', 'INR', 0.83, NULL, NULL),
(99, 'Indonesia', 'ID', '+62', 'Indonesian rupiah', 'Rp', 'IDR', 0, NULL, NULL),
(100, 'Iran, Islamic Republ', 'IR', '+98', '', '', '', 0, NULL, NULL),
(101, 'Iraq', 'IQ', '+964', 'Iraqi dinar', 'ع.د', 'IQD', 0, NULL, NULL),
(102, 'Ireland', 'IE', '+353', 'Euro', '€', 'EUR', 0.011, NULL, NULL),
(103, 'Isle of Man', 'IM', '+44', 'British pound', '£', 'GBP', 0, NULL, NULL),
(104, 'Israel', 'IL', '+972', 'Israeli new shekel', '₪', 'ILS', 0, NULL, NULL),
(105, 'Italy', 'IT', '+39', 'Euro', '€', 'EUR', 0.011, NULL, NULL),
(106, 'Jamaica', 'JM', '+1876', 'Jamaican dollar', '$', 'JMD', 0, NULL, NULL),
(107, 'Japan', 'JP', '+81', 'Japanese yen', '¥', 'JPY', 0, NULL, NULL),
(108, 'Jersey', 'JE', '+44', 'British pound', '£', 'GBP', 83.8345, NULL, NULL),
(109, 'Jordan', 'JO', '+962', 'Jordanian dinar', 'د.ا', 'JOD', 0, NULL, NULL),
(110, 'Kazakhstan', 'KZ', '+7 7', 'Kazakhstani tenge', '', 'KZT', 0, NULL, NULL),
(111, 'Kenya', 'KE', '+254', 'Kenyan shilling', 'Sh', 'KES', 0, NULL, NULL),
(112, 'Kiribati', 'KI', '+686', 'Australian dollar', '$', 'AUD', 0.017, NULL, NULL),
(113, 'Korea, Democratic Pe', 'KP', '+850', '', '', '', 0, NULL, NULL),
(114, 'Korea, Republic of S', 'KR', '+82', '', '', '', 0, NULL, NULL),
(115, 'Kuwait', 'KW', '+965', 'Kuwaiti dinar', 'د.ك', 'KWD', 0, NULL, NULL),
(116, 'Kyrgyzstan', 'KG', '+996', 'Kyrgyzstani som', 'лв', 'KGS', 0, NULL, NULL),
(117, 'Laos', 'LA', '+856', 'Lao kip', '₭', 'LAK', 0, NULL, NULL),
(118, 'Latvia', 'LV', '+371', 'Euro', '€', 'EUR', 0.011, NULL, NULL),
(119, 'Lebanon', 'LB', '+961', 'Lebanese pound', 'ل.ل', 'LBP', 0, NULL, NULL),
(120, 'Lesotho', 'LS', '+266', 'Lesotho loti', 'L', 'LSL', 0, NULL, NULL),
(121, 'Liberia', 'LR', '+231', 'Liberian dollar', '$', 'LRD', 0, NULL, NULL),
(122, 'Libyan Arab Jamahiri', 'LY', '+218', '', '', '', 0, NULL, NULL),
(123, 'Liechtenstein', 'LI', '+423', 'Swiss franc', 'Fr', 'CHF', 0.012, NULL, NULL),
(124, 'Lithuania', 'LT', '+370', 'Euro', '€', 'EUR', 0.011, NULL, NULL),
(125, 'Luxembourg', 'LU', '+352', 'Euro', '€', 'EUR', 0.011, NULL, NULL),
(126, 'Macao', 'MO', '+853', '', '', '', 0, NULL, NULL),
(127, 'Macedonia', 'MK', '+389', '', '', '', 0, NULL, NULL),
(128, 'Madagascar', 'MG', '+261', 'Malagasy ariary', 'Ar', 'MGA', 0, NULL, NULL),
(129, 'Malawi', 'MW', '+265', 'Malawian kwacha', 'MK', 'MWK', 0, NULL, NULL),
(130, 'Malaysia', 'MY', '+60', 'Malaysian ringgit', 'RM', 'MYR', 0, NULL, NULL),
(131, 'Maldives', 'MV', '+960', 'Maldivian rufiyaa', '.ރ', 'MVR', 0, NULL, NULL),
(132, 'Mali', 'ML', '+223', 'West African CFA fra', 'Fr', 'XOF', 7.01, NULL, NULL),
(133, 'Malta', 'MT', '+356', 'Euro', '€', 'EUR', 0.011, NULL, NULL),
(134, 'Marshall Islands', 'MH', '+692', 'United States dollar', '$', 'USD', 0.012, NULL, NULL),
(135, 'Martinique', 'MQ', '+596', '', '', '', 0, NULL, NULL),
(136, 'Mauritania', 'MR', '+222', 'Mauritanian ouguiya', 'UM', 'MRO', 0, NULL, NULL),
(137, 'Mauritius', 'MU', '+230', 'Mauritian rupee', '₨', 'MUR', 0, NULL, NULL),
(138, 'Mayotte', 'YT', '+262', '', '', '', 0, NULL, NULL),
(139, 'Mexico', 'MX', '+52', 'Mexican peso', '$', 'MXN', 0, NULL, NULL),
(140, 'Micronesia, Federate', 'FM', '+691', '', '', '', 0, NULL, NULL),
(141, 'Moldova', 'MD', '+373', 'Moldovan leu', 'L', 'MDL', 0, NULL, NULL),
(142, 'Monaco', 'MC', '+377', 'Euro', '€', 'EUR', 0.011, NULL, NULL),
(143, 'Mongolia', 'MN', '+976', 'Mongolian tögrög', '₮', 'MNT', 0, NULL, NULL),
(144, 'Montenegro', 'ME', '+382', 'Euro', '€', 'EUR', 0.011, NULL, NULL),
(145, 'Montserrat', 'MS', '+1664', 'East Caribbean dolla', '$', 'XCD', 0.032, NULL, NULL),
(146, 'Morocco', 'MA', '+212', 'Moroccan dirham', 'د.م.', 'MAD', 0, NULL, NULL),
(147, 'Mozambique', 'MZ', '+258', 'Mozambican metical', 'MT', 'MZN', 0, NULL, NULL),
(148, 'Myanmar', 'MM', '+95', 'Burmese kyat', 'Ks', 'MMK', 0, NULL, NULL),
(149, 'Namibia', 'NA', '+264', 'Namibian dollar', '$', 'NAD', 0, NULL, NULL),
(150, 'Nauru', 'NR', '+674', 'Australian dollar', '$', 'AUD', 0.017, NULL, NULL),
(151, 'Nepal', 'NP', '+977', 'Nepalese rupee', '₨', 'NPR', 0, NULL, NULL),
(152, 'Netherlands', 'NL', '+31', 'Euro', '€', 'EUR', 0.011, NULL, NULL),
(153, 'Netherlands Antilles', 'AN', '+599', '', '', '', 0, NULL, NULL),
(154, 'New Caledonia', 'NC', '+687', 'CFP franc', 'Fr', 'XPF', 0, NULL, NULL),
(155, 'New Zealand', 'NZ', '+64', 'New Zealand dollar', '$', 'NZD', 0, NULL, NULL),
(156, 'Nicaragua', 'NI', '+505', 'Nicaraguan córdoba', 'C$', 'NIO', 0, NULL, NULL),
(157, 'Niger', 'NE', '+227', 'West African CFA fra', 'Fr', 'XOF', 7.01, NULL, NULL),
(158, 'Nigeria', 'NG', '+234', 'Nigerian naira', '₦', 'NGN', 4.28, NULL, NULL),
(159, 'Niue', 'NU', '+683', 'New Zealand dollar', '$', 'NZD', 0, NULL, NULL),
(160, 'Norfolk Island', 'NF', '+672', '', '', '', 0, NULL, NULL),
(161, 'Northern Mariana Isl', 'MP', '+1670', '', '', '', 0, NULL, NULL),
(162, 'Norway', 'NO', '+47', 'Norwegian krone', 'kr', 'NOK', 0, NULL, NULL),
(163, 'Oman', 'OM', '+968', 'Omani rial', 'ر.ع.', 'OMR', 0.0046, NULL, NULL),
(164, 'Pakistan', 'PK', '+92', 'Pakistani rupee', '₨', 'PKR', 1.68, NULL, NULL),
(165, 'Palau', 'PW', '+680', 'Palauan dollar', '$', '', 0, NULL, NULL),
(166, 'Palestinian Territor', 'PS', '+970', '', '', '', 0, NULL, NULL),
(167, 'Panama', 'PA', '+507', 'Panamanian balboa', 'B/.', 'PAB', 0, NULL, NULL),
(168, 'Papua New Guinea', 'PG', '+675', 'Papua New Guinean ki', 'K', 'PGK', 0, NULL, NULL),
(169, 'Paraguay', 'PY', '+595', 'Paraguayan guaraní', '₲', 'PYG', 0, NULL, NULL),
(170, 'Peru', 'PE', '+51', 'Peruvian nuevo sol', 'S/.', 'PEN', 0, NULL, NULL),
(171, 'Philippines', 'PH', '+63', 'Philippine peso', '₱', 'PHP', 0.62, NULL, NULL),
(172, 'Pitcairn', 'PN', '+872', '', '', '', 0, NULL, NULL),
(173, 'Poland', 'PL', '+48', 'Polish z?oty', 'zł', 'PLN', 0, NULL, NULL),
(174, 'Portugal', 'PT', '+351', 'Euro', '€', 'EUR', 0.011, NULL, NULL),
(175, 'Puerto Rico', 'PR', '+1939', '', '', '', 0, NULL, NULL),
(176, 'Qatar', 'QA', '+974', 'Qatari riyal', 'ر.ق', 'QAR', 0, NULL, NULL),
(177, 'Romania', 'RO', '+40', 'Romanian leu', 'lei', 'RON', 0.051, NULL, NULL),
(178, 'Russia', 'RU', '+7', 'Russian ruble', '', 'RUB', 0, NULL, NULL),
(179, 'Rwanda', 'RW', '+250', 'Rwandan franc', 'Fr', 'RWF', 0, NULL, NULL),
(180, 'Reunion', 'RE', '+262', '', '', '', 0, NULL, NULL),
(181, 'Saint Barthelemy', 'BL', '+590', '', '', '', 0, NULL, NULL),
(182, 'Saint Helena, Ascens', 'SH', '+290', '', '', '', 0, NULL, NULL),
(183, 'Saint Kitts and Nevi', 'KN', '+1869', '', '', '', 0, NULL, NULL),
(184, 'Saint Lucia', 'LC', '+1758', 'East Caribbean dolla', '$', 'XCD', 0.032, NULL, NULL),
(185, 'Saint Martin', 'MF', '+590', '', '', '', 0, NULL, NULL),
(186, 'Saint Pierre and Miq', 'PM', '+508', '', '', '', 0, NULL, NULL),
(187, 'Saint Vincent and th', 'VC', '+1784', '', '', '', 0, NULL, NULL),
(188, 'Samoa', 'WS', '+685', 'Samoan t?l?', 'T', 'WST', 0, NULL, NULL),
(189, 'San Marino', 'SM', '+378', 'Euro', '€', 'EUR', 0.011, NULL, NULL),
(190, 'Sao Tome and Princip', 'ST', '+239', '', '', '', 0, NULL, NULL),
(191, 'Saudi Arabia', 'SA', '+966', 'Saudi riyal', 'ر.س', 'SAR', 0.045, NULL, NULL),
(192, 'Senegal', 'SN', '+221', 'West African CFA fra', 'Fr', 'XOF', 7.01, NULL, NULL),
(193, 'Serbia', 'RS', '+381', 'Serbian dinar', 'дин. or din.', 'RSD', 0, NULL, NULL),
(194, 'Seychelles', 'SC', '+248', 'Seychellois rupee', '₨', 'SCR', 0, NULL, NULL),
(195, 'Sierra Leone', 'SL', '+232', 'Sierra Leonean leone', 'Le', 'SLL', 105.1, NULL, NULL),
(196, 'Singapore', 'SG', '+65', 'Brunei dollar', '$', 'BND', 0.016, NULL, NULL),
(197, 'Slovakia', 'SK', '+421', 'Euro', '€', 'EUR', 0.011, NULL, NULL),
(198, 'Slovenia', 'SI', '+386', 'Euro', '€', 'EUR', 0.011, NULL, NULL),
(199, 'Solomon Islands', 'SB', '+677', 'Solomon Islands doll', '$', 'SBD', 0, NULL, NULL),
(200, 'Somalia', 'SO', '+252', 'Somali shilling', 'Sh', 'SOS', 0, NULL, NULL),
(201, 'South Africa', 'ZA', '+27', 'South African rand', 'R', 'ZAR', 0, NULL, NULL),
(202, 'South Georgia and th', 'GS', '+500', '', '', '', 0, NULL, NULL),
(203, 'Spain', 'ES', '+34', 'Euro', '€', 'EUR', 0.011, NULL, NULL),
(204, 'Sri Lanka', 'LK', '+94', 'Sri Lankan rupee', 'Rs or රු', 'LKR', 0, NULL, NULL),
(205, 'Sudan', 'SD', '+249', 'Sudanese pound', 'ج.س.', 'SDG', 0, NULL, NULL),
(206, 'Suriname', 'SR', '+597', 'Surinamese dollar', '$', 'SRD', 0.089, NULL, NULL),
(207, 'Svalbard and Jan May', 'SJ', '+47', '', '', '', 0, NULL, NULL),
(208, 'Swaziland', 'SZ', '+268', 'Swazi lilangeni', 'L', 'SZL', 0, NULL, NULL),
(209, 'Sweden', 'SE', '+46', 'Swedish krona', 'kr', 'SEK', 0, NULL, NULL),
(210, 'Switzerland', 'CH', '+41', 'Swiss franc', 'Fr', 'CHF', 0.012, NULL, NULL),
(211, 'Syrian Arab Republic', 'SY', '+963', '', '', '', 0, NULL, NULL),
(212, 'Taiwan', 'TW', '+886', 'New Taiwan dollar', '$', 'TWD', 0, NULL, NULL),
(213, 'Tajikistan', 'TJ', '+992', 'Tajikistani somoni', 'ЅМ', 'TJS', 0, NULL, NULL),
(214, 'Tanzania, United Rep', 'TZ', '+255', '', '', '', 0, NULL, NULL),
(215, 'Thailand', 'TH', '+66', 'Thai baht', '฿', 'THB', 0.38, NULL, NULL),
(216, 'Timor-Leste', 'TL', '+670', '', '', '', 0, NULL, NULL),
(217, 'Togo', 'TG', '+228', 'West African CFA fra', 'Fr', 'XOF', 7.01, NULL, NULL),
(218, 'Tokelau', 'TK', '+690', '', '', '', 0, NULL, NULL),
(219, 'Tonga', 'TO', '+676', 'Tongan pa?anga', 'T$', 'TOP', 0, NULL, NULL),
(220, 'Trinidad and Tobago', 'TT', '+1868', 'Trinidad and Tobago ', '$', 'TTD', 0, NULL, NULL),
(221, 'Tunisia', 'TN', '+216', 'Tunisian dinar', 'د.ت', 'TND', 0.036, NULL, NULL),
(222, 'Turkey', 'TR', '+90', 'Turkish lira', '', 'TRY', 0, NULL, NULL),
(223, 'Turkmenistan', 'TM', '+993', 'Turkmenistan manat', 'm', 'TMT', 0, NULL, NULL),
(224, 'Turks and Caicos Isl', 'TC', '+1649', '', '', '', 0, NULL, NULL),
(225, 'Tuvalu', 'TV', '+688', 'Australian dollar', '$', 'AUD', 0.017, NULL, NULL),
(226, 'Uganda', 'UG', '+256', 'Ugandan shilling', 'Sh', 'UGX', 0, NULL, NULL),
(227, 'Ukraine', 'UA', '+380', 'Ukrainian hryvnia', '₴', 'UAH', 0.31, NULL, NULL),
(228, 'United Arab Emirates', 'AE', '+971', 'United Arab Emirates', 'د.إ', 'AED', 0, NULL, NULL),
(229, 'United Kingdom', 'GB', '+44', 'British pound', '£', 'GBP', 0, NULL, NULL),
(230, 'United States', 'US', '+1', 'United States dollar', '$', 'USD', 2.72612, NULL, NULL),
(231, 'Uruguay', 'UY', '+598', 'Uruguayan peso', '$', 'UYU', 0, NULL, NULL),
(232, 'Uzbekistan', 'UZ', '+998', 'Uzbekistani som', '', 'UZS', 0, NULL, NULL),
(233, 'Vanuatu', 'VU', '+678', 'Vanuatu vatu', 'Vt', 'VUV', 0, NULL, NULL),
(234, 'Venezuela, Bolivaria', 'VE', '+58', '', '', '', 0, NULL, NULL),
(235, 'Vietnam', 'VN', '+84', 'Vietnamese ??ng', '₫', 'VND', 0, NULL, NULL),
(236, 'Virgin Islands, Brit', 'VG', '+1284', '', '', '', 0, NULL, NULL),
(237, 'Virgin Islands, U.S.', 'VI', '+1340', '', '', '', 0, NULL, NULL),
(238, 'Wallis and Futuna', 'WF', '+681', 'CFP franc', 'Fr', 'XPF', 0, NULL, NULL),
(239, 'Yemen', 'YE', '+967', 'Yemeni rial', '﷼', 'YER', 0, NULL, NULL),
(240, 'Zambia', 'ZM', '+260', 'Zambian kwacha', 'ZK', 'ZMW', 0, NULL, NULL),
(241, 'Zimbabwe', 'ZW', '+263', 'Botswana pula', 'P', 'BWP', 0, NULL, NULL);

-- --------------------------------------------------------

--
-- Table structure for table `coupons`
--

CREATE TABLE `coupons` (
  `id` int(10) UNSIGNED NOT NULL,
  `title` varchar(191) NOT NULL,
  `discount_type` int(11) NOT NULL,
  `coupon_code` varchar(191) DEFAULT NULL,
  `validity` date NOT NULL,
  `qty` int(11) DEFAULT NULL,
  `balance_qty` int(11) DEFAULT NULL,
  `coupon_amount` double(10,2) NOT NULL DEFAULT '0.00',
  `type` tinyint(3) UNSIGNED NOT NULL DEFAULT '0' COMMENT '1 = Fixed and 2 = Percentage',
  `created_by` int(10) UNSIGNED NOT NULL,
  `modified_by` int(10) UNSIGNED DEFAULT NULL,
  `status` tinyint(4) NOT NULL DEFAULT '3' COMMENT '1=Completed, 2=Processing, 3=Pending, 4=cancel',
  `created_at` timestamp NULL DEFAULT NULL,
  `updated_at` timestamp NULL DEFAULT NULL
) ENGINE=InnoDB DEFAULT CHARSET=utf8;

--
-- Dumping data for table `coupons`
--

INSERT INTO `coupons` (`id`, `title`, `discount_type`, `coupon_code`, `validity`, `qty`, `balance_qty`, `coupon_amount`, `type`, `created_by`, `modified_by`, `status`, `created_at`, `updated_at`) VALUES
(1, 'Eid offer', 2, '111', '2019-07-10', 6, 0, 10.00, 2, 1, 1, 1, '2019-04-20 04:45:33', '2019-07-09 10:40:56'),
(4, '10% discount', 2, '100012', '2019-08-10', 500, 49, 10.00, 1, 1, 1, 1, '2019-07-28 07:33:32', '2019-07-28 07:41:17'),
(5, 'More Than 1,000 Buy Are Offering Free Shipping', 3, NULL, '2019-12-31', NULL, NULL, 1000.00, 1, 1, 1, 1, '2019-07-30 12:42:08', '2019-11-09 10:58:43'),
(6, 'Bijoy Offer', 1, NULL, '2019-12-07', NULL, NULL, 16.00, 2, 1, 1, 1, '2019-12-01 02:17:37', '2019-12-16 19:14:56');

-- --------------------------------------------------------

--
-- Table structure for table `likes`
--

CREATE TABLE `likes` (
  `id` int(10) UNSIGNED NOT NULL,
  `liker_id` int(10) UNSIGNED DEFAULT NULL,
  `liker_ip` varchar(191) DEFAULT NULL,
  `likeable_id` int(10) UNSIGNED NOT NULL,
  `likeable_type` varchar(191) NOT NULL,
  `status` tinyint(4) NOT NULL DEFAULT '1' COMMENT '0=Not Liked yet, 1=Liked',
  `created_at` timestamp NULL DEFAULT NULL,
  `updated_at` timestamp NULL DEFAULT NULL
) ENGINE=InnoDB DEFAULT CHARSET=utf8;

-- --------------------------------------------------------

--
-- Table structure for table `media`
--

CREATE TABLE `media` (
  `id` int(10) UNSIGNED NOT NULL,
  `is_private` tinyint(4) NOT NULL DEFAULT '0' COMMENT '1=Yes, 0=No',
  `title` varchar(191) DEFAULT NULL,
  `caption` text,
  `alt` text,
  `description` text,
  `slug` varchar(191) NOT NULL,
  `created_by` int(10) UNSIGNED DEFAULT NULL,
  `modified_by` int(10) UNSIGNED DEFAULT NULL,
  `created_at` timestamp NULL DEFAULT NULL,
  `updated_at` timestamp NULL DEFAULT NULL
) ENGINE=InnoDB DEFAULT CHARSET=utf8;

--
-- Dumping data for table `media`
--

INSERT INTO `media` (`id`, `is_private`, `title`, `caption`, `alt`, `description`, `slug`, `created_by`, `modified_by`, `created_at`, `updated_at`) VALUES
(1, 0, '_DSC5389', NULL, NULL, NULL, '_dsc5389.jpg', 1, NULL, '2019-06-29 11:43:33', '2019-06-29 11:43:33'),
(2, 0, '_DSC5474', NULL, NULL, NULL, '_dsc5474.jpg', 1, NULL, '2019-06-29 11:43:33', '2019-06-29 11:43:33'),
(3, 0, '_DSC5482', NULL, NULL, NULL, '_dsc5482.jpg', 1, NULL, '2019-06-29 11:43:37', '2019-06-29 11:43:37'),
(4, 0, '_DSC5487', NULL, NULL, NULL, '_dsc5487.jpg', 1, NULL, '2019-06-29 11:43:38', '2019-06-29 11:43:38'),
(5, 0, '_DSC5489', NULL, NULL, NULL, '_dsc5489.jpg', 1, NULL, '2019-06-29 11:43:41', '2019-06-29 11:43:41'),
(6, 0, '_DSC5501', NULL, NULL, NULL, '_dsc5501.jpg', 1, NULL, '2019-06-29 11:43:41', '2019-06-29 11:43:41'),
(7, 0, '_DSC5508', NULL, NULL, NULL, '_dsc5508.jpg', 1, NULL, '2019-06-29 11:43:45', '2019-06-29 11:43:45'),
(8, 0, '_DSC5510', NULL, NULL, NULL, '_dsc5510.jpg', 1, NULL, '2019-06-29 11:43:46', '2019-06-29 11:43:46'),
(9, 0, '_DSC5512', NULL, NULL, NULL, '_dsc5512.jpg', 1, NULL, '2019-06-29 11:43:50', '2019-06-29 11:43:50'),
(10, 0, '_DSC5516', NULL, NULL, NULL, '_dsc5516.jpg', 1, NULL, '2019-06-29 11:43:50', '2019-06-29 11:43:50'),
(11, 0, '_DSC5520', NULL, NULL, NULL, '_dsc5520.jpg', 1, NULL, '2019-06-29 11:43:55', '2019-06-29 11:43:55'),
(12, 0, '_DSC5522', NULL, NULL, NULL, '_dsc5522.jpg', 1, NULL, '2019-06-29 11:43:55', '2019-06-29 11:43:55'),
(13, 0, '_DSC5527', NULL, NULL, NULL, '_dsc5527.jpg', 1, NULL, '2019-06-29 11:43:59', '2019-06-29 11:43:59'),
(14, 0, '_DSC5533', NULL, NULL, NULL, '_dsc5533.jpg', 1, NULL, '2019-06-29 11:43:59', '2019-06-29 11:43:59'),
(15, 0, '_DSC5541', NULL, NULL, NULL, '_dsc5541.jpg', 1, NULL, '2019-06-29 11:44:04', '2019-06-29 11:44:04'),
(16, 0, '_DSC5543', NULL, NULL, NULL, '_dsc5543.jpg', 1, NULL, '2019-06-29 11:44:04', '2019-06-29 11:44:04'),
(17, 0, '_DSC5584', NULL, NULL, NULL, '_dsc5584.jpg', 1, NULL, '2019-06-29 11:44:08', '2019-06-29 11:44:08'),
(18, 0, '_DSC5545', NULL, NULL, NULL, '_dsc5545.jpg', 1, NULL, '2019-06-29 11:44:08', '2019-06-29 11:44:08'),
(19, 0, '_DSC5586', NULL, NULL, NULL, '_dsc5586.jpg', 1, NULL, '2019-06-29 11:44:13', '2019-06-29 11:44:13'),
(20, 0, '_DSC5590', NULL, NULL, NULL, '_dsc5590.jpg', 1, NULL, '2019-06-29 11:44:13', '2019-06-29 11:44:13'),
(21, 0, '_DSC5592', NULL, NULL, NULL, '_dsc5592.jpg', 1, NULL, '2019-06-29 11:44:18', '2019-06-29 11:44:18'),
(22, 0, '_DSC5610', NULL, NULL, NULL, '_dsc5610.jpg', 1, NULL, '2019-06-29 11:44:18', '2019-06-29 11:44:18'),
(23, 0, '_DSC5612', NULL, NULL, NULL, '_dsc5612.jpg', 1, NULL, '2019-06-29 11:44:23', '2019-06-29 11:44:23'),
(24, 0, '_DSC5616', NULL, NULL, NULL, '_dsc5616.jpg', 1, NULL, '2019-06-29 11:44:23', '2019-06-29 11:44:23'),
(25, 0, '_DSC5621', NULL, NULL, NULL, '_dsc5621.jpg', 1, NULL, '2019-06-29 11:44:27', '2019-06-29 11:44:27'),
(26, 0, '_DSC5619', NULL, NULL, NULL, '_dsc5619.jpg', 1, NULL, '2019-06-29 11:44:27', '2019-06-29 11:44:27'),
(27, 0, '_DSC5623', NULL, NULL, NULL, '_dsc5623.jpg', 1, NULL, '2019-06-29 11:44:33', '2019-06-29 11:44:33'),
(28, 0, '_DSC5625', NULL, NULL, NULL, '_dsc5625.jpg', 1, NULL, '2019-06-29 11:44:33', '2019-06-29 11:44:33'),
(29, 0, '_DSC5631', NULL, NULL, NULL, '_dsc5631.jpg', 1, NULL, '2019-06-29 11:44:38', '2019-06-29 11:44:38'),
(30, 0, '_DSC5682', NULL, NULL, NULL, '_dsc5682.jpg', 1, NULL, '2019-06-29 11:44:38', '2019-06-29 11:44:38'),
(31, 0, '_dsc5688', NULL, NULL, NULL, '_dsc5688.jpg', 1, NULL, '2019-06-29 11:44:45', '2019-06-29 11:44:45'),
(32, 0, '_DSC5684', NULL, NULL, NULL, '_dsc5684.jpg', 1, NULL, '2019-06-29 11:44:45', '2019-06-29 11:44:45'),
(33, 0, '_dsc5690', NULL, NULL, NULL, '_dsc5690.jpg', 1, NULL, '2019-06-29 11:44:49', '2019-06-29 11:44:49'),
(34, 0, '_dsc5692', NULL, NULL, NULL, '_dsc5692.jpg', 1, NULL, '2019-06-29 11:44:49', '2019-06-29 11:44:49'),
(35, 0, '_DSC5694', NULL, NULL, NULL, '_dsc5694.jpg', 1, NULL, '2019-06-29 11:44:55', '2019-06-29 11:44:55'),
(36, 0, '_dsc5696', NULL, NULL, NULL, '_dsc5696.jpg', 1, NULL, '2019-06-29 11:44:56', '2019-06-29 11:44:56'),
(37, 0, '_dsc5698', NULL, NULL, NULL, '_dsc5698.jpg', 1, NULL, '2019-06-29 11:44:59', '2019-06-29 11:44:59'),
(38, 0, '_DSC5700', NULL, NULL, NULL, '_dsc5700.jpg', 1, NULL, '2019-06-29 11:45:00', '2019-06-29 11:45:00'),
(39, 0, '_DSC5702', NULL, NULL, NULL, '_dsc5702.jpg', 1, NULL, '2019-06-29 11:45:05', '2019-06-29 11:45:05'),
(40, 0, '_DSC5708', NULL, NULL, NULL, '_dsc5708.jpg', 1, NULL, '2019-06-29 11:45:05', '2019-06-29 11:45:05'),
(41, 0, '_DSC5710', NULL, NULL, NULL, '_dsc5710.jpg', 1, NULL, '2019-06-29 11:45:09', '2019-06-29 11:45:09'),
(42, 0, '_DSC5712', NULL, NULL, NULL, '_dsc5712.jpg', 1, NULL, '2019-06-29 11:45:10', '2019-06-29 11:45:10'),
(43, 0, '_dsc5714', NULL, NULL, NULL, '_dsc5714.jpg', 1, NULL, '2019-06-29 11:45:15', '2019-06-29 11:45:15'),
(44, 0, '_DSC5716', NULL, NULL, NULL, '_dsc5716.jpg', 1, NULL, '2019-06-29 11:45:15', '2019-06-29 11:45:15'),
(45, 0, '_DSC5718', NULL, NULL, NULL, '_dsc5718.jpg', 1, NULL, '2019-06-29 11:45:20', '2019-06-29 11:45:20'),
(46, 0, '_DSC5720', NULL, NULL, NULL, '_dsc5720.jpg', 1, NULL, '2019-06-29 11:45:20', '2019-06-29 11:45:20'),
(47, 0, '_DSC5724', NULL, NULL, NULL, '_dsc5724.jpg', 1, NULL, '2019-06-29 11:45:29', '2019-06-29 11:45:29'),
(48, 0, '_DSC5722', NULL, NULL, NULL, '_dsc5722.jpg', 1, NULL, '2019-06-29 11:45:29', '2019-06-29 11:45:29'),
(49, 0, '_DSC5726', NULL, NULL, NULL, '_dsc5726.jpg', 1, NULL, '2019-06-29 11:45:35', '2019-06-29 11:45:35'),
(50, 0, '_DSC5740', NULL, NULL, NULL, '_dsc5740.jpg', 1, NULL, '2019-06-29 11:46:23', '2019-06-29 11:46:23'),
(51, 0, '_DSC5738', NULL, NULL, NULL, '_dsc5738.jpg', 1, NULL, '2019-06-29 11:46:23', '2019-06-29 11:46:23'),
(52, 0, '_DSC5744', NULL, NULL, NULL, '_dsc5744.jpg', 1, NULL, '2019-06-29 11:46:28', '2019-06-29 11:46:28'),
(53, 0, '_DSC5749', NULL, NULL, NULL, '_dsc5749.jpg', 1, NULL, '2019-06-29 11:46:29', '2019-06-29 11:46:29'),
(54, 0, '_DSC5751', NULL, NULL, NULL, '_dsc5751.jpg', 1, NULL, '2019-06-29 11:46:36', '2019-06-29 11:46:36'),
(55, 0, '_DSC5753', NULL, NULL, NULL, '_dsc5753.jpg', 1, NULL, '2019-06-29 11:46:36', '2019-06-29 11:46:36'),
(56, 0, '_DSC5755', NULL, NULL, NULL, '_dsc5755.jpg', 1, NULL, '2019-06-29 11:46:40', '2019-06-29 11:46:40'),
(57, 0, '_DSC5759', NULL, NULL, NULL, '_dsc5759.jpg', 1, NULL, '2019-06-29 11:46:41', '2019-06-29 11:46:41'),
(58, 0, '_DSC5761', NULL, NULL, NULL, '_dsc5761.jpg', 1, NULL, '2019-06-29 11:46:44', '2019-06-29 11:46:44'),
(59, 0, '_DSC5763', NULL, NULL, NULL, '_dsc5763.jpg', 1, NULL, '2019-06-29 11:46:45', '2019-06-29 11:46:45'),
(60, 0, '_DSC5770', NULL, NULL, NULL, '_dsc5770.jpg', 1, NULL, '2019-06-29 11:46:51', '2019-06-29 11:46:51'),
(61, 0, '_DSC5776', NULL, NULL, NULL, '_dsc5776.jpg', 1, NULL, '2019-06-29 11:46:51', '2019-06-29 11:46:51'),
(62, 0, '_DSC5778', NULL, NULL, NULL, '_dsc5778.jpg', 1, NULL, '2019-06-29 11:46:58', '2019-06-29 11:46:58'),
(63, 0, '_DSC5783', NULL, NULL, NULL, '_dsc5783.jpg', 1, NULL, '2019-06-29 11:46:58', '2019-06-29 11:46:58'),
(64, 0, '_DSC5785', NULL, NULL, NULL, '_dsc5785.jpg', 1, NULL, '2019-06-29 11:47:02', '2019-06-29 11:47:02'),
(65, 0, '_DSC5787', NULL, NULL, NULL, '_dsc5787.jpg', 1, NULL, '2019-06-29 11:47:03', '2019-06-29 11:47:03'),
(66, 0, '_DSC5802', NULL, NULL, NULL, '_dsc5802.jpg', 1, NULL, '2019-06-29 11:47:07', '2019-06-29 11:47:07'),
(67, 0, '_DSC5809', NULL, NULL, NULL, '_dsc5809.jpg', 1, NULL, '2019-06-29 11:47:08', '2019-06-29 11:47:08'),
(68, 0, '_DSC5813', NULL, NULL, NULL, '_dsc5813.jpg', 1, NULL, '2019-06-29 11:47:12', '2019-06-29 11:47:12'),
(69, 0, '_DSC5814', NULL, NULL, NULL, '_dsc5814.jpg', 1, NULL, '2019-06-29 11:47:12', '2019-06-29 11:47:12'),
(70, 0, '_DSC5817', NULL, NULL, NULL, '_dsc5817.jpg', 1, NULL, '2019-06-29 11:47:15', '2019-06-29 11:47:15'),
(71, 0, '_DSC5819', NULL, NULL, NULL, '_dsc5819.jpg', 1, NULL, '2019-06-29 11:47:16', '2019-06-29 11:47:16'),
(72, 0, '_DSC5821', NULL, NULL, NULL, '_dsc5821.jpg', 1, NULL, '2019-06-29 11:47:20', '2019-06-29 11:47:20'),
(73, 0, '_DSC5829', NULL, NULL, NULL, '_dsc5829.jpg', 1, NULL, '2019-06-29 11:47:21', '2019-06-29 11:47:21'),
(74, 0, '_DSC5840', NULL, NULL, NULL, '_dsc5840.jpg', 1, NULL, '2019-06-29 11:47:23', '2019-06-29 11:47:23'),
(75, 0, '_DSC5842', NULL, NULL, NULL, '_dsc5842.jpg', 1, NULL, '2019-06-29 11:47:25', '2019-06-29 11:47:25'),
(76, 0, '_DSC5848', NULL, NULL, NULL, '_dsc5848.jpg', 1, NULL, '2019-06-29 11:47:26', '2019-06-29 11:47:26'),
(77, 0, '_DSC5860', NULL, NULL, NULL, '_dsc5860.jpg', 1, NULL, '2019-06-29 11:47:28', '2019-06-29 11:47:28'),
(78, 0, '_DSC5868', NULL, NULL, NULL, '_dsc5868.jpg', 1, NULL, '2019-06-29 11:47:29', '2019-06-29 11:47:29'),
(79, 0, '_DSC5870', NULL, NULL, NULL, '_dsc5870.jpg', 1, NULL, '2019-06-29 11:47:32', '2019-06-29 11:47:32'),
(80, 0, '_DSC5873', NULL, NULL, NULL, '_dsc5873.jpg', 1, NULL, '2019-06-29 11:47:33', '2019-06-29 11:47:33'),
(81, 0, '_DSC5880', NULL, NULL, NULL, '_dsc5880.jpg', 1, NULL, '2019-06-29 11:47:36', '2019-06-29 11:47:36'),
(82, 0, '_DSC5886', NULL, NULL, NULL, '_dsc5886.jpg', 1, NULL, '2019-06-29 11:47:37', '2019-06-29 11:47:37'),
(83, 0, '_DSC5893', NULL, NULL, NULL, '_dsc5893.jpg', 1, NULL, '2019-06-29 11:47:40', '2019-06-29 11:47:40'),
(84, 0, '_DSC5901', NULL, NULL, NULL, '_dsc5901.jpg', 1, NULL, '2019-06-29 11:47:41', '2019-06-29 11:47:41'),
(85, 0, '_DSC5912', NULL, NULL, NULL, '_dsc5912.jpg', 1, NULL, '2019-06-29 11:47:45', '2019-06-29 11:47:45'),
(86, 0, '_DSC5917', NULL, NULL, NULL, '_dsc5917.jpg', 1, NULL, '2019-06-29 11:47:45', '2019-06-29 11:47:45'),
(87, 0, '_DSC5919', NULL, NULL, NULL, '_dsc5919.jpg', 1, NULL, '2019-06-29 11:47:49', '2019-06-29 11:47:49'),
(88, 0, '_DSC5921', NULL, NULL, NULL, '_dsc5921.jpg', 1, NULL, '2019-06-29 11:47:49', '2019-06-29 11:47:49'),
(89, 0, '_DSC5923', NULL, NULL, NULL, '_dsc5923.jpg', 1, NULL, '2019-06-29 11:47:53', '2019-06-29 11:47:53'),
(90, 0, '_DSC5927', NULL, NULL, NULL, '_dsc5927.jpg', 1, NULL, '2019-06-29 11:47:54', '2019-06-29 11:47:54'),
(91, 0, '_DSC5931', NULL, NULL, NULL, '_dsc5931.jpg', 1, NULL, '2019-06-29 11:47:59', '2019-06-29 11:47:59'),
(92, 0, '_DSC5929', NULL, NULL, NULL, '_dsc5929.jpg', 1, NULL, '2019-06-29 11:47:59', '2019-06-29 11:47:59'),
(93, 0, '_DSC5941', NULL, NULL, NULL, '_dsc5941.jpg', 1, NULL, '2019-06-29 11:48:04', '2019-06-29 11:48:04'),
(94, 0, '_DSC5943', NULL, NULL, NULL, '_dsc5943.jpg', 1, NULL, '2019-06-29 11:48:04', '2019-06-29 11:48:04'),
(95, 0, '_DSC5945', NULL, NULL, NULL, '_dsc5945.jpg', 1, NULL, '2019-06-29 11:48:09', '2019-06-29 11:48:09'),
(96, 0, '_DSC5951', NULL, NULL, NULL, '_dsc5951.jpg', 1, NULL, '2019-06-29 11:48:09', '2019-06-29 11:48:09'),
(97, 0, '_DSC5964', NULL, NULL, NULL, '_dsc5964.jpg', 1, NULL, '2019-06-29 11:48:14', '2019-06-29 11:48:14'),
(98, 0, '_DSC5962', NULL, NULL, NULL, '_dsc5962.jpg', 1, NULL, '2019-06-29 11:48:14', '2019-06-29 11:48:14'),
(99, 0, '_DSC5968', NULL, NULL, NULL, '_dsc5968.jpg', 1, NULL, '2019-06-29 11:48:20', '2019-06-29 11:48:20'),
(100, 0, '_DSC5966', NULL, NULL, NULL, '_dsc5966.jpg', 1, NULL, '2019-06-29 11:48:20', '2019-06-29 11:48:20'),
(101, 0, '_DSC5970', NULL, NULL, NULL, '_dsc5970.jpg', 1, NULL, '2019-06-29 11:48:24', '2019-06-29 11:48:24'),
(102, 0, '_DSC5972', NULL, NULL, NULL, '_dsc5972.jpg', 1, NULL, '2019-06-29 11:48:24', '2019-06-29 11:48:24'),
(103, 0, '_DSC5974', NULL, NULL, NULL, '_dsc5974.jpg', 1, NULL, '2019-06-29 11:48:30', '2019-06-29 11:48:30'),
(104, 0, '_DSC5985', NULL, NULL, NULL, '_dsc5985.jpg', 1, NULL, '2019-06-29 11:48:30', '2019-06-29 11:48:30'),
(105, 0, '_DSC5987', NULL, NULL, NULL, '_dsc5987.jpg', 1, NULL, '2019-06-29 11:48:34', '2019-06-29 11:48:34'),
(106, 0, '_DSC5989', NULL, NULL, NULL, '_dsc5989.jpg', 1, NULL, '2019-06-29 11:48:34', '2019-06-29 11:48:34'),
(107, 0, '_dsc6301', NULL, NULL, NULL, '_dsc6301.jpg', 1, NULL, '2019-06-29 11:49:11', '2019-06-29 11:49:11'),
(108, 0, '1553678611._DSC5890', NULL, NULL, NULL, '1553678611._dsc5890.jpg', 1, NULL, '2019-06-29 11:49:11', '2019-06-29 11:49:11'),
(109, 0, '1553679387._DSC5862', NULL, NULL, NULL, '1553679387._dsc5862.jpg', 1, NULL, '2019-06-29 11:49:16', '2019-06-29 11:49:16'),
(110, 0, '1553683378._DSC5362', NULL, NULL, NULL, '1553683378._dsc5362.jpg', 1, NULL, '2019-06-29 11:49:16', '2019-06-29 11:49:16'),
(111, 0, '1553684509._DSC5462', NULL, NULL, NULL, '1553684509._dsc5462.jpg', 1, NULL, '2019-06-29 11:49:20', '2019-06-29 11:49:20'),
(112, 0, '1553685300._DSC5382', NULL, NULL, NULL, '1553685300._dsc5382.jpg', 1, NULL, '2019-06-29 11:49:20', '2019-06-29 11:49:20'),
(113, 0, '1553685480._DSC5579', NULL, NULL, NULL, '1553685480._dsc5579.jpg', 1, NULL, '2019-06-29 11:49:24', '2019-06-29 11:49:24'),
(114, 0, '1553742747._DSC5657', NULL, NULL, NULL, '1553742747._dsc5657.jpg', 1, NULL, '2019-06-29 11:49:25', '2019-06-29 11:49:25'),
(115, 0, '1553742825._DSC5653', NULL, NULL, NULL, '1553742825._dsc5653.jpg', 1, NULL, '2019-06-29 11:49:28', '2019-06-29 11:49:28'),
(116, 0, '1553742864._DSC5651', NULL, NULL, NULL, '1553742864._dsc5651.jpg', 1, NULL, '2019-06-29 11:49:28', '2019-06-29 11:49:28'),
(117, 0, '1553742985.DSC_0383', NULL, NULL, NULL, '1553742985.dsc_0383.jpg', 1, NULL, '2019-06-29 11:49:31', '2019-06-29 11:49:31'),
(118, 0, '1553743564.DSC_0378', NULL, NULL, NULL, '1553743564.dsc_0378.jpg', 1, NULL, '2019-06-29 11:49:32', '2019-06-29 11:49:32'),
(119, 0, '1553746174._DSC5380', NULL, NULL, NULL, '1553746174._dsc5380.jpg', 1, NULL, '2019-06-29 11:49:35', '2019-06-29 11:49:35'),
(120, 0, '1553746494._DSC5949', NULL, NULL, NULL, '1553746494._dsc5949.jpg', 1, NULL, '2019-06-29 11:49:36', '2019-06-29 11:49:36'),
(121, 0, '1553747468._DSC5394', NULL, NULL, NULL, '1553747468._dsc5394.jpg', 1, NULL, '2019-06-29 11:49:39', '2019-06-29 11:49:39'),
(122, 0, '1553747811.DSC_0374', NULL, NULL, NULL, '1553747811.dsc_0374.jpg', 1, NULL, '2019-06-29 11:49:40', '2019-06-29 11:49:40'),
(123, 0, '1553747842._DSC5374', NULL, NULL, NULL, '1553747842._dsc5374.jpg', 1, NULL, '2019-06-29 11:49:42', '2019-06-29 11:49:42'),
(124, 0, '1553748206._DSC5898', NULL, NULL, NULL, '1553748206._dsc5898.jpg', 1, NULL, '2019-06-29 11:49:43', '2019-06-29 11:49:43'),
(125, 0, '1553748503.DSC_0351', NULL, NULL, NULL, '1553748503.dsc_0351.jpg', 1, NULL, '2019-06-29 11:49:51', '2019-06-29 11:49:51'),
(126, 0, '1553748663._DSC5517', NULL, NULL, NULL, '1553748663._dsc5517.jpg', 1, NULL, '2019-06-29 11:49:52', '2019-06-29 11:49:52'),
(127, 0, '1553751444._DSC5399', NULL, NULL, NULL, '1553751444._dsc5399.jpg', 1, NULL, '2019-06-29 11:49:55', '2019-06-29 11:49:55'),
(128, 0, '1553751514.DSC_0361', NULL, NULL, NULL, '1553751514.dsc_0361.jpg', 1, NULL, '2019-06-29 11:49:56', '2019-06-29 11:49:56'),
(129, 0, '1553751860.DSC_0368', NULL, NULL, NULL, '1553751860.dsc_0368.jpg', 1, NULL, '2019-06-29 11:50:00', '2019-06-29 11:50:00'),
(130, 0, '1553751927._DSC5563', NULL, NULL, NULL, '1553751927._dsc5563.jpg', 1, NULL, '2019-06-29 11:50:00', '2019-06-29 11:50:00'),
(131, 0, '1553752638._DSC5423', NULL, NULL, NULL, '1553752638._dsc5423.jpg', 1, NULL, '2019-06-29 11:50:04', '2019-06-29 11:50:04'),
(132, 0, '1553752990._DSC5420', NULL, NULL, NULL, '1553752990._dsc5420.jpg', 1, NULL, '2019-06-29 11:50:05', '2019-06-29 11:50:05'),
(133, 0, '1553754255._DSC5602', NULL, NULL, NULL, '1553754255._dsc5602.jpg', 1, NULL, '2019-06-29 11:50:09', '2019-06-29 11:50:09'),
(134, 0, '1553754742._DSC5604', NULL, NULL, NULL, '1553754742._dsc5604.jpg', 1, NULL, '2019-06-29 11:50:10', '2019-06-29 11:50:10'),
(135, 0, '1553754800._DSC5608', NULL, NULL, NULL, '1553754800._dsc5608.jpg', 1, NULL, '2019-06-29 11:50:14', '2019-06-29 11:50:14'),
(136, 0, '1553754952._DSC5608', NULL, NULL, NULL, '1553754952._dsc5608.jpg', 1, NULL, '2019-06-29 11:50:14', '2019-06-29 11:50:14'),
(137, 0, '1553755930._DSC5535', NULL, NULL, NULL, '1553755930._dsc5535.jpg', 1, NULL, '2019-06-29 11:50:18', '2019-06-29 11:50:18'),
(138, 0, '1553756465._DSC5668', NULL, NULL, NULL, '1553756465._dsc5668.jpg', 1, NULL, '2019-06-29 11:50:18', '2019-06-29 11:50:18'),
(139, 0, '1555155539.cotton_candy', NULL, NULL, NULL, '1555155539.cotton_candy.jpeg', 1, NULL, '2019-06-29 11:50:23', '2019-06-29 11:50:23'),
(140, 0, '1555312779._DSC6023', NULL, NULL, NULL, '1555312779._dsc6023.jpg', 1, NULL, '2019-06-29 11:50:23', '2019-06-29 11:50:23'),
(141, 0, '1555318043._DSC6246', NULL, NULL, NULL, '1555318043._dsc6246.jpg', 1, NULL, '2019-06-29 11:50:27', '2019-06-29 11:50:27'),
(142, 0, '1555318500._DSC6104', NULL, NULL, NULL, '1555318500._dsc6104.jpg', 1, NULL, '2019-06-29 11:50:27', '2019-06-29 11:50:27'),
(143, 0, '1555318601._DSC6074', NULL, NULL, NULL, '1555318601._dsc6074.jpg', 1, NULL, '2019-06-29 11:50:31', '2019-06-29 11:50:31'),
(144, 0, '1555319721._DSC6200', NULL, NULL, NULL, '1555319721._dsc6200.jpg', 1, NULL, '2019-06-29 11:50:32', '2019-06-29 11:50:32'),
(145, 0, '1555319767._DSC6098', NULL, NULL, NULL, '1555319767._dsc6098.jpg', 1, NULL, '2019-06-29 11:50:35', '2019-06-29 11:50:35'),
(146, 0, '1555319844._DSC6072', NULL, NULL, NULL, '1555319844._dsc6072.jpg', 1, NULL, '2019-06-29 11:50:36', '2019-06-29 11:50:36'),
(147, 0, '1555319926._DSC6056', NULL, NULL, NULL, '1555319926._dsc6056.jpg', 1, NULL, '2019-06-29 11:50:43', '2019-06-29 11:50:43'),
(148, 0, '1555320021._DSC6203', NULL, NULL, NULL, '1555320021._dsc6203.jpg', 1, NULL, '2019-06-29 11:50:44', '2019-06-29 11:50:44'),
(149, 0, '1555320154._DSC6081', NULL, NULL, NULL, '1555320154._dsc6081.jpg', 1, NULL, '2019-06-29 11:50:49', '2019-06-29 11:50:49'),
(150, 0, '1555320358._DSC6288', NULL, NULL, NULL, '1555320358._dsc6288.jpg', 1, NULL, '2019-06-29 11:50:49', '2019-06-29 11:50:49'),
(151, 0, '1555320423._DSC6415', NULL, NULL, NULL, '1555320423._dsc6415.jpg', 1, NULL, '2019-06-29 11:50:53', '2019-06-29 11:50:53'),
(152, 0, '1555320491._DSC6352', NULL, NULL, NULL, '1555320491._dsc6352.jpg', 1, NULL, '2019-06-29 11:52:41', '2019-06-29 11:52:41'),
(153, 0, '1555320663._DSC6110', NULL, NULL, NULL, '1555320663._dsc6110.jpg', 1, NULL, '2019-06-29 11:52:41', '2019-06-29 11:52:41'),
(154, 0, '1555320744._DSC6019', NULL, NULL, NULL, '1555320744._dsc6019.jpg', 1, NULL, '2019-06-29 11:52:46', '2019-06-29 11:52:46'),
(155, 0, '1555320811.new_car', NULL, NULL, NULL, '1555320811.new_car.jpg', 1, NULL, '2019-06-29 11:52:46', '2019-06-29 11:52:46'),
(156, 0, '1555320844._DSC6078', NULL, NULL, NULL, '1555320844._dsc6078.jpg', 1, NULL, '2019-06-29 11:52:50', '2019-06-29 11:52:50'),
(157, 0, '1555321091.little-trees-relax-air-freshener-with-car-cleaning-hand-glovesdd', NULL, NULL, NULL, '1555321091.little-trees-relax-air-freshener-with-car-cleaning-hand-glovesdd.jpg', 1, NULL, '2019-06-29 11:52:50', '2019-06-29 11:52:50'),
(158, 0, '1555321133._DSC6396', NULL, NULL, NULL, '1555321133._dsc6396.jpg', 1, NULL, '2019-06-29 11:52:54', '2019-06-29 11:52:54'),
(159, 0, '1555321218._DSC6355', NULL, NULL, NULL, '1555321218._dsc6355.jpg', 1, NULL, '2019-06-29 11:52:54', '2019-06-29 11:52:54'),
(160, 0, '1555321502._DSC6050', NULL, NULL, NULL, '1555321502._dsc6050.jpg', 1, NULL, '2019-06-29 11:52:59', '2019-06-29 11:52:59'),
(161, 0, '1555321633._DSC6216', NULL, NULL, NULL, '1555321633._dsc6216.jpg', 1, NULL, '2019-06-29 11:52:59', '2019-06-29 11:52:59'),
(162, 0, '1555321762.M MART', NULL, NULL, NULL, '1555321762.m_mart.jpg', 1, NULL, '2019-06-29 11:53:03', '2019-06-29 11:53:03'),
(163, 0, '1555322164._DSC5998', NULL, NULL, NULL, '1555322164._dsc5998.jpg', 1, NULL, '2019-06-29 11:53:03', '2019-06-29 11:53:03'),
(164, 0, '1555322231._DSC6223', NULL, NULL, NULL, '1555322231._dsc6223.jpg', 1, NULL, '2019-06-29 11:53:09', '2019-06-29 11:53:09'),
(165, 0, '1555322500._DSC6186', NULL, NULL, NULL, '1555322500._dsc6186.jpg', 1, NULL, '2019-06-29 11:53:09', '2019-06-29 11:53:09'),
(166, 0, '1555322761._DSC6004', NULL, NULL, NULL, '1555322761._dsc6004.jpg', 1, NULL, '2019-06-29 11:53:14', '2019-06-29 11:53:14'),
(167, 0, '1555322818._DSC6094', NULL, NULL, NULL, '1555322818._dsc6094.jpg', 1, NULL, '2019-06-29 11:53:14', '2019-06-29 11:53:14'),
(168, 0, '1555323074._DSC6408', NULL, NULL, NULL, '1555323074._dsc6408.jpg', 1, NULL, '2019-06-29 11:53:20', '2019-06-29 11:53:20'),
(169, 0, '1555322874._DSC6026', NULL, NULL, NULL, '1555322874._dsc6026.jpg', 1, NULL, '2019-06-29 11:53:20', '2019-06-29 11:53:20'),
(170, 0, '1555323178._DSC6403', NULL, NULL, NULL, '1555323178._dsc6403.jpg', 1, NULL, '2019-06-29 11:53:25', '2019-06-29 11:53:25'),
(171, 0, '1555323342._DSC6213', NULL, NULL, NULL, '1555323342._dsc6213.jpg', 1, NULL, '2019-06-29 11:53:26', '2019-06-29 11:53:26'),
(172, 0, '1555323600._DSC6230', NULL, NULL, NULL, '1555323600._dsc6230.jpg', 1, NULL, '2019-06-29 11:53:29', '2019-06-29 11:53:29'),
(173, 0, '1555323673._DSC6226', NULL, NULL, NULL, '1555323673._dsc6226.jpg', 1, NULL, '2019-06-29 11:53:30', '2019-06-29 11:53:30'),
(174, 0, '1555323860._DSC6175', NULL, NULL, NULL, '1555323860._dsc6175.jpg', 1, NULL, '2019-06-29 11:53:33', '2019-06-29 11:53:33'),
(175, 0, '1555323957._DSC6031', NULL, NULL, NULL, '1555323957._dsc6031.jpg', 1, NULL, '2019-06-29 11:53:34', '2019-06-29 11:53:34'),
(176, 0, '1555324015._DSC6029', NULL, NULL, NULL, '1555324015._dsc6029.jpg', 1, NULL, '2019-06-29 11:53:38', '2019-06-29 11:53:38'),
(177, 0, '1555324092._DSC6123', NULL, NULL, NULL, '1555324092._dsc6123.jpg', 1, NULL, '2019-06-29 11:53:39', '2019-06-29 11:53:39'),
(178, 0, '1555324174._DSC6136', NULL, NULL, NULL, '1555324174._dsc6136.jpg', 1, NULL, '2019-06-29 11:53:43', '2019-06-29 11:53:43'),
(179, 0, '1555324301._DSC6038', NULL, NULL, NULL, '1555324301._dsc6038.jpg', 1, NULL, '2019-06-29 11:53:43', '2019-06-29 11:53:43'),
(180, 0, '1555324367._DSC6113', NULL, NULL, NULL, '1555324367._dsc6113.jpg', 1, NULL, '2019-06-29 11:53:47', '2019-06-29 11:53:47'),
(181, 0, '1555324565._DSC6265', NULL, NULL, NULL, '1555324565._dsc6265.jpg', 1, NULL, '2019-06-29 11:53:48', '2019-06-29 11:53:48'),
(182, 0, '1555325447._DSC6372', NULL, NULL, NULL, '1555325447._dsc6372.jpg', 1, NULL, '2019-06-29 11:53:53', '2019-06-29 11:53:53'),
(183, 0, '1555325246._DSC6053', NULL, NULL, NULL, '1555325246._dsc6053.jpg', 1, NULL, '2019-06-29 11:53:53', '2019-06-29 11:53:53'),
(184, 0, '1555325613._DSC6242', NULL, NULL, NULL, '1555325613._dsc6242.jpg', 1, NULL, '2019-06-29 11:53:58', '2019-06-29 11:53:58'),
(185, 0, '1555325519._DSC6345', NULL, NULL, NULL, '1555325519._dsc6345.jpg', 1, NULL, '2019-06-29 11:53:58', '2019-06-29 11:53:58'),
(186, 0, '1555325696._DSC6332', NULL, NULL, NULL, '1555325696._dsc6332.jpg', 1, NULL, '2019-06-29 11:54:03', '2019-06-29 11:54:03'),
(187, 0, '1555325812._DSC6337', NULL, NULL, NULL, '1555325812._dsc6337.jpg', 1, NULL, '2019-06-29 11:54:04', '2019-06-29 11:54:04'),
(188, 0, '1555326151._DSC6292', NULL, NULL, NULL, '1555326151._dsc6292.jpg', 1, NULL, '2019-06-29 11:54:07', '2019-06-29 11:54:07'),
(189, 0, '1555326383._DSC6367', NULL, NULL, NULL, '1555326383._dsc6367.jpg', 1, NULL, '2019-06-29 11:54:08', '2019-06-29 11:54:08'),
(190, 0, '1555326514._DSC6342', NULL, NULL, NULL, '1555326514._dsc6342.jpg', 1, NULL, '2019-06-29 11:54:11', '2019-06-29 11:54:11'),
(191, 0, '1555326570._DSC6329', NULL, NULL, NULL, '1555326570._dsc6329.jpg', 1, NULL, '2019-06-29 11:54:12', '2019-06-29 11:54:12'),
(192, 0, '1555326637._DSC6329', NULL, NULL, NULL, '1555326637._dsc6329.jpg', 1, NULL, '2019-06-29 11:54:15', '2019-06-29 11:54:15'),
(193, 0, '1555326735._DSC6012', NULL, NULL, NULL, '1555326735._dsc6012.jpg', 1, NULL, '2019-06-29 11:54:16', '2019-06-29 11:54:16'),
(194, 0, '1555327194._DSC6035', NULL, NULL, NULL, '1555327194._dsc6035.jpg', 1, NULL, '2019-06-29 11:54:19', '2019-06-29 11:54:19'),
(195, 0, '1555327262._DSC6091', NULL, NULL, NULL, '1555327262._dsc6091.jpg', 1, NULL, '2019-06-29 11:54:20', '2019-06-29 11:54:20'),
(196, 0, '1555327393._DSC6110', NULL, NULL, NULL, '1555327393._dsc6110.jpg', 1, NULL, '2019-06-29 11:54:23', '2019-06-29 11:54:23'),
(197, 0, '1555387366.71bGYS3LNyL._SL1500_', NULL, NULL, NULL, '1555387366.71bgys3lnyl._sl1500_.jpg', 1, NULL, '2019-06-29 11:54:24', '2019-06-29 11:54:24'),
(198, 0, '1555397200.061227-1-1', NULL, NULL, NULL, '1555397200.061227-1-1.jpg', 1, NULL, '2019-06-29 11:54:27', '2019-06-29 11:54:27'),
(199, 0, '1555400524._DSC5791', NULL, NULL, NULL, '1555400524._dsc5791.jpg', 1, NULL, '2019-06-29 11:54:28', '2019-06-29 11:54:28'),
(200, 0, '1555738223._DSC5772', NULL, NULL, NULL, '1555738223._dsc5772.jpg', 1, NULL, '2019-06-29 11:54:31', '2019-06-29 11:54:31'),
(201, 0, '1555738560._DSC5594', NULL, NULL, NULL, '1555738560._dsc5594.jpg', 1, NULL, '2019-06-29 11:54:32', '2019-06-29 11:54:32'),
(202, 0, '1555739487._DSC5888', NULL, NULL, NULL, '1555739487._dsc5888.jpg', 1, NULL, '2019-06-29 11:54:35', '2019-06-29 11:54:35'),
(203, 0, '1555743325.397895', NULL, NULL, NULL, '1555743325.397895.jpg', 1, NULL, '2019-06-29 11:54:36', '2019-06-29 11:54:36'),
(204, 0, '1555743482.401353', NULL, NULL, NULL, '1555743482.401353.jpg', 1, NULL, '2019-06-29 11:54:39', '2019-06-29 11:54:39'),
(205, 0, '1555748483.021002', NULL, NULL, NULL, '1555748483.021002.jpg', 1, NULL, '2019-06-29 11:54:40', '2019-06-29 11:54:40'),
(206, 0, '1555748652.377905', NULL, NULL, NULL, '1555748652.377905.jpg', 1, NULL, '2019-06-29 11:54:42', '2019-06-29 11:54:42'),
(207, 0, '1555748824.397897', NULL, NULL, NULL, '1555748824.397897.jpg', 1, NULL, '2019-06-29 11:54:43', '2019-06-29 11:54:43'),
(208, 0, '1555750586.441385', NULL, NULL, NULL, '1555750586.441385.jpg', 1, NULL, '2019-06-29 11:54:45', '2019-06-29 11:54:45'),
(209, 0, '1555756783.442103', NULL, NULL, NULL, '1555756783.442103.jpg', 1, NULL, '2019-06-29 11:54:47', '2019-06-29 11:54:47'),
(210, 0, '1555756995.547874', NULL, NULL, NULL, '1555756995.547874.jpg', 1, NULL, '2019-06-29 11:54:51', '2019-06-29 11:54:51'),
(211, 0, '1555757162.397904', NULL, NULL, NULL, '1555757162.397904.jpg', 1, NULL, '2019-06-29 11:54:53', '2019-06-29 11:54:53'),
(212, 0, '1555757484.397905', NULL, NULL, NULL, '1555757484.397905.jpg', 1, NULL, '2019-06-29 11:54:54', '2019-06-29 11:54:54'),
(213, 0, '1555759399.547875', NULL, NULL, NULL, '1555759399.547875.jpg', 1, NULL, '2019-06-29 11:54:57', '2019-06-29 11:54:57'),
(214, 0, '1555759514.377447', NULL, NULL, NULL, '1555759514.377447.jpg', 1, NULL, '2019-06-29 11:54:58', '2019-06-29 11:54:58'),
(215, 0, '1557307047.105757', NULL, NULL, NULL, '1557307047.105757.jpg', 1, NULL, '2019-06-29 11:55:00', '2019-06-29 11:55:00'),
(216, 0, '1557307881.305422', NULL, NULL, NULL, '1557307881.305422.jpg', 1, NULL, '2019-06-29 11:56:27', '2019-06-29 11:56:27'),
(217, 0, '1557307544.122726', NULL, NULL, NULL, '1557307544.122726.jpg', 1, NULL, '2019-06-29 11:56:28', '2019-06-29 11:56:28'),
(218, 0, '1557374261.071724', NULL, NULL, NULL, '1557374261.071724.jpg', 1, NULL, '2019-06-29 11:56:32', '2019-06-29 11:56:32'),
(219, 0, '1557373867.297431', NULL, NULL, NULL, '1557373867.297431.jpg', 1, NULL, '2019-06-29 11:56:32', '2019-06-29 11:56:32'),
(220, 0, '1557374493.020909 (1)', NULL, NULL, NULL, '1557374493.020909__281_29.jpg', 1, NULL, '2019-06-29 11:56:36', '2019-06-29 11:56:36'),
(221, 0, '1557374493.020909', NULL, NULL, NULL, '1557374493.020909.jpg', 1, NULL, '2019-06-29 11:56:36', '2019-06-29 11:56:36'),
(222, 0, '1557374745.294603', NULL, NULL, NULL, '1557374745.294603.jpg', 1, NULL, '2019-06-29 11:56:40', '2019-06-29 11:56:40'),
(223, 0, '1557375490.016038', NULL, NULL, NULL, '1557375490.016038.jpg', 1, NULL, '2019-06-29 11:56:40', '2019-06-29 11:56:40'),
(224, 0, '1557375548.016035', NULL, NULL, NULL, '1557375548.016035.jpg', 1, NULL, '2019-06-29 11:56:44', '2019-06-29 11:56:44'),
(225, 0, '1557375807.050169', NULL, NULL, NULL, '1557375807.050169.jpg', 1, NULL, '2019-06-29 11:56:45', '2019-06-29 11:56:45'),
(226, 0, '1557375937.050167', NULL, NULL, NULL, '1557375937.050167.jpg', 1, NULL, '2019-06-29 11:56:48', '2019-06-29 11:56:48'),
(227, 0, '1557376146.175858', NULL, NULL, NULL, '1557376146.175858.jpg', 1, NULL, '2019-06-29 11:56:49', '2019-06-29 11:56:49'),
(228, 0, '1557376356.317374', NULL, NULL, NULL, '1557376356.317374.jpg', 1, NULL, '2019-06-29 11:56:52', '2019-06-29 11:56:52'),
(229, 0, '1557376808.317376', NULL, NULL, NULL, '1557376808.317376.jpg', 1, NULL, '2019-06-29 11:56:52', '2019-06-29 11:56:52'),
(230, 0, '1557377176.245414', NULL, NULL, NULL, '1557377176.245414.jpg', 1, NULL, '2019-06-29 11:56:56', '2019-06-29 11:56:56'),
(231, 0, '1557378788.237065', NULL, NULL, NULL, '1557378788.237065.jpg', 1, NULL, '2019-06-29 11:56:56', '2019-06-29 11:56:56'),
(232, 0, '1557379474.3429801', NULL, NULL, NULL, '1557379474.3429801.jpg', 1, NULL, '2019-06-29 11:57:00', '2019-06-29 11:57:00'),
(233, 0, '1557379887.342981_2', NULL, NULL, NULL, '1557379887.342981_2.jpg', 1, NULL, '2019-06-29 11:57:01', '2019-06-29 11:57:01'),
(234, 0, '1557380081.217269_1', NULL, NULL, NULL, '1557380081.217269_1.jpg', 1, NULL, '2019-06-29 11:57:06', '2019-06-29 11:57:06'),
(235, 0, '1557380254.374012_1', NULL, NULL, NULL, '1557380254.374012_1.jpg', 1, NULL, '2019-06-29 11:57:06', '2019-06-29 11:57:06'),
(236, 0, '1557380411.373701', NULL, NULL, NULL, '1557380411.373701.jpg', 1, NULL, '2019-06-29 11:57:10', '2019-06-29 11:57:10'),
(237, 0, '1557380586.301284_1', NULL, NULL, NULL, '1557380586.301284_1.jpg', 1, NULL, '2019-06-29 11:57:10', '2019-06-29 11:57:10'),
(238, 0, '1557380934.523165', NULL, NULL, NULL, '1557380934.523165.jpg', 1, NULL, '2019-06-29 11:57:14', '2019-06-29 11:57:14'),
(239, 0, '1557380808.428961', NULL, NULL, NULL, '1557380808.428961.jpg', 1, NULL, '2019-06-29 11:57:15', '2019-06-29 11:57:15'),
(240, 0, '1557381186.177279', NULL, NULL, NULL, '1557381186.177279.jpg', 1, NULL, '2019-06-29 11:57:19', '2019-06-29 11:57:19'),
(241, 0, '1557381055.377809', NULL, NULL, NULL, '1557381055.377809.jpg', 1, NULL, '2019-06-29 11:57:19', '2019-06-29 11:57:19'),
(242, 0, '1557382039.169803', NULL, NULL, NULL, '1557382039.169803.jpg', 1, NULL, '2019-06-29 11:57:24', '2019-06-29 11:57:24'),
(243, 0, '1557381348.122855', NULL, NULL, NULL, '1557381348.122855.jpg', 1, NULL, '2019-06-29 11:57:24', '2019-06-29 11:57:24'),
(244, 0, '1557382394.170079_1', NULL, NULL, NULL, '1557382394.170079_1.jpg', 1, NULL, '2019-06-29 11:57:29', '2019-06-29 11:57:29'),
(245, 0, '1557382533.169887_1', NULL, NULL, NULL, '1557382533.169887_1.jpg', 1, NULL, '2019-06-29 11:57:29', '2019-06-29 11:57:29'),
(246, 0, '1557382942.553922', NULL, NULL, NULL, '1557382942.553922.jpg', 1, NULL, '2019-06-29 11:57:33', '2019-06-29 11:57:33'),
(247, 0, '1557383145.013925_1', NULL, NULL, NULL, '1557383145.013925_1.jpg', 1, NULL, '2019-06-29 11:57:33', '2019-06-29 11:57:33'),
(248, 0, '1557383499.516139', NULL, NULL, NULL, '1557383499.516139.jpg', 1, NULL, '2019-06-29 11:57:38', '2019-06-29 11:57:38'),
(249, 0, '1557383353.078972', NULL, NULL, NULL, '1557383353.078972.jpg', 1, NULL, '2019-06-29 11:57:38', '2019-06-29 11:57:38'),
(250, 0, '1557383657.003338', NULL, NULL, NULL, '1557383657.003338.jpg', 1, NULL, '2019-06-29 11:57:43', '2019-06-29 11:57:43'),
(251, 0, '1557383769.003337', NULL, NULL, NULL, '1557383769.003337.jpg', 1, NULL, '2019-06-29 11:57:43', '2019-06-29 11:57:43'),
(252, 0, '1557383930.534362', NULL, NULL, NULL, '1557383930.534362.jpg', 1, NULL, '2019-06-29 11:57:49', '2019-06-29 11:57:49'),
(253, 0, '1557384079.000894', NULL, NULL, NULL, '1557384079.000894.jpg', 1, NULL, '2019-06-29 11:57:49', '2019-06-29 11:57:49'),
(254, 0, '1557384224.000913', NULL, NULL, NULL, '1557384224.000913.jpg', 1, NULL, '2019-06-29 11:57:53', '2019-06-29 11:57:53'),
(255, 0, '1557388567.000986', NULL, NULL, NULL, '1557388567.000986.jpg', 1, NULL, '2019-06-29 11:57:54', '2019-06-29 11:57:54'),
(256, 0, '1557389057.011856', NULL, NULL, NULL, '1557389057.011856.jpg', 1, NULL, '2019-06-29 11:58:00', '2019-06-29 11:58:00'),
(257, 0, '1557389188.237662', NULL, NULL, NULL, '1557389188.237662.jpg', 1, NULL, '2019-06-29 11:58:01', '2019-06-29 11:58:01'),
(258, 0, '1557389308.512890', NULL, NULL, NULL, '1557389308.512890.jpg', 1, NULL, '2019-06-29 11:58:05', '2019-06-29 11:58:05'),
(259, 0, '1557389547.018279', NULL, NULL, NULL, '1557389547.018279.jpg', 1, NULL, '2019-06-29 11:58:06', '2019-06-29 11:58:06'),
(260, 0, '1557389869.018281', NULL, NULL, NULL, '1557389869.018281.jpg', 1, NULL, '2019-06-29 11:58:10', '2019-06-29 11:58:10'),
(261, 0, '1557390010.018278', NULL, NULL, NULL, '1557390010.018278.jpg', 1, NULL, '2019-06-29 11:58:10', '2019-06-29 11:58:10'),
(262, 0, '1557390585.014709', NULL, NULL, NULL, '1557390585.014709.jpg', 1, NULL, '2019-06-29 11:58:15', '2019-06-29 11:58:15'),
(263, 0, '1557391054.250586', NULL, NULL, NULL, '1557391054.250586.jpg', 1, NULL, '2019-06-29 11:58:16', '2019-06-29 11:58:16'),
(264, 0, '1557391546.250217', NULL, NULL, NULL, '1557391546.250217.jpg', 1, NULL, '2019-06-29 11:58:19', '2019-06-29 11:58:19'),
(265, 0, '1557391690.112728', NULL, NULL, NULL, '1557391690.112728.jpg', 1, NULL, '2019-06-29 11:58:20', '2019-06-29 11:58:20'),
(266, 0, '1557392280.002015', NULL, NULL, NULL, '1557392280.002015.jpg', 1, NULL, '2019-06-29 11:58:26', '2019-06-29 11:58:26'),
(267, 0, '1557391923.001998', NULL, NULL, NULL, '1557391923.001998.jpg', 1, NULL, '2019-06-29 11:58:26', '2019-06-29 11:58:26'),
(268, 0, '1557392467.173153', NULL, NULL, NULL, '1557392467.173153.jpg', 1, NULL, '2019-06-29 11:58:30', '2019-06-29 11:58:30'),
(269, 0, '1557392998.412167', NULL, NULL, NULL, '1557392998.412167.jpg', 1, NULL, '2019-06-29 11:58:31', '2019-06-29 11:58:31'),
(270, 0, '1557393240.020866', NULL, NULL, NULL, '1557393240.020866.jpg', 1, NULL, '2019-06-29 11:58:35', '2019-06-29 11:58:35'),
(271, 0, '1557393401.442418', NULL, NULL, NULL, '1557393401.442418.jpg', 1, NULL, '2019-06-29 11:58:35', '2019-06-29 11:58:35'),
(272, 0, '1557394070.047830', NULL, NULL, NULL, '1557394070.047830.jpg', 1, NULL, '2019-06-29 11:58:41', '2019-06-29 11:58:41'),
(273, 0, '1557394229.045729', NULL, NULL, NULL, '1557394229.045729.jpg', 1, NULL, '2019-06-29 11:58:41', '2019-06-29 11:58:41'),
(274, 0, '1557545700.087096', NULL, NULL, NULL, '1557545700.087096.jpg', 1, NULL, '2019-06-29 11:58:46', '2019-06-29 11:58:46'),
(275, 0, '1557545481.298658', NULL, NULL, NULL, '1557545481.298658.jpg', 1, NULL, '2019-06-29 11:58:46', '2019-06-29 11:58:46'),
(276, 0, '1557545980.176406', NULL, NULL, NULL, '1557545980.176406.jpg', 1, NULL, '2019-06-29 11:58:50', '2019-06-29 11:58:50'),
(277, 0, '1557545844.366308', NULL, NULL, NULL, '1557545844.366308.jpg', 1, NULL, '2019-06-29 11:58:50', '2019-06-29 11:58:50'),
(278, 0, '1557546598.019081', NULL, NULL, NULL, '1557546598.019081.jpg', 1, NULL, '2019-06-29 11:58:55', '2019-06-29 11:58:55'),
(279, 0, '1557546116.024024', NULL, NULL, NULL, '1557546116.024024.jpg', 1, NULL, '2019-06-29 11:58:55', '2019-06-29 11:58:55'),
(280, 0, '1557546984.132248', NULL, NULL, NULL, '1557546984.132248.jpg', 1, NULL, '2019-06-29 11:59:00', '2019-06-29 11:59:00'),
(281, 0, '1557546822.366308', NULL, NULL, NULL, '1557546822.366308.jpg', 1, NULL, '2019-06-29 11:59:00', '2019-06-29 11:59:00'),
(282, 0, '1557547135.019066', NULL, NULL, NULL, '1557547135.019066.jpg', 1, NULL, '2019-06-29 11:59:05', '2019-06-29 11:59:05'),
(283, 0, '1557547319.519874', NULL, NULL, NULL, '1557547319.519874.jpg', 1, NULL, '2019-06-29 11:59:06', '2019-06-29 11:59:06'),
(284, 0, '1557547729.403056', NULL, NULL, NULL, '1557547729.403056.jpg', 1, NULL, '2019-06-29 11:59:10', '2019-06-29 11:59:10'),
(285, 0, '1557547508.496598', NULL, NULL, NULL, '1557547508.496598.jpg', 1, NULL, '2019-06-29 11:59:10', '2019-06-29 11:59:10'),
(286, 0, '1557547927.393431', NULL, NULL, NULL, '1557547927.393431.jpg', 1, NULL, '2019-06-29 11:59:15', '2019-06-29 11:59:15'),
(287, 0, '1557548061.441774', NULL, NULL, NULL, '1557548061.441774.jpg', 1, NULL, '2019-06-29 11:59:15', '2019-06-29 11:59:15'),
(288, 0, '1557548612.014222', NULL, NULL, NULL, '1557548612.014222.jpg', 1, NULL, '2019-06-29 11:59:19', '2019-06-29 11:59:19'),
(289, 0, '1557549006.013966', NULL, NULL, NULL, '1557549006.013966.jpg', 1, NULL, '2019-06-29 11:59:20', '2019-06-29 11:59:20'),
(290, 0, '1557549115.404204', NULL, NULL, NULL, '1557549115.404204.jpg', 1, NULL, '2019-06-29 11:59:23', '2019-06-29 11:59:23'),
(291, 0, '1557549292.114332', NULL, NULL, NULL, '1557549292.114332.jpg', 1, NULL, '2019-06-29 11:59:24', '2019-06-29 11:59:24'),
(292, 0, '1557549425.191898', NULL, NULL, NULL, '1557549425.191898.jpg', 1, NULL, '2019-06-29 11:59:26', '2019-06-29 11:59:26'),
(293, 0, '1557549572.159204', NULL, NULL, NULL, '1557549572.159204.jpg', 1, NULL, '2019-06-29 11:59:27', '2019-06-29 11:59:27'),
(294, 0, '1557549729.014002', NULL, NULL, NULL, '1557549729.014002.jpg', 1, NULL, '2019-06-29 11:59:30', '2019-06-29 11:59:30'),
(295, 0, '1557550299.159206', NULL, NULL, NULL, '1557550299.159206.jpg', 1, NULL, '2019-06-29 11:59:31', '2019-06-29 11:59:31'),
(296, 0, '1557550475.072937', NULL, NULL, NULL, '1557550475.072937.jpg', 1, NULL, '2019-06-29 11:59:37', '2019-06-29 11:59:37'),
(297, 0, '1557550761.072938', NULL, NULL, NULL, '1557550761.072938.jpg', 1, NULL, '2019-06-29 11:59:37', '2019-06-29 11:59:37'),
(298, 0, '1557550916.297659', NULL, NULL, NULL, '1557550916.297659.jpg', 1, NULL, '2019-06-29 11:59:41', '2019-06-29 11:59:41'),
(299, 0, '1557551073.014176', NULL, NULL, NULL, '1557551073.014176.jpg', 1, NULL, '2019-06-29 11:59:41', '2019-06-29 11:59:41'),
(300, 0, '1557551380.014119', NULL, NULL, NULL, '1557551380.014119.jpg', 1, NULL, '2019-06-29 11:59:45', '2019-06-29 11:59:45'),
(301, 0, '1557552197.014177', NULL, NULL, NULL, '1557552197.014177.jpg', 1, NULL, '2019-06-29 11:59:45', '2019-06-29 11:59:45'),
(302, 0, '1557552363.106937', NULL, NULL, NULL, '1557552363.106937.jpg', 1, NULL, '2019-06-29 11:59:49', '2019-06-29 11:59:49'),
(303, 0, '1557552577.031614', NULL, NULL, NULL, '1557552577.031614.jpg', 1, NULL, '2019-06-29 11:59:49', '2019-06-29 11:59:49'),
(304, 0, '1557552713.031628', NULL, NULL, NULL, '1557552713.031628.jpg', 1, NULL, '2019-06-29 11:59:52', '2019-06-29 11:59:52'),
(305, 0, '1557552816.263916', NULL, NULL, NULL, '1557552816.263916.jpg', 1, NULL, '2019-06-29 11:59:53', '2019-06-29 11:59:53'),
(306, 0, '1557552977.183065', NULL, NULL, NULL, '1557552977.183065.jpg', 1, NULL, '2019-06-29 11:59:55', '2019-06-29 11:59:55'),
(307, 0, '1557553940.554729', NULL, NULL, NULL, '1557553940.554729.jpg', 1, NULL, '2019-06-29 12:01:29', '2019-06-29 12:01:29'),
(308, 0, '1557553695.new_picture', NULL, NULL, NULL, '1557553695.new_picture.jpg', 1, NULL, '2019-06-29 12:01:29', '2019-06-29 12:01:29'),
(309, 0, '1557554336.449010', NULL, NULL, NULL, '1557554336.449010.jpg', 1, NULL, '2019-06-29 12:01:33', '2019-06-29 12:01:33'),
(310, 0, '1557554235.449008', NULL, NULL, NULL, '1557554235.449008.jpg', 1, NULL, '2019-06-29 12:01:33', '2019-06-29 12:01:33'),
(311, 0, '1557554522.354002', NULL, NULL, NULL, '1557554522.354002.jpg', 1, NULL, '2019-06-29 12:01:38', '2019-06-29 12:01:38'),
(312, 0, '1557554449.554805', NULL, NULL, NULL, '1557554449.554805.jpg', 1, NULL, '2019-06-29 12:01:38', '2019-06-29 12:01:38'),
(313, 0, '1557554774.215248', NULL, NULL, NULL, '1557554774.215248.jpg', 1, NULL, '2019-06-29 12:01:42', '2019-06-29 12:01:42'),
(314, 0, '1557554631.554730', NULL, NULL, NULL, '1557554631.554730.jpg', 1, NULL, '2019-06-29 12:01:43', '2019-06-29 12:01:43'),
(315, 0, '1557555141.017380', NULL, NULL, NULL, '1557555141.017380.jpg', 1, NULL, '2019-06-29 12:01:48', '2019-06-29 12:01:48'),
(316, 0, '1557554946.017149', NULL, NULL, NULL, '1557554946.017149.jpg', 1, NULL, '2019-06-29 12:01:48', '2019-06-29 12:01:48'),
(317, 0, '1557555345.IDShot_540x540', NULL, NULL, NULL, '1557555345.idshot_540x540.jpg', 1, NULL, '2019-06-29 12:01:52', '2019-06-29 12:01:52'),
(318, 0, '1557555708.426813', NULL, NULL, NULL, '1557555708.426813.jpg', 1, NULL, '2019-06-29 12:01:52', '2019-06-29 12:01:52'),
(319, 0, '1557555881.553584', NULL, NULL, NULL, '1557555881.553584.jpg', 1, NULL, '2019-06-29 12:01:58', '2019-06-29 12:01:58'),
(320, 0, '1557556003.020869', NULL, NULL, NULL, '1557556003.020869.jpg', 1, NULL, '2019-06-29 12:01:58', '2019-06-29 12:01:58'),
(321, 0, '1557556155.247959', NULL, NULL, NULL, '1557556155.247959.jpg', 1, NULL, '2019-06-29 12:02:03', '2019-06-29 12:02:03'),
(322, 0, '1557556714.553599', NULL, NULL, NULL, '1557556714.553599.jpg', 1, NULL, '2019-06-29 12:02:03', '2019-06-29 12:02:03'),
(323, 0, '1557557177.017395', NULL, NULL, NULL, '1557557177.017395.jpg', 1, NULL, '2019-06-29 12:02:07', '2019-06-29 12:02:07'),
(324, 0, '1557556876.IDShot_540x540', NULL, NULL, NULL, '1557556876.idshot_540x540.jpg', 1, NULL, '2019-06-29 12:02:08', '2019-06-29 12:02:08'),
(325, 0, '1557557395.017397', NULL, NULL, NULL, '1557557395.017397.jpg', 1, NULL, '2019-06-29 12:02:12', '2019-06-29 12:02:12'),
(326, 0, '1557558420.273146', NULL, NULL, NULL, '1557558420.273146.jpg', 1, NULL, '2019-06-29 12:02:13', '2019-06-29 12:02:13'),
(327, 0, '1557558635.017412', NULL, NULL, NULL, '1557558635.017412.jpg', 1, NULL, '2019-06-29 12:02:17', '2019-06-29 12:02:17'),
(328, 0, '1557558889.300453', NULL, NULL, NULL, '1557558889.300453.jpg', 1, NULL, '2019-06-29 12:02:18', '2019-06-29 12:02:18'),
(329, 0, '1557559077.049106', NULL, NULL, NULL, '1557559077.049106.jpg', 1, NULL, '2019-06-29 12:02:21', '2019-06-29 12:02:21'),
(330, 0, '1557559190.021517', NULL, NULL, NULL, '1557559190.021517.jpg', 1, NULL, '2019-06-29 12:02:22', '2019-06-29 12:02:22'),
(331, 0, '1557561462.021490', NULL, NULL, NULL, '1557561462.021490.jpg', 1, NULL, '2019-06-29 12:02:26', '2019-06-29 12:02:26'),
(332, 0, '1557561780.447805', NULL, NULL, NULL, '1557561780.447805.jpg', 1, NULL, '2019-06-29 12:02:27', '2019-06-29 12:02:27'),
(333, 0, '1557561911.149546', NULL, NULL, NULL, '1557561911.149546.jpg', 1, NULL, '2019-06-29 12:02:29', '2019-06-29 12:02:29'),
(334, 0, '1557562001.149545', NULL, NULL, NULL, '1557562001.149545.jpg', 1, NULL, '2019-06-29 12:02:35', '2019-06-29 12:02:35'),
(335, 0, '1557562991.006684', NULL, NULL, NULL, '1557562991.006684.jpg', 1, NULL, '2019-06-29 12:02:35', '2019-06-29 12:02:35'),
(336, 0, '1557563344.368374', NULL, NULL, NULL, '1557563344.368374.jpg', 1, NULL, '2019-06-29 12:02:39', '2019-06-29 12:02:39'),
(337, 0, '1557563436.006752', NULL, NULL, NULL, '1557563436.006752.jpg', 1, NULL, '2019-06-29 12:02:40', '2019-06-29 12:02:40'),
(338, 0, '1557563966.006685', NULL, NULL, NULL, '1557563966.006685.jpg', 1, NULL, '2019-06-29 12:02:44', '2019-06-29 12:02:44'),
(339, 0, '1557564119.006690', NULL, NULL, NULL, '1557564119.006690.jpg', 1, NULL, '2019-06-29 12:02:45', '2019-06-29 12:02:45'),
(340, 0, '1557564333.006757', NULL, NULL, NULL, '1557564333.006757.jpg', 1, NULL, '2019-06-29 12:02:49', '2019-06-29 12:02:49'),
(341, 0, '1557564480.318279', NULL, NULL, NULL, '1557564480.318279.jpg', 1, NULL, '2019-06-29 12:02:49', '2019-06-29 12:02:49'),
(342, 0, '1557564811.082479', NULL, NULL, NULL, '1557564811.082479.jpg', 1, NULL, '2019-06-29 12:02:53', '2019-06-29 12:02:53'),
(343, 0, '1557564671.716zagvidxl._sy550', NULL, NULL, NULL, '1557564671.716zagvidxl._sy550.jpg', 1, NULL, '2019-06-29 12:02:54', '2019-06-29 12:02:54'),
(344, 0, '1557565035.006680', NULL, NULL, NULL, '1557565035.006680.jpg', 1, NULL, '2019-06-29 12:02:58', '2019-06-29 12:02:58'),
(345, 0, '1557565163.016034', NULL, NULL, NULL, '1557565163.016034.jpg', 1, NULL, '2019-06-29 12:02:58', '2019-06-29 12:02:58'),
(346, 0, '1557565400.016035', NULL, NULL, NULL, '1557565400.016035.jpg', 1, NULL, '2019-06-29 12:03:03', '2019-06-29 12:03:03'),
(347, 0, '1558153819._DSC5933', NULL, NULL, NULL, '1558153819._dsc5933.jpg', 1, NULL, '2019-06-29 12:03:03', '2019-06-29 12:03:03'),
(348, 0, '1558155353.image1', NULL, NULL, NULL, '1558155353.image1.jpg', 1, NULL, '2019-06-29 12:03:07', '2019-06-29 12:03:07'),
(349, 0, '1558238808.new1', NULL, NULL, NULL, '1558238808.new1.jpg', 1, NULL, '2019-06-29 12:03:07', '2019-06-29 12:03:07'),
(350, 0, '1558238931.new2', NULL, NULL, NULL, '1558238931.new2.jpg', 1, NULL, '2019-06-29 12:03:12', '2019-06-29 12:03:12'),
(351, 0, '1558239059.new3', NULL, NULL, NULL, '1558239059.new3.jpg', 1, NULL, '2019-06-29 12:03:12', '2019-06-29 12:03:12'),
(352, 0, '1558239249.new4', NULL, NULL, NULL, '1558239249.new4.jpg', 1, NULL, '2019-06-29 12:03:16', '2019-06-29 12:03:16'),
(353, 0, '1558239460.new5', NULL, NULL, NULL, '1558239460.new5.jpg', 1, NULL, '2019-06-29 12:03:16', '2019-06-29 12:03:16'),
(354, 0, '1558239673.new6', NULL, NULL, NULL, '1558239673.new6.jpg', 1, NULL, '2019-06-29 12:03:21', '2019-06-29 12:03:21'),
(355, 0, '1558239801.new7', NULL, NULL, NULL, '1558239801.new7.jpg', 1, NULL, '2019-06-29 12:03:21', '2019-06-29 12:03:21'),
(356, 0, '1558240149.new9', NULL, NULL, NULL, '1558240149.new9.jpg', 1, NULL, '2019-06-29 12:03:26', '2019-06-29 12:03:26'),
(357, 0, '1558240009.new8', NULL, NULL, NULL, '1558240009.new8.jpg', 1, NULL, '2019-06-29 12:03:26', '2019-06-29 12:03:26'),
(358, 0, '1558241305.new11', NULL, NULL, NULL, '1558241305.new11.jpg', 1, NULL, '2019-06-29 12:03:31', '2019-06-29 12:03:31'),
(359, 0, '1558241060.new10', NULL, NULL, NULL, '1558241060.new10.jpg', 1, NULL, '2019-06-29 12:03:31', '2019-06-29 12:03:31'),
(360, 0, '1558241812.new13', NULL, NULL, NULL, '1558241812.new13.jpg', 1, NULL, '2019-06-29 12:03:35', '2019-06-29 12:03:35'),
(361, 0, '1558241481.new12', NULL, NULL, NULL, '1558241481.new12.jpg', 1, NULL, '2019-06-29 12:03:35', '2019-06-29 12:03:35'),
(362, 0, '1558242214.new14', NULL, NULL, NULL, '1558242214.new14.jpg', 1, NULL, '2019-06-29 12:03:40', '2019-06-29 12:03:40'),
(363, 0, '1558243049.new15', NULL, NULL, NULL, '1558243049.new15.jpg', 1, NULL, '2019-06-29 12:03:40', '2019-06-29 12:03:40'),
(364, 0, '1558244180.pure', NULL, NULL, NULL, '1558244180.pure.jpg', 1, NULL, '2019-06-29 12:03:44', '2019-06-29 12:03:44'),
(365, 0, '1558246405.41S4rN1wmUL', NULL, NULL, NULL, '1558246405.41s4rn1wmul.jpg', 1, NULL, '2019-06-29 12:03:44', '2019-06-29 12:03:44'),
(366, 0, '1558246606.eiofjw', NULL, NULL, NULL, '1558246606.eiofjw.jpg', 1, NULL, '2019-06-29 12:03:49', '2019-06-29 12:03:49'),
(367, 0, '1558246764.mineralcontrol_clear_and_clean_gel-150_ml_500x500', NULL, NULL, NULL, '1558246764.mineralcontrol_clear_and_clean_gel-150_ml_500x500.jpg', 1, NULL, '2019-06-29 12:03:49', '2019-06-29 12:03:49'),
(368, 0, '1558246888.new23', NULL, NULL, NULL, '1558246888.new23.jpg', 1, NULL, '2019-06-29 12:03:52', '2019-06-29 12:03:52'),
(369, 0, '1558247027.new24', NULL, NULL, NULL, '1558247027.new24.jpg', 1, NULL, '2019-06-29 12:03:54', '2019-06-29 12:03:54'),
(370, 0, '1558247145.new25', NULL, NULL, NULL, '1558247145.new25.jpg', 1, NULL, '2019-06-29 12:03:56', '2019-06-29 12:03:56'),
(371, 0, '1558247187.new22', NULL, NULL, NULL, '1558247187.new22.jpg', 1, NULL, '2019-06-29 12:03:57', '2019-06-29 12:03:57'),
(372, 0, '1558247720.new26', NULL, NULL, NULL, '1558247720.new26.jpg', 1, NULL, '2019-06-29 12:04:02', '2019-06-29 12:04:02'),
(373, 0, '1558247965.new27', NULL, NULL, NULL, '1558247965.new27.jpg', 1, NULL, '2019-06-29 12:04:03', '2019-06-29 12:04:03'),
(374, 0, '1558248149.new28', NULL, NULL, NULL, '1558248149.new28.jpg', 1, NULL, '2019-06-29 12:04:07', '2019-06-29 12:04:07'),
(375, 0, '1558248262.new29', NULL, NULL, NULL, '1558248262.new29.jpg', 1, NULL, '2019-06-29 12:04:07', '2019-06-29 12:04:07'),
(376, 0, '1558252915.new50', NULL, NULL, NULL, '1558252915.new50.jpg', 1, NULL, '2019-06-29 12:04:11', '2019-06-29 12:04:11'),
(377, 0, '1559109064.1558155818.Untitled-2', NULL, NULL, NULL, '1559109064.1558155818.untitled-2.jpg', 1, NULL, '2019-06-29 12:04:11', '2019-06-29 12:04:11'),
(378, 0, '1559109078.1558155694.Untitled-1', NULL, NULL, NULL, '1559109078.1558155694.untitled-1.jpg', 1, NULL, '2019-06-29 12:04:15', '2019-06-29 12:04:15'),
(379, 0, '1559109474.1557563241.006749', NULL, NULL, NULL, '1559109474.1557563241.006749.jpg', 1, NULL, '2019-06-29 12:04:15', '2019-06-29 12:04:15'),
(380, 0, '1559109605.1557563079.006745', NULL, NULL, NULL, '1559109605.1557563079.006745.jpg', 1, NULL, '2019-06-29 12:04:20', '2019-06-29 12:04:20'),
(381, 0, '1559109713.1557562877.229332', NULL, NULL, NULL, '1559109713.1557562877.229332.jpg', 1, NULL, '2019-06-29 12:04:20', '2019-06-29 12:04:20'),
(382, 0, '1559109804.1557561675.274323', NULL, NULL, NULL, '1559109804.1557561675.274323.jpg', 1, NULL, '2019-06-29 12:04:25', '2019-06-29 12:04:25'),
(383, 0, '1559109890.1557558515.546346', NULL, NULL, NULL, '1559109890.1557558515.546346.jpg', 1, NULL, '2019-06-29 12:04:25', '2019-06-29 12:04:25'),
(384, 0, '1559110232._DSC5412', NULL, NULL, NULL, '1559110232._dsc5412.jpg', 1, NULL, '2019-06-29 12:04:28', '2019-06-29 12:04:28'),
(385, 0, '1559110655.Untitled', NULL, NULL, NULL, '1559110655.untitled.png', 1, NULL, '2019-06-29 12:04:29', '2019-06-29 12:04:29'),
(386, 0, '1559110712._DSC5491', NULL, NULL, NULL, '1559110712._dsc5491.jpg', 1, NULL, '2019-06-29 12:04:33', '2019-06-29 12:04:33'),
(387, 0, '1559112416.1557377326.031983', NULL, NULL, NULL, '1559112416.1557377326.031983.jpg', 1, NULL, '2019-06-29 12:04:34', '2019-06-29 12:04:34'),
(388, 0, '1559113524._DSC5503', NULL, NULL, NULL, '1559113524._dsc5503.jpg', 1, NULL, '2019-06-29 12:04:38', '2019-06-29 12:04:38'),
(389, 0, '1559113496._DSC5547', NULL, NULL, NULL, '1559113496._dsc5547.jpg', 1, NULL, '2019-06-29 12:04:38', '2019-06-29 12:04:38'),
(390, 0, '1559113828.Untitled-1', NULL, NULL, NULL, '1559113828.untitled-1.jpg', 1, NULL, '2019-06-29 12:04:42', '2019-06-29 12:04:42'),
(391, 0, '1559114003._DSC5497', NULL, NULL, NULL, '1559114003._dsc5497.jpg', 1, NULL, '2019-06-29 12:04:42', '2019-06-29 12:04:42'),
(392, 0, '1559114044._DSC5495', NULL, NULL, NULL, '1559114044._dsc5495.jpg', 1, NULL, '2019-06-29 12:04:46', '2019-06-29 12:04:46'),
(393, 0, '1559114026._DSC5499', NULL, NULL, NULL, '1559114026._dsc5499.jpg', 1, NULL, '2019-06-29 12:04:46', '2019-06-29 12:04:46'),
(394, 0, 'DSC_0337', NULL, NULL, NULL, 'dsc_0337.jpg', 1, NULL, '2019-06-29 12:04:50', '2019-06-29 12:04:50'),
(395, 0, '5996071652949_T1', NULL, NULL, NULL, '5996071652949_t1.jpg', 1, NULL, '2019-06-29 12:04:50', '2019-06-29 12:04:50'),
(396, 0, 'kinder-egg-surprise-600x328', NULL, NULL, NULL, 'kinder-egg-surprise-600x328.jpg', 1, NULL, '2019-06-29 12:04:55', '2019-06-29 12:04:55'),
(397, 0, 'new_picture', NULL, NULL, NULL, 'new_picture.jpg', 1, NULL, '2019-06-29 12:04:55', '2019-06-29 12:04:55'),
(398, 0, 'QWOP850', NULL, NULL, NULL, 'qwop850.jpg', 1, NULL, '2019-06-29 12:05:00', '2019-06-29 12:05:00'),
(399, 0, 'snapshotimagehandler_399207907', NULL, NULL, NULL, 'snapshotimagehandler_399207907.jpeg', 1, NULL, '2019-06-29 12:05:00', '2019-06-29 12:05:00'),
(400, 0, 'mart_logo', NULL, NULL, NULL, 'mart_logo.png', 1, NULL, '2019-06-29 12:22:37', '2019-06-29 12:22:37'),
(411, 0, '1553419554.1ST3333ss33', NULL, NULL, NULL, '1553419554.1st3333ss33.png', 1, NULL, '2019-07-04 06:17:54', '2019-07-04 06:17:54');
INSERT INTO `media` (`id`, `is_private`, `title`, `caption`, `alt`, `description`, `slug`, `created_by`, `modified_by`, `created_at`, `updated_at`) VALUES
(412, 0, '1553429112.slider4', NULL, NULL, NULL, '1553429112.slider4.jpg', 1, NULL, '2019-07-04 06:20:00', '2019-07-04 06:20:00'),
(413, 0, '1557812192.fi222', NULL, NULL, NULL, '1557812192.fi222.png', 1, NULL, '2019-07-04 06:22:01', '2019-07-04 06:22:01'),
(414, 0, '1554523200.MART1111', NULL, NULL, NULL, '1554523200.mart1111.jpg', 1, NULL, '2019-07-04 06:23:11', '2019-07-04 06:23:11'),
(415, 0, '1552994956.SLI33', NULL, NULL, NULL, '1552994956.sli33.png', 1, NULL, '2019-07-04 06:24:20', '2019-07-04 06:24:20'),
(416, 0, '1553429182.slider2', NULL, NULL, NULL, '1553429182.slider2.jpg', 1, NULL, '2019-07-04 06:24:41', '2019-07-04 06:24:41'),
(417, 0, '1552730675.b1', NULL, NULL, NULL, '1552730675.b1.jpg', 1, NULL, '2019-07-06 10:43:57', '2019-07-06 10:43:57'),
(418, 0, '1552730915.b2', NULL, NULL, NULL, '1552730915.b2.jpg', 1, NULL, '2019-07-06 10:43:57', '2019-07-06 10:43:57'),
(419, 0, '1552806934.schwartz', NULL, NULL, NULL, '1552806934.schwartz.jpg', 1, NULL, '2019-07-06 10:49:19', '2019-07-06 10:49:19'),
(420, 0, '1552806966.b1', NULL, NULL, NULL, '1552806966.b1.jpg', 1, NULL, '2019-07-06 10:49:19', '2019-07-06 10:49:19'),
(421, 0, '1552807119.heinz', NULL, NULL, NULL, '1552807119.heinz.jpg', 1, NULL, '2019-07-06 10:49:22', '2019-07-06 10:49:22'),
(422, 0, '1552807331.Kelloggs', NULL, NULL, NULL, '1552807331.kelloggs.jpg', 1, NULL, '2019-07-06 10:49:22', '2019-07-06 10:49:22'),
(423, 0, '1552807416.Cadbury', NULL, NULL, NULL, '1552807416.cadbury.jpg', 1, NULL, '2019-07-06 10:49:25', '2019-07-06 10:49:25'),
(424, 0, '1552807524.m&m', NULL, NULL, NULL, '1552807524.mam.jpg', 1, NULL, '2019-07-06 10:51:13', '2019-07-06 10:51:13'),
(425, 0, '1552818549.jordans', NULL, NULL, NULL, '1552818549.jordans.jpg', 1, NULL, '2019-07-06 10:51:13', '2019-07-06 10:51:13'),
(426, 0, '1552818566.ryvita', NULL, NULL, NULL, '1552818566.ryvita.jpg', 1, NULL, '2019-07-06 10:51:15', '2019-07-06 10:51:15'),
(427, 0, '1552819114.Asda', NULL, NULL, NULL, '1552819114.asda.jpg', 1, NULL, '2019-07-06 10:51:28', '2019-07-06 10:51:28'),
(428, 0, '1552819018.Tesco', NULL, NULL, NULL, '1552819018.tesco.jpg', 1, NULL, '2019-07-06 10:51:29', '2019-07-06 10:51:29'),
(429, 0, '1552819209.Alpen', NULL, NULL, NULL, '1552819209.alpen.jpg', 1, NULL, '2019-07-06 10:51:31', '2019-07-06 10:51:31'),
(430, 0, '1552821510.quaker', NULL, NULL, NULL, '1552821510.quaker.jpg', 1, NULL, '2019-07-06 10:51:32', '2019-07-06 10:51:32'),
(431, 0, '1555403920.mar-add-1', NULL, NULL, NULL, '1555403920.mar-add-1.jpg', 1, NULL, '2019-07-07 08:22:19', '2019-07-07 08:22:19'),
(432, 0, '1555404293.mar-add22', NULL, NULL, NULL, '1555404293.mar-add22.jpg', 1, NULL, '2019-07-07 08:22:19', '2019-07-07 08:22:19'),
(433, 0, '2', NULL, NULL, NULL, '2.jpg', 1, NULL, '2019-07-07 08:22:22', '2019-07-07 08:22:22'),
(434, 0, 'LOGO FULL1477', NULL, NULL, NULL, 'logo_full1477.png', 1, NULL, '2019-07-09 05:06:46', '2019-07-09 05:06:46'),
(435, 0, 'LOGO FULL1477', NULL, NULL, NULL, 'logo_full1477_1.png', 1, NULL, '2019-07-09 11:40:47', '2019-07-09 11:40:47'),
(445, 0, 'blog-thumbnail-1', NULL, NULL, NULL, 'blog-thumbnail-1.jpg', 1, NULL, '2019-07-10 06:44:38', '2019-07-10 06:44:38'),
(446, 0, 'blog-details-1', NULL, NULL, NULL, 'blog-details-1.jpg', 1, NULL, '2019-07-10 06:44:38', '2019-07-10 06:44:38'),
(447, 0, 'blog-thumbnail-2', NULL, NULL, NULL, 'blog-thumbnail-2.jpg', 1, NULL, '2019-07-10 06:44:41', '2019-07-10 06:44:41'),
(448, 0, '1552823952.household', NULL, NULL, NULL, '1552823952.household.png', 1, NULL, '2019-07-20 09:54:17', '2019-07-20 09:54:17'),
(449, 0, '1552825121.baking', NULL, NULL, NULL, '1552825121.baking.png', 1, NULL, '2019-07-20 09:54:17', '2019-07-20 09:54:17'),
(450, 0, '1552972687.image-_28444_29', NULL, NULL, NULL, '1552972687.image-_28444_29.png', 1, NULL, '2019-07-20 09:54:22', '2019-07-20 09:54:22'),
(451, 0, '1552973065.pet-food', NULL, NULL, NULL, '1552973065.pet-food.png', 1, NULL, '2019-07-20 09:54:22', '2019-07-20 09:54:22'),
(452, 0, '1552973633.512x512huty', NULL, NULL, NULL, '1552973633.512x512huty.png', 1, NULL, '2019-07-20 09:54:33', '2019-07-20 09:54:33'),
(453, 0, '1552977911.indexdsas', NULL, NULL, NULL, '1552977911.indexdsas.png', 1, NULL, '2019-07-20 09:54:33', '2019-07-20 09:54:33'),
(454, 0, '1552980360.1552824240.biscuits-a-cookies', NULL, NULL, NULL, '1552980360.1552824240.biscuits-a-cookies.png', 1, NULL, '2019-07-20 09:54:36', '2019-07-20 09:54:36'),
(455, 0, '1553073849.1552211040.glutenfree', NULL, NULL, NULL, '1553073849.1552211040.glutenfree.png', 1, NULL, '2019-07-20 09:54:37', '2019-07-20 09:54:37'),
(456, 0, '1555325977.image-_282_29', NULL, NULL, NULL, '1555325977.image-_282_29.jpg', 1, NULL, '2019-07-20 09:54:39', '2019-07-20 09:54:39'),
(457, 0, '1555486096.green-tea', NULL, NULL, NULL, '1555486096.green-tea.png', 1, NULL, '2019-07-20 09:54:40', '2019-07-20 09:54:40'),
(458, 0, '1557550097.102037', NULL, NULL, NULL, '1557550097.102037.jpg', 1, NULL, '2019-07-21 06:05:42', '2019-07-21 06:05:42'),
(459, 0, '1555319667._DSC6138', NULL, NULL, NULL, '1555319667._dsc6138.jpg', 1, NULL, '2019-07-21 08:47:41', '2019-07-21 08:47:41'),
(460, 0, '1555322613._DSC6147', NULL, NULL, NULL, '1555322613._dsc6147.jpg', 1, NULL, '2019-07-21 09:19:24', '2019-07-21 09:19:24'),
(461, 0, '1555748332.022290', NULL, NULL, NULL, '1555748332.022290.jpg', 1, NULL, '2019-07-21 09:33:17', '2019-07-21 09:33:17'),
(462, 0, '1555321762.M MART', NULL, NULL, NULL, '1555321762.m_mart_1.jpg', 1, NULL, '2019-07-21 09:45:41', '2019-07-21 09:45:41'),
(463, 0, '1553746129._DSC5953', NULL, NULL, NULL, '1553746129._dsc5953.jpg', 1, NULL, '2019-07-21 10:43:26', '2019-07-21 10:43:26'),
(464, 0, '_DSC5686', NULL, NULL, NULL, '_dsc5686.jpg', 1, NULL, '2019-07-21 11:03:13', '2019-07-21 11:03:13'),
(465, 0, '1553682540._DSC5694', NULL, NULL, NULL, '1553682540._dsc5694.jpg', 1, NULL, '2019-07-21 11:06:28', '2019-07-21 11:06:28'),
(466, 0, 'Pot Noodle Original Curry Flavor', NULL, NULL, NULL, 'pot_noodle_original_curry_flavor.jpg', 1, NULL, '2019-07-23 12:17:02', '2019-07-23 12:17:02'),
(467, 0, 'Kiwi Dark Tan Shoe Polish', NULL, NULL, NULL, 'kiwi_dark_tan_shoe_polish.jpg', 1, NULL, '2019-07-23 14:21:55', '2019-07-23 14:21:55'),
(468, 0, 'Spontex The Essential Sponge Cloth', NULL, NULL, NULL, 'spontex_the_essential_sponge_cloth.jpg', 1, NULL, '2019-07-23 14:44:32', '2019-07-23 14:44:32'),
(469, 0, 'Spontex Supreme All Purpose Cloths', NULL, NULL, NULL, 'spontex_supreme_all_purpose_cloths.jpg', 1, NULL, '2019-07-23 14:50:25', '2019-07-23 14:50:25'),
(470, 0, 'Spontex 4 Washup Sponge', NULL, NULL, NULL, 'spontex_4_washup_sponge.jpg', 1, NULL, '2019-07-23 14:54:33', '2019-07-23 14:54:33'),
(471, 0, 'Immune Original', NULL, NULL, NULL, 'immune_original.jpg', 1, NULL, '2019-07-23 15:10:11', '2019-07-23 15:10:11'),
(472, 0, 'Quick Milk Magic Sipper Chocolate Flavor', NULL, NULL, NULL, 'quick_milk_magic_sipper_chocolate_flavor.jpg', 1, NULL, '2019-07-23 15:16:04', '2019-07-23 15:16:04'),
(473, 0, 'Starbucks Colombia Medium Ground Coffee', NULL, NULL, NULL, 'starbucks_colombia_medium_ground_coffee.jpg', 1, NULL, '2019-07-23 15:19:57', '2019-07-23 15:19:57'),
(474, 0, 'Nescafe Gold Creamy Latte', NULL, NULL, NULL, 'nescafe_gold_creamy_latte.jpg', 1, NULL, '2019-07-23 15:28:09', '2019-07-23 15:28:09'),
(475, 0, 'Nescafe Gold Cappuccino 8 Mug', NULL, NULL, NULL, 'nescafe_gold_cappuccino_8_mug.jpg', 1, NULL, '2019-07-23 15:41:55', '2019-07-23 15:41:55'),
(476, 0, 'Oetker Chocolatey Mix', NULL, NULL, NULL, 'oetker_chocolatey_mix.jpg', 1, NULL, '2019-07-23 15:46:49', '2019-07-23 15:46:49'),
(477, 0, 'Dr. Oetker Bright & Bold Mix', NULL, NULL, NULL, 'dr._oetker_bright_a_bold_mix.jpg', 1, NULL, '2019-07-23 15:49:50', '2019-07-23 15:49:50'),
(478, 0, 'Nando\'s Peri Peri Rub Garlic Medium', NULL, NULL, NULL, 'nando_s_peri_peri_rub_garlic_medium.jpg', 1, NULL, '2019-07-23 15:52:55', '2019-07-23 15:52:55'),
(479, 0, 'Nandos Perinaise Peri Peri Maynnaise', NULL, NULL, NULL, 'nandos_perinaise_peri_peri_maynnaise.jpg', 1, NULL, '2019-07-23 15:58:39', '2019-07-23 15:58:39'),
(480, 0, 'Hellman\'s Real Mayonnaise', NULL, NULL, NULL, 'hellman_s_real_mayonnaise.jpg', 1, NULL, '2019-07-23 16:15:07', '2019-07-23 16:15:07'),
(481, 0, '_DSC5516', NULL, NULL, NULL, '_dsc5516_1.jpg', 1, NULL, '2019-07-25 11:13:55', '2019-07-25 11:13:55'),
(482, 0, 'index', NULL, NULL, NULL, 'index.png', 1, NULL, '2019-07-27 15:51:27', '2019-07-27 15:51:27'),
(483, 0, 'shop', NULL, NULL, NULL, 'shop.png', 1, NULL, '2019-07-28 04:45:58', '2019-07-28 04:45:58'),
(484, 0, 'saving', NULL, NULL, NULL, 'saving.png', 1, NULL, '2019-07-28 04:45:58', '2019-07-28 04:45:58'),
(485, 0, 'truck', NULL, NULL, NULL, 'truck.png', 1, NULL, '2019-07-28 04:46:01', '2019-07-28 04:46:01'),
(486, 0, '2 (2)', NULL, NULL, NULL, '2__282_29.jpg', 1, NULL, '2019-07-28 04:51:16', '2019-07-28 04:51:16'),
(487, 0, 'truck copy', NULL, NULL, NULL, 'truck_copy.png', 1, NULL, '2019-07-28 04:51:16', '2019-07-28 04:51:16'),
(488, 0, '1552807524.mam', NULL, NULL, NULL, '1552807524.mam_1.jpg', 1, NULL, '2019-07-28 06:55:21', '2019-07-28 06:55:21'),
(489, 0, '1552807524.mam', NULL, NULL, NULL, '1552807524.mam_2.jpg', 1, NULL, '2019-07-28 08:11:22', '2019-07-28 08:11:22'),
(494, 0, 'Oreo-Original-154g', NULL, NULL, NULL, 'oreo-original-154g.png', 1, NULL, '2019-08-01 07:55:14', '2019-08-01 07:55:14'),
(495, 0, 'snapshotimagehandler_1111279704', NULL, NULL, NULL, 'snapshotimagehandler_1111279704.jpeg', 1, NULL, '2019-08-01 07:57:32', '2019-08-01 07:57:32'),
(496, 0, 'Banner-About-us', NULL, NULL, NULL, 'banner-about-us.jpg', 1, NULL, '2019-08-01 08:56:26', '2019-08-01 08:56:26'),
(497, 0, 'image', NULL, NULL, NULL, 'image.png', 1, NULL, '2019-08-04 04:29:04', '2019-08-04 04:29:04'),
(498, 0, 'mahmud mart', NULL, NULL, NULL, 'mahmud_mart.png', 1, NULL, '2019-08-04 09:24:44', '2019-08-04 09:24:44'),
(499, 0, '013776', NULL, NULL, NULL, '013776.jpg', 1, 1, '2019-08-06 16:07:43', '2019-08-06 16:08:45'),
(501, 0, '013778', NULL, NULL, NULL, '013778.jpg', 1, NULL, '2019-08-07 15:30:21', '2019-08-07 15:30:21'),
(502, 0, '014782', NULL, NULL, NULL, '014782.jpg', 1, NULL, '2019-08-07 15:42:16', '2019-08-07 15:42:16'),
(504, 0, '014768', NULL, NULL, NULL, '014768.jpg', 1, NULL, '2019-08-07 15:46:27', '2019-08-07 15:46:27'),
(505, 0, '533073', NULL, NULL, NULL, '533073.jpg', 1, NULL, '2019-08-07 16:23:09', '2019-08-07 16:23:09'),
(507, 0, 'garlic salt', NULL, NULL, NULL, 'garlic_salt.jpg', 1, NULL, '2019-08-07 16:27:19', '2019-08-07 16:27:19'),
(508, 0, 'garlic granjules', NULL, NULL, NULL, 'garlic_granjules.jpg', 1, NULL, '2019-08-07 16:31:24', '2019-08-07 16:31:24'),
(509, 0, 'cinnamon sticks', NULL, NULL, NULL, 'cinnamon_sticks.jpg', 1, NULL, '2019-08-07 16:34:54', '2019-08-07 16:34:54'),
(510, 0, 'mixed herbs', NULL, NULL, NULL, 'mixed_herbs.jpg', 1, NULL, '2019-08-07 16:37:35', '2019-08-07 16:37:35'),
(511, 0, 'cloves', NULL, NULL, NULL, 'cloves.jpg', 1, NULL, '2019-08-07 16:40:20', '2019-08-07 16:40:20'),
(512, 0, 'parsley grinder', NULL, NULL, NULL, 'parsley_grinder.jpg', 1, NULL, '2019-08-07 16:49:14', '2019-08-07 16:49:14'),
(513, 0, 'parsley flat leaf', NULL, NULL, NULL, 'parsley_flat_leaf.jpg', 1, NULL, '2019-08-07 16:51:24', '2019-08-07 16:51:24'),
(514, 0, 'mixed spice', NULL, NULL, NULL, 'mixed_spice.jpg', 1, NULL, '2019-08-07 16:53:43', '2019-08-07 16:53:43'),
(515, 0, 'cardamom pods', NULL, NULL, NULL, 'cardamom_pods.jpg', 1, NULL, '2019-08-07 16:56:03', '2019-08-07 16:56:03'),
(516, 0, 'steak seasoning', NULL, NULL, NULL, 'steak_seasoning.jpg', 1, NULL, '2019-08-07 16:59:03', '2019-08-07 16:59:03'),
(517, 0, 'herbs de province', NULL, NULL, NULL, 'herbs_de_province.jpg', 1, NULL, '2019-08-07 17:01:08', '2019-08-07 17:01:08'),
(518, 0, 'oregano grinder', NULL, NULL, NULL, 'oregano_grinder.jpg', 1, NULL, '2019-08-07 17:02:57', '2019-08-07 17:02:57'),
(519, 0, 'rosemary', NULL, NULL, NULL, 'rosemary.jpg', 1, NULL, '2019-08-07 17:05:33', '2019-08-07 17:05:33'),
(520, 0, 'rosemary resized', NULL, NULL, NULL, 'rosemary_resized.jpg', 1, 1, '2019-08-17 13:31:59', '2019-08-17 13:32:17'),
(521, 0, 'rosemary resized', NULL, NULL, NULL, 'rosemary_resized_1.jpg', 1, NULL, '2019-08-17 13:36:59', '2019-08-17 13:36:59'),
(522, 0, 'rosemary resized', NULL, NULL, NULL, 'rosemary_resized_2.jpg', 1, NULL, '2019-08-17 13:39:34', '2019-08-17 13:39:34'),
(523, 0, 'mentos peppermint', NULL, NULL, NULL, 'mentos_peppermint.jpg', 1, NULL, '2019-08-17 14:23:05', '2019-08-17 14:23:05'),
(524, 0, 'mentos spearmint', NULL, NULL, NULL, 'mentos_spearmint.jpg', 1, NULL, '2019-08-17 14:26:21', '2019-08-17 14:26:21'),
(525, 0, 'wrigleys spearmint', NULL, NULL, NULL, 'wrigleys_spearmint.jpg', 1, NULL, '2019-08-17 14:30:05', '2019-08-17 14:30:05'),
(526, 0, 'kallo seasame', NULL, NULL, NULL, 'kallo_seasame.jpg', 1, NULL, '2019-08-17 14:39:29', '2019-08-17 14:39:29'),
(527, 0, 'knorr chicken', NULL, NULL, NULL, 'knorr_chicken.jpg', 1, NULL, '2019-08-17 14:42:27', '2019-08-17 14:42:27'),
(528, 0, 'knorr chicken and leak', NULL, NULL, NULL, 'knorr_chicken_and_leak.jpg', 1, NULL, '2019-08-17 14:44:35', '2019-08-17 14:44:35'),
(529, 0, 'knorr spring vegetable', NULL, NULL, NULL, 'knorr_spring_vegetable.jpg', 1, NULL, '2019-08-17 14:47:32', '2019-08-17 14:47:32'),
(530, 0, 'carex hand gel aloe vera', NULL, NULL, NULL, 'carex_hand_gel_aloe_vera.jpg', 1, NULL, '2019-08-17 14:53:56', '2019-08-17 14:53:56'),
(531, 0, 'carex strawberrt', NULL, NULL, NULL, 'carex_strawberrt.jpg', 1, NULL, '2019-08-17 14:57:10', '2019-08-17 14:57:10'),
(532, 0, 'cuticura original', NULL, NULL, NULL, 'cuticura_original.jpg', 1, NULL, '2019-08-17 15:01:55', '2019-08-17 15:01:55'),
(533, 0, 'cuticura advance defence', NULL, NULL, NULL, 'cuticura_advance_defence.jpg', 1, NULL, '2019-08-17 15:05:46', '2019-08-17 15:05:46'),
(534, 0, 'boots fragrance free', NULL, NULL, NULL, 'boots_fragrance_free.png', 1, NULL, '2019-08-17 15:10:00', '2019-08-17 15:10:00'),
(535, 0, 'BASIL', NULL, NULL, NULL, 'basil.gif', 1, NULL, '2019-08-20 16:47:34', '2019-08-20 16:47:34'),
(536, 0, 'BASIL', NULL, NULL, NULL, 'basil_1.gif', 1, NULL, '2019-08-20 16:52:33', '2019-08-20 16:52:33'),
(537, 0, 'bay-leaf', NULL, NULL, NULL, 'bay-leaf.gif', 1, NULL, '2019-08-20 16:55:59', '2019-08-20 16:55:59'),
(538, 0, 'cupcake', NULL, NULL, NULL, 'cupcake.png', 1, NULL, '2019-08-23 15:34:30', '2019-08-23 15:34:30'),
(539, 0, 'peppermint', NULL, NULL, NULL, 'peppermint.gif', 1, NULL, '2019-08-30 07:29:23', '2019-08-30 07:29:23'),
(540, 0, 'spearmint', NULL, NULL, NULL, 'spearmint.gif', 1, NULL, '2019-08-30 07:33:50', '2019-08-30 07:33:50'),
(541, 0, 'd', NULL, NULL, NULL, 'd.png', 1, NULL, '2019-09-02 09:53:13', '2019-09-02 09:53:13'),
(543, 0, 'cuticura-total-defence', NULL, NULL, NULL, 'cuticura-total-defence.gif', 1, NULL, '2019-09-02 17:45:52', '2019-09-02 17:45:52'),
(544, 0, 'carex-strawberry', NULL, NULL, NULL, 'carex-strawberry.gif', 1, NULL, '2019-09-02 18:11:30', '2019-09-02 18:11:30'),
(545, 0, 'carex-green', NULL, NULL, NULL, 'carex-green.gif', 1, NULL, '2019-09-02 18:17:29', '2019-09-02 18:17:29'),
(546, 0, 'carex-green', NULL, NULL, NULL, 'carex-green_1.gif', 1, NULL, '2019-09-02 18:19:32', '2019-09-02 18:19:32'),
(547, 0, 'knor-chicken-and-leak', NULL, NULL, NULL, 'knor-chicken-and-leak.gif', 1, NULL, '2019-09-02 18:32:28', '2019-09-02 18:32:28'),
(548, 0, 'knor-vegetable', NULL, NULL, NULL, 'knor-vegetable.gif', 1, NULL, '2019-09-02 18:34:55', '2019-09-02 18:34:55'),
(549, 0, 'cajun', NULL, NULL, NULL, 'cajun.gif', 1, NULL, '2019-09-03 03:46:05', '2019-09-03 03:46:05'),
(550, 0, '5-spice', NULL, NULL, NULL, '5-spice.gif', 1, NULL, '2019-09-03 03:50:34', '2019-09-03 03:50:34'),
(551, 0, 'cajun', NULL, NULL, NULL, 'cajun_1.gif', 1, NULL, '2019-09-03 03:53:25', '2019-09-03 03:53:25'),
(552, 0, 'ground-cumin', NULL, NULL, NULL, 'ground-cumin.gif', 1, NULL, '2019-09-03 03:55:47', '2019-09-03 03:55:47'),
(553, 0, 'cardamom-pods', NULL, NULL, NULL, 'cardamom-pods.gif', 1, NULL, '2019-09-03 03:58:05', '2019-09-03 03:58:05'),
(554, 0, 'cinemmon-sticks', NULL, NULL, NULL, 'cinemmon-sticks.gif', 1, NULL, '2019-09-03 04:00:15', '2019-09-03 04:00:15'),
(555, 0, 'cloves', NULL, NULL, NULL, 'cloves.gif', 1, NULL, '2019-09-03 04:02:15', '2019-09-03 04:02:15'),
(556, 0, 'garlic-granules', NULL, NULL, NULL, 'garlic-granules.gif', 1, NULL, '2019-09-03 04:04:38', '2019-09-03 04:04:38'),
(557, 0, 'garlic-salt', NULL, NULL, NULL, 'garlic-salt.gif', 1, NULL, '2019-09-03 04:07:32', '2019-09-03 04:07:32'),
(558, 0, 'mixed-herb', NULL, NULL, NULL, 'mixed-herb.gif', 1, NULL, '2019-09-03 04:09:33', '2019-09-03 04:09:33'),
(559, 0, 'herbs-de-province', NULL, NULL, NULL, 'herbs-de-province.gif', 1, NULL, '2019-09-03 07:40:14', '2019-09-03 07:40:14'),
(560, 0, 'kallos', NULL, NULL, NULL, 'kallos.gif', 1, NULL, '2019-09-03 07:43:58', '2019-09-03 07:43:58'),
(561, 0, 'oregano-grinder', NULL, NULL, NULL, 'oregano-grinder.gif', 1, NULL, '2019-09-03 07:45:59', '2019-09-03 07:45:59'),
(562, 0, 'rosemary', NULL, NULL, NULL, 'rosemary.gif', 1, NULL, '2019-09-03 11:47:58', '2019-09-03 11:47:58'),
(563, 0, 'parseley-grinder', NULL, NULL, NULL, 'parseley-grinder.gif', 1, NULL, '2019-09-03 12:15:23', '2019-09-03 12:15:23'),
(564, 0, 'black-peppercorn', NULL, NULL, NULL, 'black-peppercorn.gif', 1, NULL, '2019-09-03 12:21:28', '2019-09-03 12:21:28'),
(565, 0, 'mixed-spice', NULL, NULL, NULL, 'mixed-spice.gif', 1, NULL, '2019-09-03 12:25:43', '2019-09-03 12:25:43'),
(566, 0, 'steak-seasoning', NULL, NULL, NULL, 'steak-seasoning.gif', 1, NULL, '2019-09-03 12:27:17', '2019-09-03 12:27:17'),
(567, 0, 'parsley-flat-leaves', NULL, NULL, NULL, 'parsley-flat-leaves.gif', 1, NULL, '2019-09-03 12:30:20', '2019-09-03 12:30:20'),
(568, 0, 'extra-spearmint', NULL, NULL, NULL, 'extra-spearmint.gif', 1, NULL, '2019-09-04 03:53:11', '2019-09-04 03:53:11'),
(569, 0, 'knor-chicken-and-leak', NULL, NULL, NULL, 'knor-chicken-and-leak_1.gif', 1, NULL, '2019-09-04 03:55:27', '2019-09-04 03:55:27'),
(570, 0, 'knorr-vegetable', NULL, NULL, NULL, 'knorr-vegetable.gif', 1, NULL, '2019-09-04 03:57:30', '2019-09-04 03:57:30'),
(571, 0, 'knor-vegetable', NULL, NULL, NULL, 'knor-vegetable_1.gif', 1, NULL, '2019-09-04 03:58:02', '2019-09-04 03:58:02'),
(572, 0, 'knor-super-chicken', NULL, NULL, NULL, 'knor-super-chicken.gif', 1, NULL, '2019-09-04 04:00:21', '2019-09-04 04:00:21'),
(573, 0, 'rosemary', NULL, NULL, NULL, 'rosemary_1.gif', 1, NULL, '2019-09-04 04:02:26', '2019-09-04 04:02:26'),
(574, 0, 'rosemary', NULL, NULL, NULL, 'rosemary_2.gif', 1, NULL, '2019-09-04 04:07:46', '2019-09-04 04:07:46'),
(575, 0, 'steak-seasoning', NULL, NULL, NULL, 'steak-seasoning_1.gif', 1, NULL, '2019-09-04 04:09:40', '2019-09-04 04:09:40'),
(576, 0, 'carex-strawberry', NULL, NULL, NULL, 'carex-strawberry_1.gif', 1, NULL, '2019-09-04 04:12:15', '2019-09-04 04:12:15'),
(577, 0, 'doritos-mild', NULL, NULL, NULL, 'doritos-mild.gif', 1, NULL, '2019-09-07 16:25:35', '2019-09-07 16:25:35'),
(578, 0, 'illy-coffee', NULL, NULL, NULL, 'illy-coffee.gif', 1, NULL, '2019-09-07 16:31:05', '2019-09-07 16:31:05'),
(579, 0, 'starbucks-caffe-verona', NULL, NULL, NULL, 'starbucks-caffe-verona.gif', 1, NULL, '2019-09-07 17:00:45', '2019-09-07 17:00:45'),
(580, 0, 'starbucks-medium-roast', NULL, NULL, NULL, 'starbucks-medium-roast.gif', 1, NULL, '2019-09-07 17:02:38', '2019-09-07 17:02:38'),
(581, 0, 'starbucks-caffe-verona', NULL, NULL, NULL, 'starbucks-caffe-verona_1.gif', 1, NULL, '2019-09-07 17:05:43', '2019-09-07 17:05:43'),
(582, 0, 'cuticura-original', NULL, NULL, NULL, 'cuticura-original.gif', 1, NULL, '2019-09-07 17:08:32', '2019-09-07 17:08:32'),
(583, 0, 'colgate-slim-soft', NULL, NULL, NULL, 'colgate-slim-soft.gif', 1, NULL, '2019-09-07 17:17:12', '2019-09-07 17:17:12'),
(584, 0, 'sensodyne-repair-&-protect', NULL, NULL, NULL, 'sensodyne-repair-a-protect.gif', 1, NULL, '2019-09-07 17:22:05', '2019-09-07 17:22:05'),
(585, 0, 'colgate-milk-teeth', NULL, NULL, NULL, 'colgate-milk-teeth.gif', 1, NULL, '2019-09-07 17:30:51', '2019-09-07 17:30:51'),
(586, 0, 'carex-green', NULL, NULL, NULL, 'carex-green_2.gif', 1, NULL, '2019-09-07 18:35:13', '2019-09-07 18:35:13'),
(587, 0, 'colgate-milk-teeth', NULL, NULL, NULL, 'colgate-milk-teeth_1.gif', 1, NULL, '2019-09-07 18:38:04', '2019-09-07 18:38:04'),
(588, 0, 'oral-b-sensiclean-pro-gum-c', NULL, NULL, NULL, 'oral-b-sensiclean-pro-gum-c.gif', 1, NULL, '2019-09-07 18:41:57', '2019-09-07 18:41:57'),
(589, 0, 'return-policy', NULL, NULL, NULL, 'return-policy.jpg', 1, NULL, '2019-09-08 04:02:31', '2019-09-08 04:02:31'),
(591, 0, 'boots', NULL, NULL, NULL, 'boots.png', 1, NULL, '2019-09-08 06:06:18', '2019-09-08 06:06:18'),
(592, 0, 'Pages18', NULL, NULL, NULL, 'pages18.png', 1, NULL, '2019-09-08 06:28:35', '2019-09-08 06:28:35'),
(593, 0, 'tesco-honey-and-almond', NULL, NULL, NULL, 'tesco-honey-and-almond.gif', 1, NULL, '2019-09-11 12:27:30', '2019-09-11 12:27:30'),
(594, 0, 'cadbury-choc-chip-brunch', NULL, NULL, NULL, 'cadbury-choc-chip-brunch.gif', 1, NULL, '2019-09-12 12:38:06', '2019-09-12 12:38:06'),
(595, 0, 'jacobs-cheddars', NULL, NULL, NULL, 'jacobs-cheddars.gif', 1, NULL, '2019-09-12 12:43:40', '2019-09-12 12:43:40'),
(596, 0, 'cucumber-face-wash', NULL, NULL, NULL, 'cucumber-face-wash.gif', 1, NULL, '2019-09-26 17:57:21', '2019-09-26 17:57:21'),
(597, 0, 'sensodyne-pronamel', NULL, NULL, NULL, 'sensodyne-pronamel.gif', 1, NULL, '2019-09-27 18:24:58', '2019-09-27 18:24:58'),
(598, 0, 'oreo original', NULL, NULL, NULL, 'oreo_original.jpg', 1, NULL, '2019-10-20 14:53:38', '2019-10-20 14:53:38'),
(599, 0, 'More-web-photos', NULL, NULL, NULL, 'more-web-photos.gif', 1, NULL, '2019-10-20 14:56:25', '2019-10-20 14:56:25'),
(600, 0, 'oreo-original-1', NULL, NULL, NULL, 'oreo-original-1.gif', 1, NULL, '2019-10-20 15:03:49', '2019-10-20 15:03:49'),
(601, 0, 'taco-seasoning', NULL, NULL, NULL, 'taco-seasoning.gif', 1, NULL, '2019-10-20 15:35:53', '2019-10-20 15:35:53'),
(602, 0, 'kiwi-shoe-polish-neutral', NULL, NULL, NULL, 'kiwi-shoe-polish-neutral.gif', 1, NULL, '2019-10-21 16:52:38', '2019-10-21 16:52:38'),
(605, 0, 'images', NULL, NULL, NULL, 'images.jpg', 1, NULL, '2019-10-23 11:18:46', '2019-10-23 11:18:46'),
(606, 0, 'images (1)', NULL, NULL, NULL, 'images__281_29.jpg', 1, NULL, '2019-10-23 11:22:18', '2019-10-23 11:22:18'),
(607, 0, 'nut_are_healthy', NULL, NULL, NULL, 'nut_are_healthy.jpg', 1, NULL, '2019-10-29 10:58:39', '2019-10-29 10:58:39'),
(608, 0, '0215214432019255102a', NULL, NULL, NULL, '0215214432019255102a.png', 1, NULL, '2019-10-29 11:09:49', '2019-10-29 11:09:49'),
(609, 0, 'saxa-fine-salt', NULL, NULL, NULL, 'saxa-fine-salt.gif', 1, NULL, '2019-10-31 13:54:30', '2019-10-31 13:54:30'),
(610, 0, 'saxa-coarse-salt', NULL, NULL, NULL, 'saxa-coarse-salt.gif', 1, NULL, '2019-10-31 13:57:40', '2019-10-31 13:57:40'),
(611, 0, 'd', NULL, NULL, NULL, 'd_1.png', 1, NULL, '2019-11-03 04:51:41', '2019-11-03 04:51:41'),
(612, 0, 'dD', NULL, NULL, NULL, 'dd.png', 1, NULL, '2019-11-03 04:53:21', '2019-11-03 04:53:21'),
(613, 0, 'djj', NULL, NULL, NULL, 'djj.png', 1, NULL, '2019-11-03 04:57:01', '2019-11-03 04:57:01'),
(614, 0, 'cadbury-brunch', NULL, NULL, NULL, 'cadbury-brunch.png', 1, NULL, '2019-11-04 13:15:41', '2019-11-04 13:15:41'),
(615, 0, 'cadbury-raisin', NULL, NULL, NULL, 'cadbury-raisin.png', 1, NULL, '2019-11-04 13:21:34', '2019-11-04 13:21:34'),
(616, 0, 'cadbury-peanut', NULL, NULL, NULL, 'cadbury-peanut.png', 1, NULL, '2019-11-04 13:25:57', '2019-11-04 13:25:57'),
(617, 0, 'starbucks-dark-roast1', NULL, NULL, NULL, 'starbucks-dark-roast1.png', 1, NULL, '2019-11-04 13:34:36', '2019-11-04 13:34:36'),
(618, 0, 'starbucks-columbia1', NULL, NULL, NULL, 'starbucks-columbia1.png', 1, NULL, '2019-11-04 13:40:34', '2019-11-04 13:40:34'),
(619, 0, 'starbucks-columbia1', NULL, NULL, NULL, 'starbucks-columbia1_1.png', 1, NULL, '2019-11-04 13:43:20', '2019-11-04 13:43:20'),
(620, 0, 'sensodyne-repair1', NULL, NULL, NULL, 'sensodyne-repair1.png', 1, NULL, '2019-11-04 13:49:46', '2019-11-04 13:49:46'),
(621, 0, 'sensodyne-daily1', NULL, NULL, NULL, 'sensodyne-daily1.png', 1, NULL, '2019-11-04 14:05:19', '2019-11-04 14:05:19'),
(622, 0, 'sensodyne-whitening1', NULL, NULL, NULL, 'sensodyne-whitening1.png', 1, NULL, '2019-11-04 14:11:32', '2019-11-04 14:11:32'),
(623, 0, 'sensodyne-multi1', NULL, NULL, NULL, 'sensodyne-multi1.png', 1, NULL, '2019-11-04 14:18:47', '2019-11-04 14:18:47'),
(624, 0, '0', NULL, NULL, NULL, '0.jpg', 1, NULL, '2019-11-13 06:24:56', '2019-11-13 06:24:56'),
(625, 0, '1', NULL, NULL, NULL, '1.png', 1, NULL, '2019-11-13 09:28:28', '2019-11-13 09:28:28'),
(626, 0, 'iil', NULL, NULL, NULL, 'iil.png', 1, NULL, '2019-11-13 09:28:29', '2019-11-13 09:28:29'),
(627, 0, 'fainal', NULL, NULL, NULL, 'fainal.png', 1, NULL, '2019-11-13 09:31:29', '2019-11-13 09:31:29'),
(628, 0, 'FINAL6', NULL, NULL, NULL, 'final6.png', 1, NULL, '2019-11-13 09:41:39', '2019-11-13 09:41:39'),
(629, 0, 'FINAL6', NULL, NULL, NULL, 'final6_1.png', 1, NULL, '2019-11-13 09:44:04', '2019-11-13 09:44:04'),
(631, 0, 'About_us', NULL, NULL, NULL, 'about_us.jpg', 1, NULL, '2019-11-13 11:29:56', '2019-11-13 11:29:56'),
(632, 0, 'fianl..with', NULL, NULL, NULL, 'fianl..with.png', 1, NULL, '2019-11-13 12:06:19', '2019-11-13 12:06:19'),
(633, 0, 'fianl', NULL, NULL, NULL, 'fianl.jpg', 1, NULL, '2019-11-13 12:24:36', '2019-11-13 12:24:36'),
(634, 0, 'fianlhh', NULL, NULL, NULL, 'fianlhh.jpg', 1, NULL, '2019-11-13 12:45:00', '2019-11-13 12:45:00'),
(635, 0, 'cif-lemon', NULL, NULL, NULL, 'cif-lemon.png', 1, NULL, '2019-11-13 17:56:42', '2019-11-13 17:56:42'),
(636, 0, 'cif-original', NULL, NULL, NULL, 'cif-original.png', 1, NULL, '2019-11-13 17:58:56', '2019-11-13 17:58:56'),
(637, 0, 'pot-noodle-bad-bombay', NULL, NULL, NULL, 'pot-noodle-bad-bombay.png', 1, NULL, '2019-11-13 18:02:08', '2019-11-13 18:02:08'),
(638, 0, 'tesco-wholewhete-fusilli1', NULL, NULL, NULL, 'tesco-wholewhete-fusilli1.png', 1, NULL, '2019-11-13 18:05:27', '2019-11-13 18:05:27'),
(639, 0, 'tesco-fusilli', NULL, NULL, NULL, 'tesco-fusilli.png', 1, NULL, '2019-11-13 18:10:30', '2019-11-13 18:10:30'),
(640, 0, 'nature-selection-chia', NULL, NULL, NULL, 'nature-selection-chia.png', 1, NULL, '2019-11-13 18:12:10', '2019-11-13 18:12:10'),
(641, 0, 'tessco-pumpkin', NULL, NULL, NULL, 'tessco-pumpkin.png', 1, NULL, '2019-11-13 18:23:59', '2019-11-13 18:23:59'),
(642, 0, 'tuna-in-brine', NULL, NULL, NULL, 'tuna-in-brine.png', 1, NULL, '2019-11-13 18:29:14', '2019-11-13 18:29:14'),
(643, 0, 'nescafe-caramel', NULL, NULL, NULL, 'nescafe-caramel.png', 1, NULL, '2019-11-13 18:31:58', '2019-11-13 18:31:58'),
(644, 0, 'saxa-coarse', NULL, NULL, NULL, 'saxa-coarse.png', 1, NULL, '2019-11-13 18:42:38', '2019-11-13 18:42:38'),
(645, 0, 'Sainsbury\'s Spaghetti', NULL, NULL, NULL, 'sainsbury_s_spaghetti.jpg', 1, NULL, '2019-11-15 13:18:17', '2019-11-15 13:18:17'),
(646, 0, 'sainsburys-organic-fusilli', NULL, NULL, NULL, 'sainsburys-organic-fusilli.gif', 1, NULL, '2019-11-15 13:18:43', '2019-11-15 13:18:43'),
(647, 0, 'mart8', NULL, NULL, NULL, 'mart8.png', 1, NULL, '2019-11-17 11:20:26', '2019-11-17 11:20:26'),
(648, 0, 'slider', NULL, NULL, NULL, 'slider.jpg', 1, NULL, '2019-11-17 11:20:33', '2019-11-17 11:20:33'),
(649, 0, 'slider2', NULL, NULL, NULL, 'slider2.jpg', 1, NULL, '2019-11-17 11:31:44', '2019-11-17 11:31:44'),
(650, 0, 'slider add', NULL, NULL, NULL, 'slider_add.jpg', 1, NULL, '2019-11-17 11:53:05', '2019-11-17 11:53:05'),
(651, 0, 'NAC', NULL, NULL, NULL, 'nac.jpeg', 1, NULL, '2019-11-19 15:27:52', '2019-11-19 15:27:52'),
(652, 0, 'coconut-oil-revised', NULL, NULL, NULL, 'coconut-oil-revised.gif', 1, NULL, '2019-11-20 12:29:09', '2019-11-20 12:29:09'),
(653, 0, 'pumpkin-seed-revised', NULL, NULL, NULL, 'pumpkin-seed-revised.gif', 1, NULL, '2019-11-21 11:32:10', '2019-11-21 11:32:10'),
(654, 0, 'ktc-coconut-revised', NULL, NULL, NULL, 'ktc-coconut-revised.gif', 1, NULL, '2019-11-21 11:39:30', '2019-11-21 11:39:30'),
(655, 0, 'tesco-sunflower-seeds-revis', NULL, NULL, NULL, 'tesco-sunflower-seeds-revis.gif', 1, NULL, '2019-11-21 11:46:43', '2019-11-21 11:46:43'),
(656, 0, 'ocado-chip-revised', NULL, NULL, NULL, 'ocado-chip-revised.gif', 1, NULL, '2019-11-21 12:03:49', '2019-11-21 12:03:49'),
(657, 0, 'tesco bulgur wheat quinoa', NULL, NULL, NULL, 'tesco_bulgur_wheat_quinoa.jpg', 1, NULL, '2019-11-21 12:14:41', '2019-11-21 12:14:41'),
(658, 0, 'tesco-bulgur-revi', NULL, NULL, NULL, 'tesco-bulgur-revi.gif', 1, NULL, '2019-11-21 12:15:26', '2019-11-21 12:15:26'),
(659, 0, 'knorr-beef-rev', NULL, NULL, NULL, 'knorr-beef-rev.gif', 1, NULL, '2019-11-21 12:24:25', '2019-11-21 12:24:25'),
(660, 0, 'knorr-chicken-rev', NULL, NULL, NULL, 'knorr-chicken-rev.gif', 1, NULL, '2019-11-21 12:28:48', '2019-11-21 12:28:48'),
(661, 0, 'knorr-veg-rev', NULL, NULL, NULL, 'knorr-veg-rev.gif', 1, NULL, '2019-11-21 12:32:22', '2019-11-21 12:32:22'),
(662, 0, 'lavazza-creama-rev', NULL, NULL, NULL, 'lavazza-creama-rev.gif', 1, NULL, '2019-11-21 12:36:31', '2019-11-21 12:36:31'),
(663, 0, 'tesco-dental-stick-rev', NULL, NULL, NULL, 'tesco-dental-stick-rev.gif', 1, NULL, '2019-11-21 12:44:11', '2019-11-21 12:44:11'),
(664, 0, 'spontex-brilliant-rev', NULL, NULL, NULL, 'spontex-brilliant-rev.gif', 1, NULL, '2019-11-21 12:48:29', '2019-11-21 12:48:29'),
(665, 0, 'morrison-honey-rev', NULL, NULL, NULL, 'morrison-honey-rev.gif', 1, NULL, '2019-11-21 12:52:24', '2019-11-21 12:52:24'),
(666, 0, 'alesto-peanut-revised', NULL, NULL, NULL, 'alesto-peanut-revised.gif', 1, NULL, '2019-11-27 00:53:04', '2019-11-27 00:53:04'),
(667, 0, 'keto diet1', NULL, NULL, NULL, 'keto_diet1.jpg', 1, NULL, '2019-11-27 14:58:11', '2019-11-27 14:58:11'),
(668, 0, 'batchelors-chic', NULL, NULL, NULL, 'batchelors-chic.gif', 1, NULL, '2019-11-27 18:10:02', '2019-11-27 18:10:02'),
(669, 0, 'batchelors cream of veg', NULL, NULL, NULL, 'batchelors_cream_of_veg.jpg', 1, NULL, '2019-11-27 20:04:25', '2019-11-27 20:04:25'),
(670, 0, 'batchlors-veg', NULL, NULL, NULL, 'batchlors-veg.gif', 1, NULL, '2019-11-27 20:05:27', '2019-11-27 20:05:27'),
(671, 0, 'batchelors-tom', NULL, NULL, NULL, 'batchelors-tom.gif', 1, NULL, '2019-11-27 20:07:19', '2019-11-27 20:07:19'),
(672, 0, 'heinz-mush', NULL, NULL, NULL, 'heinz-mush.gif', 1, NULL, '2019-11-27 20:12:32', '2019-11-27 20:12:32'),
(674, 0, '1200X400_Web-banner', NULL, NULL, NULL, '1200x400_web-banner.jpg', 1, NULL, '2019-12-01 23:31:15', '2019-12-01 23:31:15'),
(675, 0, '1200X400_Web-banner_12', NULL, NULL, NULL, '1200x400_web-banner_12.jpg', 1, NULL, '2019-12-02 01:02:07', '2019-12-02 01:02:07'),
(676, 0, '1200X400_Web-banner_12', NULL, NULL, NULL, '1200x400_web-banner_12_1.jpg', 1, NULL, '2019-12-02 01:57:34', '2019-12-02 01:57:34'),
(677, 0, 'gullon gluten free', NULL, NULL, NULL, 'gullon_gluten_free.jpg', 1, NULL, '2019-12-07 17:26:58', '2019-12-07 17:26:58'),
(678, 0, 'gullon1', NULL, NULL, NULL, 'gullon1.gif', 1, NULL, '2019-12-07 17:28:58', '2019-12-07 17:28:58'),
(679, 0, 'gullon3', NULL, NULL, NULL, 'gullon3.gif', 1, NULL, '2019-12-07 19:15:19', '2019-12-07 19:15:19'),
(680, 0, 'gullon-sugar-free-maria', NULL, NULL, NULL, 'gullon-sugar-free-maria.gif', 1, NULL, '2019-12-07 19:25:05', '2019-12-07 19:25:05'),
(681, 0, 'gullon-senze-crack', NULL, NULL, NULL, 'gullon-senze-crack.gif', 1, NULL, '2019-12-07 19:29:31', '2019-12-07 19:29:31'),
(682, 0, 'ryvita-dark1', NULL, NULL, NULL, 'ryvita-dark1.gif', 1, NULL, '2019-12-07 19:38:17', '2019-12-07 19:38:17'),
(684, 0, 'Bijoy-Offer', NULL, NULL, NULL, 'bijoy-offer.png', 1, NULL, '2019-12-16 02:00:39', '2019-12-16 02:00:39'),
(685, 0, 'Web-banner_Bijoy-Offer', NULL, NULL, NULL, 'web-banner_bijoy-offer.png', 1, NULL, '2019-12-16 02:07:29', '2019-12-16 02:07:29'),
(686, 0, '78416567_550072859115626_2314156347911831552_n', NULL, NULL, NULL, '78416567_550072859115626_2314156347911831552_n.jpg', 1, NULL, '2019-12-16 02:34:13', '2019-12-16 02:34:13'),
(687, 0, '78416567_550072859115626_2314156347911831552_n', NULL, NULL, NULL, '78416567_550072859115626_2314156347911831552_n_1.jpg', 1, NULL, '2019-12-16 02:35:39', '2019-12-16 02:35:39'),
(688, 0, 'Mahmud Mart', 'For A Better Lifestyle', NULL, NULL, 'mmart_white.jpg', 1, 1, '2019-12-16 02:39:10', '2019-12-16 02:40:16'),
(689, 0, 'bourbon', NULL, NULL, NULL, 'bourbon.gif', 1, NULL, '2019-12-19 21:35:01', '2019-12-19 21:35:01'),
(690, 0, 'ktc-lime', NULL, NULL, NULL, 'ktc-lime.gif', 1, NULL, '2019-12-19 21:47:40', '2019-12-19 21:47:40'),
(691, 0, 'aah-chicken-granules', NULL, NULL, NULL, 'aah-chicken-granules.gif', 1, NULL, '2019-12-19 22:12:33', '2019-12-19 22:12:33'),
(692, 0, 'ms-cheddar-cheese', NULL, NULL, NULL, 'ms-cheddar-cheese.gif', 1, NULL, '2019-12-19 22:16:00', '2019-12-19 22:16:00'),
(693, 0, 'mcvities-custard', NULL, NULL, NULL, 'mcvities-custard.gif', 1, NULL, '2019-12-19 22:30:21', '2019-12-19 22:30:21'),
(694, 0, 'gullon-shortbread', NULL, NULL, NULL, 'gullon-shortbread.gif', 1, NULL, '2019-12-19 22:34:32', '2019-12-19 22:34:32'),
(695, 0, 'sainsburys-organic-fusilli', NULL, NULL, NULL, 'sainsburys-organic-fusilli_1.gif', 1, NULL, '2019-12-19 22:41:07', '2019-12-19 22:41:07'),
(696, 0, 'sainsburys-spaghetti', NULL, NULL, NULL, 'sainsburys-spaghetti.gif', 1, NULL, '2019-12-19 22:45:36', '2019-12-19 22:45:36'),
(697, 0, 'heinz-vegetable', NULL, NULL, NULL, 'heinz-vegetable.gif', 1, NULL, '2019-12-19 22:50:49', '2019-12-19 22:50:49'),
(698, 0, 'schartz-onion', NULL, NULL, NULL, 'schartz-onion.gif', 1, NULL, '2019-12-19 23:05:04', '2019-12-19 23:05:04'),
(699, 0, 'nescafe-gold-mocha', NULL, NULL, NULL, 'nescafe-gold-mocha.gif', 1, NULL, '2019-12-19 23:08:35', '2019-12-19 23:08:35'),
(700, 0, 'spontex-dishmop-refill', NULL, NULL, NULL, 'spontex-dishmop-refill.gif', 1, NULL, '2019-12-19 23:16:01', '2019-12-19 23:16:01'),
(701, 0, 'kinder', NULL, NULL, NULL, 'kinder.gif', 1, NULL, '2019-12-19 23:45:27', '2019-12-19 23:45:27'),
(702, 0, 'M&M-crispy', NULL, NULL, NULL, 'mam-crispy.gif', 1, NULL, '2019-12-19 23:49:47', '2019-12-19 23:49:47'),
(703, 0, 'm&M-peanut', NULL, NULL, NULL, 'mam-peanut.gif', 1, NULL, '2019-12-20 00:42:20', '2019-12-20 00:42:20'),
(704, 0, 'M&M-chocolate', NULL, NULL, NULL, 'mam-chocolate.gif', 1, NULL, '2019-12-20 00:44:35', '2019-12-20 00:44:35'),
(705, 0, 'toblerone-tiny', NULL, NULL, NULL, 'toblerone-tiny.gif', 1, NULL, '2019-12-20 00:47:49', '2019-12-20 00:47:49'),
(706, 0, 'chupa-chups-mini', NULL, NULL, NULL, 'chupa-chups-mini.gif', 1, NULL, '2019-12-20 00:52:48', '2019-12-20 00:52:48'),
(707, 0, 'hersheys', NULL, NULL, NULL, 'hersheys.gif', 1, NULL, '2019-12-20 00:56:44', '2019-12-20 00:56:44'),
(708, 0, 'splenda', NULL, NULL, NULL, 'splenda.gif', 1, NULL, '2019-12-20 01:02:58', '2019-12-20 01:02:58'),
(709, 0, 'truvia', NULL, NULL, NULL, 'truvia.gif', 1, NULL, '2019-12-20 01:07:50', '2019-12-20 01:07:50'),
(710, 0, 'chap-stick', NULL, NULL, NULL, 'chap-stick.gif', 1, NULL, '2019-12-20 01:12:46', '2019-12-20 01:12:46'),
(711, 0, 'lady finger', NULL, NULL, NULL, 'lady_finger.jpg', 1, NULL, '2019-12-23 20:16:59', '2019-12-23 20:16:59'),
(712, 0, 'trident-tropical', NULL, NULL, NULL, 'trident-tropical.gif', 1, NULL, '2019-12-23 20:30:50', '2019-12-23 20:30:50'),
(713, 0, 'trident-spearmint', NULL, NULL, NULL, 'trident-spearmint.gif', 1, NULL, '2019-12-23 20:33:06', '2019-12-23 20:33:06'),
(714, 0, 'carex-sensitive', NULL, NULL, NULL, 'carex-sensitive.gif', 1, NULL, '2019-12-24 01:51:40', '2019-12-24 01:51:40'),
(715, 0, 'carex-nourish', NULL, NULL, NULL, 'carex-nourish.gif', 1, NULL, '2019-12-24 01:55:43', '2019-12-24 01:55:43'),
(716, 0, 'palmolive-aquarium', NULL, NULL, NULL, 'palmolive-aquarium.gif', 1, NULL, '2019-12-24 01:58:15', '2019-12-24 01:58:15'),
(717, 0, 'imperial-cherry', NULL, NULL, NULL, 'imperial-cherry.gif', 1, NULL, '2019-12-24 02:03:31', '2019-12-24 02:03:31'),
(718, 0, 'starbucsk-frappuccino', NULL, NULL, NULL, 'starbucsk-frappuccino.gif', 1, NULL, '2019-12-24 02:06:42', '2019-12-24 02:06:42'),
(719, 0, 'starbucks-frappuccino-vanil', NULL, NULL, NULL, 'starbucks-frappuccino-vanil.gif', 1, NULL, '2019-12-24 02:11:27', '2019-12-24 02:11:27'),
(720, 0, 'dr-oetker-dark', NULL, NULL, NULL, 'dr-oetker-dark.gif', 1, NULL, '2019-12-24 02:27:42', '2019-12-24 02:27:42'),
(721, 0, 'dr-oetker-madagascan-vanill', NULL, NULL, NULL, 'dr-oetker-madagascan-vanill.gif', 1, NULL, '2019-12-24 02:29:11', '2019-12-24 02:29:11'),
(723, 0, 'jotpot', NULL, NULL, NULL, 'jotpot.jpg', 1, NULL, '2020-01-02 17:38:19', '2020-01-02 17:38:19'),
(728, 0, 'home_slider_img_2', NULL, NULL, NULL, 'home_slider_img_2.jpg', 1, NULL, '2020-01-02 21:06:21', '2020-01-02 21:06:21'),
(729, 0, 'SLIDER_alcina_Never', NULL, NULL, NULL, 'slider_alcina_never.jpg', 1, NULL, '2020-01-02 21:06:29', '2020-01-02 21:06:29'),
(730, 0, 'slider2-2', NULL, NULL, NULL, 'slider2-2.jpg', 1, NULL, '2020-01-02 21:06:36', '2020-01-02 21:06:36'),
(731, 0, 'slider-img-7', NULL, NULL, NULL, 'slider-img-7.jpg', 1, NULL, '2020-01-02 21:06:44', '2020-01-02 21:06:44'),
(732, 0, 'image', NULL, NULL, NULL, 'image.jpg', 1, NULL, '2020-01-09 16:03:43', '2020-01-09 16:03:43');

-- --------------------------------------------------------

--
-- Table structure for table `media_permissions`
--

CREATE TABLE `media_permissions` (
  `id` int(10) UNSIGNED NOT NULL,
  `media_id` int(10) UNSIGNED NOT NULL,
  `user_id` int(10) UNSIGNED NOT NULL
) ENGINE=InnoDB DEFAULT CHARSET=utf8;

-- --------------------------------------------------------

--
-- Table structure for table `migrations`
--

CREATE TABLE `migrations` (
  `id` int(10) UNSIGNED NOT NULL,
  `migration` varchar(191) NOT NULL,
  `batch` int(11) NOT NULL
) ENGINE=InnoDB DEFAULT CHARSET=utf8;

--
-- Dumping data for table `migrations`
--

INSERT INTO `migrations` (`id`, `migration`, `batch`) VALUES
(1, '2014_10_12_000000_create_users_table', 1),
(2, '2014_10_12_100000_create_password_resets_table', 1),
(3, '2017_08_07_034348_create_settings_table', 1),
(4, '2017_08_07_035559_create_users_metas_table', 1),
(5, '2017_08_07_042628_create_roles_table', 1),
(6, '2017_08_07_092248_create_media_table', 1),
(7, '2017_08_08_093255_create_visitors_table', 1),
(8, '2017_08_10_091903_create_pages_table', 1),
(9, '2017_08_10_091915_create_sliders_table', 1),
(10, '2017_10_03_070336_create_categories_table', 1),
(11, '2017_10_03_070345_create_categoryables_table', 1),
(12, '2017_10_03_070354_create_tags_table', 1),
(13, '2017_10_03_070407_create_taggables_table', 1),
(14, '2017_10_03_071431_create_comments_table', 1),
(15, '2017_10_03_071448_create_blogs_table', 1),
(16, '2017_10_30_054713_create_admins_table', 1),
(17, '2017_10_30_055642_create_admins_metas_table', 1),
(18, '2017_11_09_064245_create_orders_table', 1),
(19, '2017_11_09_064315_create_payments_table', 1),
(20, '2017_11_09_064335_create_order_details_table', 1),
(21, '2017_11_09_083522_create_payment_methods_table', 1),
(22, '2017_11_11_040005_create_coupons_table', 1),
(23, '2017_11_11_040822_add_auth_id_to_users_table', 1),
(24, '2017_11_19_063429_create_taxes_table', 1),
(25, '2017_12_09_032351_create_media_permissions_table', 1),
(26, '2017_12_10_035008_create_subscribers_table', 1),
(27, '2017_12_11_061154_create_wishlists_table', 1),
(28, '2018_03_13_041023_add_style_to_sliders_table', 1),
(29, '2018_03_14_051359_create_likes_table', 1),
(30, '2018_03_14_052316_add_likes_to_blogs_table', 1),
(31, '2018_04_09_104924_add_banner_title_to_pages_table', 1),
(32, '2018_04_09_104948_add_banner_subtitle_to_pages_table', 1),
(33, '2019_03_19_050137_create_brands_table', 1),
(34, '2019_03_19_102008_create_attributetitles_table', 1),
(35, '2019_03_19_103516_create_attributes_table', 1),
(36, '2019_03_19_113141_create_products_table', 1),
(37, '2019_03_21_054136_create_attribute_product_table', 1),
(38, '2019_03_21_063225_create_units_table', 1),
(39, '2019_03_27_091510_create_shoppingcart_table', 1),
(40, '2019_04_08_090946_create_product_reviews_table', 1),
(41, '2019_04_16_090954_create_shippings_table', 1),
(42, '2019_04_16_120742_create_shipping_methods_table', 1);

-- --------------------------------------------------------

--
-- Table structure for table `orderaddresses`
--

CREATE TABLE `orderaddresses` (
  `id` int(10) UNSIGNED NOT NULL,
  `order_id` int(10) UNSIGNED NOT NULL,
  `firstname` varchar(191) DEFAULT NULL,
  `lastname` varchar(191) DEFAULT NULL,
  `mobile` varchar(191) DEFAULT NULL,
  `company` varchar(191) DEFAULT NULL,
  `address` text,
  `country` varchar(191) DEFAULT NULL,
  `state` varchar(191) DEFAULT NULL,
  `city` varchar(191) DEFAULT NULL,
  `zip` varchar(5) DEFAULT NULL,
  `billing_firstname` varchar(191) DEFAULT NULL,
  `billing_lastname` varchar(191) DEFAULT NULL,
  `billing_mobile` varchar(191) DEFAULT NULL,
  `billing_company` varchar(191) DEFAULT NULL,
  `billing_address` text,
  `billing_country` varchar(191) DEFAULT NULL,
  `billing_state` varchar(191) DEFAULT NULL,
  `billing_city` varchar(191) DEFAULT NULL,
  `billing_zip` varchar(5) DEFAULT NULL,
  `created_at` timestamp NULL DEFAULT NULL,
  `updated_at` timestamp NULL DEFAULT NULL
) ENGINE=InnoDB DEFAULT CHARSET=utf8;

--
-- Dumping data for table `orderaddresses`
--

INSERT INTO `orderaddresses` (`id`, `order_id`, `firstname`, `lastname`, `mobile`, `company`, `address`, `country`, `state`, `city`, `zip`, `billing_firstname`, `billing_lastname`, `billing_mobile`, `billing_company`, `billing_address`, `billing_country`, `billing_state`, `billing_city`, `billing_zip`, `created_at`, `updated_at`) VALUES
(3, 23, 'Sumaiya', 'Minnat', '01735660557', 'Mahmudmart', 'House: 418, Road: 30, New DOHS, Mohakhali, Dhaka - 1206', 'Bangladesh', 'Dhaka', 'Dhaka', '1206', 'Sumaiya', 'Minnat', '01735660557', 'Mahmudmart', 'House: 418, Road: 30, New DOHS, Mohakhali, Dhaka - 1206', NULL, NULL, 'Dhaka', '1206', '2019-08-01 07:03:53', '2019-08-01 07:03:53'),
(4, 24, 'Sumaiya', 'Minnat', '01735660557', 'Mahmudmart', 'House: 418, Road: 30, New DOHS, Mohakhali, Dhaka - 1206', 'Bangladesh', 'Dhaka', 'Dhaka', '1206', 'Sumaiya', 'Minnat', '01735660557', 'Mahmudmart', 'House: 418, Road: 30, New DOHS, Mohakhali, Dhaka - 1206', NULL, NULL, 'Dhaka', '1206', '2019-08-01 09:27:29', '2019-08-01 09:27:29'),
(5, 25, NULL, NULL, NULL, NULL, NULL, NULL, NULL, NULL, NULL, NULL, NULL, NULL, NULL, NULL, NULL, NULL, NULL, NULL, '2019-08-01 09:28:05', '2019-08-01 09:28:05'),
(8, 28, 'Buckle', 'BD', '23423423423423', NULL, 'House 34 (3B), Road 2, Nikunja 2, Dhaka 1229', NULL, NULL, 'Dhaka', '1229', NULL, NULL, NULL, NULL, NULL, NULL, NULL, NULL, NULL, '2019-08-04 08:39:00', '2019-08-04 08:39:00'),
(10, 30, 'Sumaiya', 'Minnat', '01735660557', NULL, 'House: 418, Road: 30, New DOHS, Dhaka -1206, Mohakhali', NULL, NULL, 'Dhaka', '1206', NULL, NULL, NULL, NULL, NULL, NULL, NULL, NULL, NULL, '2019-11-03 07:39:18', '2019-11-03 07:39:18'),
(11, 31, 'Sumaiya', 'Minnat', '01735660557', NULL, 'House: 418, Road: 30, New DOHS, Dhaka -1206, Mohakhali', NULL, NULL, 'Dhaka', '1206', NULL, NULL, NULL, NULL, NULL, NULL, NULL, NULL, NULL, '2019-11-09 07:52:12', '2019-11-09 07:52:12'),
(19, 39, 'Robiul', 'Islam', '01707070712', NULL, '13/3 Aorongozeb Road, Flat-c/7, Mohammadpur Dhaka', NULL, NULL, 'Dhaka', '1208', NULL, NULL, NULL, NULL, NULL, NULL, NULL, NULL, NULL, '2019-11-11 14:14:40', '2019-11-11 14:14:40'),
(20, 40, 'Sumaiya', 'Minnat', '01735660557', NULL, 'House: 418, Road: 30, New DOHS, Dhaka -1206, Mohakhali', NULL, NULL, 'Dhaka', '1206', NULL, NULL, NULL, NULL, NULL, NULL, NULL, NULL, NULL, '2019-11-11 14:33:09', '2019-11-11 14:33:09'),
(21, 41, 'Masud', 'Hasan', '01400081129', 'Unlocklive IT Limited', 'House#65-67(B4), Road#1, Block#E, Mirpur-12', 'Bangladesh', NULL, 'Dhaka', '1216', NULL, NULL, NULL, NULL, NULL, NULL, NULL, NULL, NULL, '2019-11-17 07:48:27', '2019-11-17 07:48:27'),
(22, 42, 'Nazeem', 'Choudhury', '01711818128', NULL, 'Flat 5/A, Plot 77, Road 9, Block C, Niketan', 'Bangladesh', 'Dhaka', 'Gulshan', '1212', NULL, NULL, NULL, NULL, NULL, NULL, NULL, NULL, NULL, '2019-11-19 15:43:31', '2019-11-19 15:43:31'),
(23, 43, 'Nazeem', 'Choudhury', '01711818128', NULL, 'Flat 5/A, Plot 77, Road 9, Block C, Niketan', 'Bangladesh', 'Dhaka', 'Gulshan', '1212', NULL, NULL, NULL, NULL, NULL, NULL, NULL, NULL, NULL, '2019-11-19 15:47:12', '2019-11-19 15:47:12'),
(24, 44, 'Mohammad', 'Haque', '01926672042', 'NNN', 'NNN,21, dsdd', NULL, NULL, 'Dhaka', '1206', NULL, NULL, NULL, NULL, NULL, NULL, NULL, NULL, NULL, '2019-11-19 16:25:34', '2019-11-19 16:25:34'),
(25, 45, 'Nazeem', 'Choudhury', '01711818128', NULL, 'Flat 5/A, Plot 77, Road 9, Block C, Niketan', 'Bangladesh', 'Dhaka', 'Gulshan', '1212', NULL, NULL, NULL, NULL, NULL, NULL, NULL, NULL, NULL, '2019-11-20 12:49:32', '2019-11-20 12:49:32'),
(26, 46, 'Nazeem', 'Choudhury', '01711818128', NULL, 'Flat 5/A, Plot 77, Road 9, Block C, Niketan', 'Bangladesh', 'Dhaka', 'Gulshan', '1212', NULL, NULL, NULL, NULL, NULL, NULL, NULL, NULL, NULL, '2019-11-23 12:35:47', '2019-11-23 12:35:47'),
(27, 47, 'Mr Monowar', 'Monowar', '01711522231', NULL, 'Rd 105, House 22C Gulshan 2', NULL, NULL, 'Dhaka', NULL, NULL, NULL, NULL, NULL, NULL, NULL, NULL, NULL, NULL, '2019-11-27 02:17:29', '2019-11-27 02:17:29'),
(28, 48, 'shahrukh', 'Hussain', '01711589711', 'Alex', 'House-06,Road-77,Flat-B/1, Gulshan-2, Dhaka-1212.', NULL, NULL, 'Dhaka', '1212', NULL, NULL, NULL, NULL, NULL, NULL, NULL, NULL, NULL, '2019-11-29 16:47:44', '2019-11-29 16:47:44'),
(29, 49, 'hamidul', 'mamun', '01713081548', NULL, 'southeast bank limited, jamuna bhaban karwan bazar', NULL, NULL, 'Dhaka', NULL, NULL, NULL, NULL, NULL, NULL, NULL, NULL, NULL, NULL, '2019-12-02 04:13:27', '2019-12-02 04:13:27'),
(30, 50, 'Fasihul', 'Kabir', '+8801682627005', NULL, 'H-12, R-12, Dhanmondi', 'Bangladesh', 'Dhaka', 'Dhaka', '1209', NULL, NULL, NULL, NULL, NULL, NULL, NULL, NULL, NULL, '2019-12-11 18:59:34', '2019-12-11 18:59:34'),
(31, 51, 'Rubaiya', 'Ali', '01718140296', NULL, 'Block D , road 7, house 118 , apt#B5 , Bashundhara RA', NULL, NULL, 'Dhaka', NULL, NULL, NULL, NULL, NULL, NULL, NULL, NULL, NULL, NULL, '2019-12-16 18:45:00', '2019-12-16 18:45:00'),
(32, 52, 'Hamidul', 'Haque', '01713081548', NULL, 'southeast bank limited, jamuna bhaban karwan bazar', NULL, NULL, 'Dhaka', NULL, NULL, NULL, NULL, NULL, NULL, NULL, NULL, NULL, NULL, '2019-12-19 17:20:05', '2019-12-19 17:20:05'),
(33, 53, 'Hamidul', 'Haque', '01713081548', NULL, 'southeast bank limited, jamuna bhaban karwan bazar', NULL, NULL, 'Dhaka', NULL, NULL, NULL, NULL, NULL, NULL, NULL, NULL, NULL, NULL, '2019-12-24 23:53:08', '2019-12-24 23:53:08'),
(34, 54, 'Buckle', 'BD', '23423423423423', NULL, 'House 34 (3B), Road 2, Nikunja 2, Dhaka 1229', NULL, NULL, 'Dhaka', '1229', NULL, NULL, NULL, NULL, NULL, NULL, NULL, NULL, NULL, '2020-01-11 18:01:23', '2020-01-11 18:01:23'),
(35, 55, 'Buckle', 'BD', '23423423423423', NULL, 'House 34 (3B), Road 2, Nikunja 2, Dhaka 1229', NULL, NULL, 'Dhaka', '1229', NULL, NULL, NULL, NULL, NULL, NULL, NULL, NULL, NULL, '2020-01-12 06:18:07', '2020-01-12 06:18:07');

-- --------------------------------------------------------

--
-- Table structure for table `orders`
--

CREATE TABLE `orders` (
  `id` int(10) UNSIGNED NOT NULL,
  `invoice_no` varchar(191) NOT NULL,
  `user_id` int(10) UNSIGNED NOT NULL,
  `customer_name` varchar(191) DEFAULT NULL,
  `contact_email` varchar(191) DEFAULT NULL,
  `create_date` date NOT NULL,
  `cart_json` longtext,
  `sub_total` double(10,2) NOT NULL,
  `discount` double(5,2) NOT NULL,
  `coupon_code` varchar(191) DEFAULT NULL,
  `coupon_amount` double(6,2) NOT NULL DEFAULT '0.00',
  `tax` double(6,2) NOT NULL DEFAULT '0.00',
  `baseCurrency` varchar(20) NOT NULL,
  `currency` varchar(20) NOT NULL,
  `currencyRate` float NOT NULL,
  `currency_symbol` varchar(20) NOT NULL,
  `grand_total` double(10,2) NOT NULL,
  `paid` double(10,2) NOT NULL,
  `payment_method_id` int(10) UNSIGNED DEFAULT NULL,
  `shipping_method_name` varchar(100) DEFAULT NULL,
  `shipping_method_charge` float DEFAULT NULL,
  `order_note` text,
  `attachments` text,
  `completed_files` text,
  `created_by` int(10) UNSIGNED NOT NULL,
  `modified_by` int(10) UNSIGNED DEFAULT NULL,
  `order_status` tinyint(4) NOT NULL DEFAULT '3' COMMENT '1=Completed, 2=Processing, 3=Pending, 4=Cancelled',
  `payment_status` tinyint(4) NOT NULL DEFAULT '3' COMMENT '1=Completed, 2=Pending, 3=Cancelled',
  `created_at` timestamp NULL DEFAULT NULL,
  `updated_at` timestamp NULL DEFAULT NULL
) ENGINE=InnoDB DEFAULT CHARSET=utf8;

--
-- Dumping data for table `orders`
--

INSERT INTO `orders` (`id`, `invoice_no`, `user_id`, `customer_name`, `contact_email`, `create_date`, `cart_json`, `sub_total`, `discount`, `coupon_code`, `coupon_amount`, `tax`, `baseCurrency`, `currency`, `currencyRate`, `currency_symbol`, `grand_total`, `paid`, `payment_method_id`, `shipping_method_name`, `shipping_method_charge`, `order_note`, `attachments`, `completed_files`, `created_by`, `modified_by`, `order_status`, `payment_status`, `created_at`, `updated_at`) VALUES
(14, '0014', 14, NULL, 'isajid07@gmail.com', '2019-08-08', '{\"85cd744979e5b381d5dd7b912c6bc691\":{\"rowId\":\"85cd744979e5b381d5dd7b912c6bc691\",\"id\":\"561\",\"name\":\"Twinings Pure Camomile Tea Bags\",\"qty\":\"1\",\"price\":280,\"options\":{\"image\":\"1557564119.006690.jpg\",\"slug\":\"twinings-pure-camomile-tea-bags\",\"sku\":\"255411\"},\"tax\":0,\"subtotal\":280}}', 280.00, 0.00, NULL, 0.00, 0.00, '19', '19', 0, 'Tk.', 280.00, 0.00, 3, NULL, 0, NULL, NULL, NULL, 0, NULL, 3, 3, '2019-07-23 14:58:23', '2019-07-23 14:58:23'),
(15, '0015', 15, NULL, 'syed.s.raihangpc@gmail.com', '2019-08-08', '{\"cf4900577080ca0d9f94d6b5e61e2455\":{\"rowId\":\"cf4900577080ca0d9f94d6b5e61e2455\",\"id\":\"8\",\"name\":\"Diablo no added suger chocolate chips & cranberry cookies 135gm\",\"qty\":\"1\",\"price\":500,\"options\":{\"image\":\"1558248262.new29.jpg\",\"slug\":\"diablo-no-added-suger-chocolate-chips-cranberry-cookies-135gm\",\"sku\":\"409265\"},\"tax\":0,\"subtotal\":500}}', 500.00, 0.00, NULL, 0.00, 0.00, '19', '19', 0, 'Tk.', 500.00, 0.00, 3, NULL, 0, NULL, NULL, NULL, 0, NULL, 3, 3, '2019-07-23 16:52:34', '2019-07-23 16:52:34'),
(23, '0023', 18, 'Sumaiya Minnat', 'sumaiya.minnat@gmail.com', '2019-08-01', '{\"ec36f6ce578f77899a578e5effc80611\":{\"rowId\":\"ec36f6ce578f77899a578e5effc80611\",\"id\":\"392\",\"name\":\"Betty Crocker Carrot Cake Mix\",\"qty\":\"1\",\"price\":600,\"options\":{\"image\":\"1555743325.397895.jpg\",\"slug\":\"betty-crocker-carrot-cake-mix\",\"sku\":\"248332\"},\"tax\":0,\"subtotal\":600}}', 600.00, 0.00, NULL, 0.00, 0.00, '19', '19', 0, 'Tk.', 650.00, 0.00, 3, 'Flat Rate', 50, NULL, NULL, NULL, 0, NULL, 4, 3, '2019-08-01 07:03:53', '2019-11-09 08:00:40'),
(24, '0024', 18, 'Sumaiya Minnat', 'sumaiya.minnat@gmail.com', '2019-08-01', '{\"b7f51cba55fc2f1d55664ea15e01ae82\":{\"rowId\":\"b7f51cba55fc2f1d55664ea15e01ae82\",\"id\":\"594\",\"name\":\"Oreo Cookies Original\",\"qty\":\"1\",\"price\":200,\"options\":{\"image\":\"oreo-original-154g.png\",\"slug\":\"oreo-cookies-original\",\"sku\":\"111\"},\"tax\":0,\"subtotal\":200}}', 200.00, 0.00, NULL, 0.00, 0.00, '19', '19', 0, 'Tk.', 250.00, 0.00, 3, 'Flat Rate', 50, NULL, NULL, NULL, 0, NULL, 4, 3, '2019-08-01 09:27:29', '2019-11-09 08:00:34'),
(25, '0025', 18, ' ', 'sumaiya.minnat@gmail.com', '2019-08-01', '[]', 200.00, 0.00, NULL, 0.00, 0.00, '19', '19', 0, 'Tk.', 250.00, 0.00, 3, 'Flat Rate', 50, NULL, NULL, NULL, 0, NULL, 4, 3, '2019-08-01 09:28:05', '2019-11-09 08:00:29'),
(28, '0028', 20, 'Buckle BD', 'admin@gmail.com', '2019-08-04', '{\"b7f51cba55fc2f1d55664ea15e01ae82\":{\"rowId\":\"b7f51cba55fc2f1d55664ea15e01ae82\",\"id\":\"594\",\"name\":\"Oreo Cookies Original\",\"qty\":\"2\",\"price\":200,\"options\":{\"image\":\"oreo-original-154g.png\",\"slug\":\"oreo-cookies-original\",\"sku\":\"111\"},\"tax\":0,\"subtotal\":400},\"f15391b25b9c0f35708c1175b674a3ce\":{\"rowId\":\"f15391b25b9c0f35708c1175b674a3ce\",\"id\":\"593\",\"name\":\"Hellmann\'s Real Mayonnaise\",\"qty\":1,\"price\":600,\"options\":{\"image\":\"hellman_s_real_mayonnaise.jpg\",\"slug\":\"hellmans-real-mayonnaise-1\",\"sku\":\"24343556\"},\"tax\":0,\"subtotal\":600}}', 1000.00, 0.00, NULL, 0.00, 0.00, '19', '19', 0, 'Tk.', 1000.00, 0.00, 3, NULL, 0, 'adsadadasd', NULL, NULL, 0, NULL, 4, 3, '2019-08-04 08:39:00', '2019-11-09 08:00:22'),
(30, '0030', 18, 'Sumaiya Minnat', 'sumaiya.minnat@gmail.com', '2019-11-03', '{\"abc3ff3373ba5c289070bdb6208ec1e6\":{\"rowId\":\"abc3ff3373ba5c289070bdb6208ec1e6\",\"id\":\"58\",\"name\":\"Tesco Grains & Seed Granola\",\"qty\":\"1\",\"price\":1065,\"options\":{\"image\":\"1558239460.new5.jpg\",\"slug\":\"tesco-grains-seed-granola\",\"sku\":\"674168\"},\"tax\":0,\"subtotal\":1065}}', 1065.00, 0.00, NULL, 0.00, 0.00, '19', '19', 0, 'Tk.', 1115.00, 0.00, 3, NULL, 50, NULL, NULL, NULL, 0, NULL, 4, 3, '2019-11-03 07:39:18', '2019-11-09 08:00:07'),
(31, '0031', 18, 'Sumaiya Minnat', 'sumaiya.minnat@gmail.com', '2019-11-09', '{\"3de86c1ab7c67c831742d288d5ad1ba9\":{\"rowId\":\"3de86c1ab7c67c831742d288d5ad1ba9\",\"id\":\"641\",\"name\":\"Old El Paso Seasoning Mix for Tacos\",\"qty\":\"3\",\"price\":235,\"options\":{\"image\":\"taco-seasoning.gif\",\"slug\":\"old-el-paso-seasoning-mix-for-tacos\",\"sku\":\"seasoning1\"},\"tax\":0,\"subtotal\":705}}', 705.00, 0.00, NULL, 0.00, 0.00, '19', '19', 0, 'Tk.', 755.00, 0.00, 3, NULL, 50, NULL, NULL, NULL, 0, NULL, 4, 3, '2019-11-09 07:52:12', '2019-11-09 08:00:02'),
(39, '0032', 27, 'Robiul Islam', 'ri01955223344@gmail.com', '2019-11-11', '{\"fd38e3a001a31c3b9d4e3eeef83b1929\":{\"rowId\":\"fd38e3a001a31c3b9d4e3eeef83b1929\",\"id\":\"532\",\"name\":\"Tesco Chunky Chocolate Cookies\",\"qty\":\"2\",\"price\":425,\"options\":{\"image\":\"1557555708.426813.jpg\",\"slug\":\"tesco-chunky-chocolate-cookies\",\"sku\":\"191011\"},\"tax\":0,\"subtotal\":850},\"dfbf4096f04674d19a2d38f425092e5e\":{\"rowId\":\"dfbf4096f04674d19a2d38f425092e5e\",\"id\":\"533\",\"name\":\"Tesco Chunky White Chocolate Cookies\",\"qty\":\"2\",\"price\":425,\"options\":{\"image\":\"1557555881.553584.jpg\",\"slug\":\"tesco-chunky-white-chocolate-cookies\",\"sku\":\"493995\"},\"tax\":0,\"subtotal\":850},\"2aedeb639bf8f18ef2ea560fef8db918\":{\"rowId\":\"2aedeb639bf8f18ef2ea560fef8db918\",\"id\":\"544\",\"name\":\"Tesco Peanut Cookies\",\"qty\":\"2\",\"price\":425,\"options\":{\"image\":\"1557558889.300453.jpg\",\"slug\":\"tesco-peanut-cookies\",\"sku\":\"507903\"},\"tax\":0,\"subtotal\":850}}', 2550.00, 0.00, NULL, 0.00, 0.00, '19', '19', 0, 'Tk.', 2550.00, 5100.00, 3, NULL, 0, NULL, NULL, NULL, 0, NULL, 4, 3, '2019-11-11 14:14:40', '2019-11-21 11:24:15'),
(40, '0040', 18, 'Sumaiya Minnat', 'sumaiya.minnat@gmail.com', '2019-11-11', '{\"0cf0272a431d39e8c9a0044646847967\":{\"rowId\":\"0cf0272a431d39e8c9a0044646847967\",\"id\":\"427\",\"name\":\"Heinz Cream of Tomato Cup Soup 4 Sachets\",\"qty\":\"1\",\"price\":315,\"options\":{\"image\":\"1557379887.342981_2.jpg\",\"slug\":\"heinz-cream-of-tomato-cup-soup-4-sachets\",\"sku\":\"638877\"},\"tax\":0,\"subtotal\":315}}', 315.00, 0.00, NULL, 0.00, 0.00, '19', '19', 0, 'Tk.', 385.00, 385.00, 3, NULL, 70, NULL, NULL, NULL, 0, NULL, 4, 3, '2019-11-11 14:33:09', '2019-11-21 11:24:10'),
(41, '0041', 29, 'Masud Hasan', 'rakibmyman@gmail.com', '2019-11-17', '{\"6ef7a5056bcf682688a98ce903c49c82\":{\"rowId\":\"6ef7a5056bcf682688a98ce903c49c82\",\"id\":\"500\",\"name\":\"Ryvita Thins Cheddar & Cracker Black Pepper\",\"qty\":1,\"price\":450,\"options\":{\"image\":\"1557549425.191898.jpg\",\"slug\":\"ryvita-thins-cheddar-cracker-black-pepper\",\"sku\":\"954047\"},\"tax\":0,\"subtotal\":450}}', 450.00, 0.00, NULL, 0.00, 0.00, '19', '19', 0, 'Tk.', 520.00, 0.00, 3, NULL, 70, NULL, NULL, NULL, 0, NULL, 4, 3, '2019-11-17 07:48:27', '2019-11-21 11:24:02'),
(42, '0042', 30, 'Nazeem Choudhury', 'nazeem.choudhury@gmail.com', '2019-11-19', '{\"9172416d044800aed87def86527e692b\":{\"rowId\":\"9172416d044800aed87def86527e692b\",\"id\":\"149\",\"name\":\"KTC Lemon Juice\",\"qty\":\"3\",\"price\":360,\"options\":{\"image\":\"_dsc5508.jpg\",\"slug\":\"ktc-lemon-juice\",\"sku\":\"417314\"},\"tax\":0,\"subtotal\":1080}}', 1080.00, 0.00, NULL, 0.00, 0.00, '19', '19', 0, 'Tk.', 1080.00, 0.00, 3, NULL, 0, NULL, NULL, NULL, 0, NULL, 3, 3, '2019-11-19 15:43:31', '2019-11-19 15:43:31'),
(43, '0043', 30, 'Nazeem Choudhury', 'nazeem.choudhury@gmail.com', '2019-11-19', '{\"c646add3b34c450c3f567e024d42d461\":{\"rowId\":\"c646add3b34c450c3f567e024d42d461\",\"id\":\"281\",\"name\":\"Nescafe Caf\\u00e9 Menu Toffee Nut Latte ( 8 Sace)\",\"qty\":\"3\",\"price\":0,\"options\":{\"image\":\"_dsc5873.jpg\",\"slug\":\"nescafe-cafe-menu-toffee-nut-latte\",\"sku\":\"468040\"},\"tax\":0,\"subtotal\":0}}', 0.00, 0.00, NULL, 0.00, 0.00, '19', '19', 0, 'Tk.', 70.00, 0.00, 3, NULL, 70, NULL, NULL, NULL, 0, NULL, 3, 3, '2019-11-19 15:47:12', '2019-11-19 15:47:12'),
(44, '0044', 31, 'Mohammad Haque', 'aqeeda.int@gmail.com', '2019-11-19', '{\"c646add3b34c450c3f567e024d42d461\":{\"rowId\":\"c646add3b34c450c3f567e024d42d461\",\"id\":\"281\",\"name\":\"Nescafe Caf\\u00e9 Menu Toffee Nut Latte ( 8 Sace)\",\"qty\":\"3\",\"price\":0,\"options\":{\"image\":\"_dsc5873.jpg\",\"slug\":\"nescafe-cafe-menu-toffee-nut-latte\",\"sku\":\"468040\"},\"tax\":0,\"subtotal\":0}}', 0.00, 0.00, NULL, 0.00, 0.00, '19', '19', 0, 'Tk.', 70.00, 0.00, 3, NULL, 70, NULL, NULL, NULL, 0, NULL, 4, 3, '2019-11-19 16:25:34', '2019-11-21 11:25:27'),
(45, '0045', 30, 'Nazeem Choudhury', 'nazeem.choudhury@gmail.com', '2019-11-20', '{\"55b21cac757efeef292634048d5c0329\":{\"rowId\":\"55b21cac757efeef292634048d5c0329\",\"id\":\"658\",\"name\":\"Morrisons Organic Extra Virgin Coconut Oil\",\"qty\":\"3\",\"price\":1020,\"options\":{\"image\":\"coconut-oil-revised.gif\",\"slug\":\"morrisons-organic-extra-virgin-coconut-oil\",\"sku\":\"oil\"},\"tax\":0,\"subtotal\":3060}}', 3060.00, 0.00, NULL, 0.00, 0.00, '19', '19', 0, 'Tk.', 3060.00, 3060.00, 3, NULL, 0, NULL, NULL, NULL, 0, NULL, 3, 1, '2019-11-20 12:49:32', '2019-11-27 21:10:37'),
(46, '0046', 30, 'Nazeem Choudhury', 'nazeem.choudhury@gmail.com', '2019-11-23', '{\"2065ff63e2d4e52fd25c86cd86c23bb8\":{\"rowId\":\"2065ff63e2d4e52fd25c86cd86c23bb8\",\"id\":\"547\",\"name\":\"Tesco Soft Pitted Prunes\",\"qty\":\"1\",\"price\":580,\"options\":{\"image\":\"1557561462.021490.jpg\",\"slug\":\"tesco-soft-pitted-prunes\",\"sku\":\"528698\"},\"tax\":0,\"subtotal\":580},\"9172416d044800aed87def86527e692b\":{\"rowId\":\"9172416d044800aed87def86527e692b\",\"id\":\"149\",\"name\":\"KTC Lemon Juice\",\"qty\":\"2\",\"price\":360,\"options\":{\"image\":\"_dsc5508.jpg\",\"slug\":\"ktc-lemon-juice\",\"sku\":\"417314\"},\"tax\":0,\"subtotal\":720},\"8de83589eb758b7f3eba28e5ef46fccb\":{\"rowId\":\"8de83589eb758b7f3eba28e5ef46fccb\",\"id\":\"440\",\"name\":\"Jacob\'s Flatbreads Mixed Seeds\",\"qty\":1,\"price\":390,\"options\":{\"image\":\"1557382394.170079_1.jpg\",\"slug\":\"jacobs-flatbreads-mixed-seeds\",\"sku\":\"143035\"},\"tax\":0,\"subtotal\":390},\"983b6a47d7142faef101a6ace82ee0e8\":{\"rowId\":\"983b6a47d7142faef101a6ace82ee0e8\",\"id\":\"441\",\"name\":\"Jacob\'s Flatbreads Salt & Cracked Black Pepper\",\"qty\":1,\"price\":462,\"options\":{\"image\":\"1557382533.169887_1.jpg\",\"slug\":\"jacobs-flatbreads-salt-cracked-black-pepper\",\"sku\":\"902485\"},\"tax\":0,\"subtotal\":462},\"f8393b520668a003a3ee8fbde7fb408c\":{\"rowId\":\"f8393b520668a003a3ee8fbde7fb408c\",\"id\":\"442\",\"name\":\"Jacob\'s Lunch Bakes Flatbreads Smoked Chili\",\"qty\":1,\"price\":390,\"options\":{\"image\":\"1557382942.553922.jpg\",\"slug\":\"jacobs-lunch-bakes-flatbreads-smoked-chili\",\"sku\":\"424768\"},\"tax\":0,\"subtotal\":390}}', 2542.00, 0.00, NULL, 0.00, 0.00, '19', '19', 0, 'Tk.', 2542.00, 2542.00, 3, NULL, 0, NULL, NULL, NULL, 0, NULL, 3, 1, '2019-11-23 12:35:47', '2019-11-27 21:10:23'),
(47, '0047', 37, 'Mr Monowar Monowar', 'sales@mahmudmart.com.bd', '2019-11-26', '{\"c7d7209e373979997c630e74a49db335\":{\"rowId\":\"c7d7209e373979997c630e74a49db335\",\"id\":\"445\",\"name\":\"John West Tuna Chunks in Spring Water\",\"qty\":1,\"price\":275,\"options\":{\"image\":\"1557383499.516139.jpg\",\"slug\":\"john-west-tuna-chunks-in-spring-water-145g\",\"sku\":\"743490\"},\"tax\":0,\"subtotal\":275},\"d0eebe00f8fdcfbe203e9dc2e7c6d5e6\":{\"rowId\":\"d0eebe00f8fdcfbe203e9dc2e7c6d5e6\",\"id\":\"446\",\"name\":\"John West Sardines in Olive Oil\",\"qty\":\"2\",\"price\":260,\"options\":{\"image\":\"1557383657.003338.jpg\",\"slug\":\"john-west-sardines-in-olive-oil\",\"sku\":\"917463\"},\"tax\":0,\"subtotal\":520},\"972fb195cc8b2d1e2acecf75161e2e8b\":{\"rowId\":\"972fb195cc8b2d1e2acecf75161e2e8b\",\"id\":\"355\",\"name\":\"Knorr Broccoli & Stilton Soup\",\"qty\":1,\"price\":180,\"options\":{\"image\":\"1555323600._dsc6230.jpg\",\"slug\":\"knorr-broccoli-stilton-soup\",\"sku\":\"535640\"},\"tax\":0,\"subtotal\":180},\"6c6b8b5776a2077cb1233d7b23938053\":{\"rowId\":\"6c6b8b5776a2077cb1233d7b23938053\",\"id\":\"556\",\"name\":\"Twinings Earl Grey 100 Tea Bags\",\"qty\":1,\"price\":775,\"options\":{\"image\":\"1559109605.1557563079.006745.jpg\",\"slug\":\"twinings-earl-grey-100-tea-bags\",\"sku\":\"896353\"},\"tax\":0,\"subtotal\":775},\"6ef7a5056bcf682688a98ce903c49c82\":{\"rowId\":\"6ef7a5056bcf682688a98ce903c49c82\",\"id\":\"500\",\"name\":\"Ryvita Thins Cheddar & Cracker Black Pepper\",\"qty\":1,\"price\":390,\"options\":{\"image\":\"1557549425.191898.jpg\",\"slug\":\"ryvita-thins-cheddar-cracker-black-pepper\",\"sku\":\"954047\"},\"tax\":0,\"subtotal\":390},\"0cf0272a431d39e8c9a0044646847967\":{\"rowId\":\"0cf0272a431d39e8c9a0044646847967\",\"id\":\"427\",\"name\":\"Heinz Cream of Tomato Cup Soup 4 Sachets\",\"qty\":\"2\",\"price\":315,\"options\":{\"image\":\"1557379887.342981_2.jpg\",\"slug\":\"heinz-cream-of-tomato-cup-soup-4-sachets\",\"sku\":\"638877\"},\"tax\":0,\"subtotal\":630},\"3e81493a36932c73c981abcbbe887335\":{\"rowId\":\"3e81493a36932c73c981abcbbe887335\",\"id\":\"14\",\"name\":\"JACOBS Cream Crackers\",\"qty\":\"2\",\"price\":300,\"options\":{\"image\":\"_dsc5533.jpg\",\"slug\":\"jacobs-cream-crackers-200-gm\",\"sku\":\"695065\"},\"tax\":0,\"subtotal\":600}}', 3370.00, 0.00, NULL, 0.00, 0.00, '19', '19', 0, 'Tk.', 3370.00, 3370.00, 3, NULL, 0, NULL, NULL, NULL, 0, NULL, 3, 1, '2019-11-27 02:17:29', '2019-11-27 21:09:59'),
(48, '0048', 38, 'shahrukh Hussain', 'bd01711589711@gmail.com', '2019-11-29', '{\"3e3b638d4124ac5b53c30f2d048b5e25\":{\"rowId\":\"3e3b638d4124ac5b53c30f2d048b5e25\",\"id\":\"562\",\"name\":\"Twinings Pure Green Tea Bags\",\"qty\":\"1\",\"price\":350,\"options\":{\"image\":\"1557564333.006757.jpg\",\"slug\":\"twinings-pure-green-tea-bags\",\"sku\":\"486660\"},\"tax\":0,\"subtotal\":350},\"3b605f40be00eb373f13b2ea2728f1bd\":{\"rowId\":\"3b605f40be00eb373f13b2ea2728f1bd\",\"id\":\"537\",\"name\":\"Tesco Filled Chocolate Chip Cookies\",\"qty\":\"1\",\"price\":425,\"options\":{\"image\":\"1557556714.553599.jpg\",\"slug\":\"tesco-filled-chocolate-chip-cookies\",\"sku\":\"579678\"},\"tax\":0,\"subtotal\":425},\"9406da3ade82d4407199826801e8983e\":{\"rowId\":\"9406da3ade82d4407199826801e8983e\",\"id\":\"264\",\"name\":\"Quaker honey nut oat cookies\",\"qty\":\"1\",\"price\":658,\"options\":{\"image\":\"1555400524._dsc5791.jpg\",\"slug\":\"quaker-honey-nut-oat-cookies\",\"sku\":\"587493\"},\"tax\":0,\"subtotal\":658}}', 1433.00, 0.00, NULL, 0.00, 0.00, '19', '19', 0, 'Tk.', 1433.00, 0.00, 3, NULL, 0, 'As early as soon.', NULL, NULL, 0, NULL, 3, 3, '2019-11-29 16:47:44', '2019-11-29 16:47:44'),
(49, '0049', 39, 'hamidul mamun', 'hamidulh43@gmail.com', '2019-12-01', '{\"55b21cac757efeef292634048d5c0329\":{\"rowId\":\"55b21cac757efeef292634048d5c0329\",\"id\":\"658\",\"name\":\"Morrisons Organic Extra Virgin Coconut Oil\",\"qty\":1,\"price\":1075,\"options\":{\"image\":\"coconut-oil-revised.gif\",\"slug\":\"morrisons-organic-extra-virgin-coconut-oil\",\"sku\":\"oil\"},\"tax\":0,\"subtotal\":1075}}', 1075.00, 161.25, NULL, 0.00, 0.00, '19', '19', 0, 'Tk.', 913.75, 913.00, 3, NULL, 0, NULL, NULL, NULL, 0, NULL, 3, 2, '2019-12-02 04:13:27', '2019-12-17 20:08:21'),
(50, '0050', 48, 'Fasihul Kabir', 'magicwindbd@gmail.com', '2019-12-11', '{\"d1a560e46f0c4b22d32dc0dc96b1fd67\":{\"rowId\":\"d1a560e46f0c4b22d32dc0dc96b1fd67\",\"id\":\"662\",\"name\":\"Tesco Sunflower Seeds\",\"qty\":1,\"price\":350,\"options\":{\"image\":\"tesco-sunflower-seeds-revis.gif\",\"slug\":\"tesco-sunflower-seeds\",\"sku\":\"seed5\"},\"tax\":0,\"subtotal\":350},\"2178b18518a903f2811552ae12e632dd\":{\"rowId\":\"2178b18518a903f2811552ae12e632dd\",\"id\":\"674\",\"name\":\"Batchelors Cup A Soup Cream Of Vegetable\",\"qty\":1,\"price\":290,\"options\":{\"image\":\"batchlors-veg.gif\",\"slug\":\"batchelors-cup-a-soup-cream-of-vegetable\",\"sku\":\"soup6\"},\"tax\":0,\"subtotal\":290},\"a01c8bfec1b90875d6f3cbb178ab0928\":{\"rowId\":\"a01c8bfec1b90875d6f3cbb178ab0928\",\"id\":\"675\",\"name\":\"Batchelors Cup A Soup Tomato\",\"qty\":1,\"price\":290,\"options\":{\"image\":\"batchelors-tom.gif\",\"slug\":\"batchelors-cup-a-soup-tomato\",\"sku\":\"soup7\"},\"tax\":0,\"subtotal\":290}}', 930.00, 0.00, NULL, 0.00, 0.00, '19', '19', 0, 'Tk.', 1000.00, 1000.00, 3, NULL, 70, NULL, NULL, NULL, 0, NULL, 3, 1, '2019-12-11 18:59:34', '2019-12-17 20:08:09'),
(51, '0051', 51, 'Rubaiya Ali', 'alirubaiya2@gmail.com', '2019-12-16', '{\"247353df7149a39d421efd59b1e76f5c\":{\"rowId\":\"247353df7149a39d421efd59b1e76f5c\",\"id\":\"582\",\"name\":\"Spontex The Essential Sponge Cloth 4pcs\",\"qty\":\"1\",\"price\":375,\"options\":{\"image\":\"spontex_the_essential_sponge_cloth.jpg\",\"slug\":\"spontex-the-essential-sponge-cloth\",\"sku\":\"83438309\"},\"tax\":0,\"subtotal\":375}}', 375.00, 0.00, NULL, 0.00, 0.00, '19', '19', 0, 'Tk.', 445.00, 0.00, 3, NULL, 70, NULL, NULL, NULL, 0, NULL, 3, 3, '2019-12-16 18:45:00', '2019-12-16 18:45:00'),
(52, '0052', 35, 'Hamidul Haque', '', '2019-12-19', '{\"488b2541b9e6d4475baa24b201906819\":{\"rowId\":\"488b2541b9e6d4475baa24b201906819\",\"id\":\"326\",\"name\":\"Boots Cucumber Moisturizing Cream\",\"qty\":\"1\",\"price\":360,\"options\":{\"image\":\"1555320358._dsc6288.jpg\",\"slug\":\"boots-cucumber-moisturizing-cream\",\"sku\":\"860644\"},\"tax\":0,\"subtotal\":360}}', 360.00, 0.00, NULL, 0.00, 0.00, '19', '19', 0, 'Tk.', 430.00, 0.00, 3, NULL, 70, NULL, NULL, NULL, 0, NULL, 3, 3, '2019-12-19 17:20:05', '2019-12-19 17:20:05'),
(53, '0053', 35, 'Hamidul Haque', '', '2019-12-24', '{\"488b2541b9e6d4475baa24b201906819\":{\"rowId\":\"488b2541b9e6d4475baa24b201906819\",\"id\":\"326\",\"name\":\"Boots Cucumber Moisturizing Cream\",\"qty\":1,\"price\":360,\"options\":{\"image\":\"1555320358._dsc6288.jpg\",\"slug\":\"boots-cucumber-moisturizing-cream\",\"sku\":\"860644\"},\"tax\":0,\"subtotal\":360}}', 360.00, 0.00, NULL, 0.00, 0.00, '19', '19', 0, 'Tk.', 430.00, 0.00, 3, NULL, 70, NULL, NULL, NULL, 0, NULL, 3, 3, '2019-12-24 23:53:08', '2019-12-24 23:53:08'),
(54, '0054', 20, 'Buckle BD', 'admin@gmail.com', '2020-01-12', '{\"b85b69ba79a6ad62348aa2e3a69b5d79\":{\"rowId\":\"b85b69ba79a6ad62348aa2e3a69b5d79\",\"id\":\"705\",\"name\":\"Carex Complete Nourish Antibacterial Handwash\",\"qty\":1,\"price\":350,\"options\":{\"image\":\"carex-nourish.gif\",\"slug\":\"carex-complete-nourish-antibacterial-handwash\",\"sku\":\"hand3\"},\"tax\":0,\"subtotal\":350},\"d1b7fd20e9f15dd2c78e2398ffef2a6f\":{\"rowId\":\"d1b7fd20e9f15dd2c78e2398ffef2a6f\",\"id\":\"502\",\"name\":\"Ryvita Original Rye Crisp Bread\",\"qty\":1,\"price\":450,\"options\":{\"image\":\"1557549729.014002.jpg\",\"slug\":\"ryvita-original-rye-crisp-bread\",\"sku\":\"958544\"},\"tax\":0,\"subtotal\":450}}', 800.00, 0.00, NULL, 0.00, 0.00, '19', '19', 0, 'Tk.', 870.00, 0.00, 3, NULL, 70, NULL, NULL, NULL, 0, NULL, 3, 3, '2020-01-11 18:01:23', '2020-01-11 18:01:23'),
(55, '0055', 20, 'Buckle BD', 'admin@gmail.com', '2020-01-12', '{\"a74266e1cbbf5983e030176165f95c9f\":{\"rowId\":\"a74266e1cbbf5983e030176165f95c9f\",\"id\":\"707\",\"name\":\"Imperial Leather Cherry Blossom & Peony Antibacterial Hand Wash\",\"qty\":1,\"price\":350,\"options\":{\"image\":\"imperial-cherry.gif\",\"slug\":\"imperial-leather-cherry-blossom-peony-antibacterial-hand-wash\",\"sku\":\"hand5\"},\"tax\":0,\"subtotal\":350},\"b85b69ba79a6ad62348aa2e3a69b5d79\":{\"rowId\":\"b85b69ba79a6ad62348aa2e3a69b5d79\",\"id\":\"705\",\"name\":\"Carex Complete Nourish Antibacterial Handwash\",\"qty\":\"1\",\"price\":350,\"options\":{\"image\":\"carex-nourish.gif\",\"slug\":\"carex-complete-nourish-antibacterial-handwash\",\"sku\":\"hand3\"},\"tax\":0,\"subtotal\":350}}', 700.00, 0.00, NULL, 0.00, 0.00, '19', '19', 0, 'Tk.', 770.00, 0.00, 3, NULL, 70, NULL, NULL, NULL, 0, NULL, 3, 3, '2020-01-12 06:18:07', '2020-01-12 06:18:07');

-- --------------------------------------------------------

--
-- Table structure for table `order_details`
--

CREATE TABLE `order_details` (
  `id` int(10) UNSIGNED NOT NULL,
  `create_date` date NOT NULL,
  `order_id` int(10) UNSIGNED NOT NULL,
  `product_id` int(10) UNSIGNED NOT NULL,
  `product_color` varchar(191) DEFAULT NULL,
  `product_size` varchar(191) DEFAULT NULL,
  `product_image` varchar(100) DEFAULT NULL,
  `product_qty` int(10) UNSIGNED NOT NULL DEFAULT '1',
  `product_price` double(10,2) NOT NULL,
  `sub_total` double(10,2) NOT NULL,
  `created_at` timestamp NULL DEFAULT NULL,
  `updated_at` timestamp NULL DEFAULT NULL
) ENGINE=InnoDB DEFAULT CHARSET=utf8;

--
-- Dumping data for table `order_details`
--

INSERT INTO `order_details` (`id`, `create_date`, `order_id`, `product_id`, `product_color`, `product_size`, `product_image`, `product_qty`, `product_price`, `sub_total`, `created_at`, `updated_at`) VALUES
(27, '2019-08-08', 14, 561, NULL, NULL, '1557564119.006690.jpg', 1, 280.00, 280.00, '2019-07-23 14:58:23', '2019-07-23 14:58:23'),
(28, '2019-08-08', 15, 8, NULL, NULL, '1558248262.new29.jpg', 1, 500.00, 500.00, '2019-07-23 16:52:34', '2019-07-23 16:52:34'),
(47, '2019-08-01', 23, 392, NULL, NULL, '1555743325.397895.jpg', 1, 600.00, 600.00, '2019-08-01 07:03:53', '2019-08-01 07:03:53'),
(48, '2019-08-01', 24, 594, NULL, NULL, 'oreo-original-154g.png', 1, 200.00, 200.00, '2019-08-01 09:27:29', '2019-08-01 09:27:29'),
(53, '2019-08-04', 28, 594, NULL, NULL, 'oreo-original-154g.png', 2, 200.00, 400.00, '2019-08-04 08:39:00', '2019-08-04 08:39:00'),
(54, '2019-08-04', 28, 593, NULL, NULL, 'hellman_s_real_mayonnaise.jpg', 1, 600.00, 600.00, '2019-08-04 08:39:00', '2019-08-04 08:39:00'),
(56, '0000-00-00', 30, 58, NULL, NULL, '1558239460.new5.jpg', 1, 1065.00, 1065.00, '2019-11-03 07:39:18', '2019-11-03 07:39:18'),
(57, '0000-00-00', 31, 641, NULL, NULL, 'taco-seasoning.gif', 3, 235.00, 705.00, '2019-11-09 07:52:12', '2019-11-09 07:52:12'),
(65, '0000-00-00', 39, 532, NULL, NULL, '1557555708.426813.jpg', 2, 425.00, 850.00, '2019-11-11 14:14:40', '2019-11-11 14:14:40'),
(66, '0000-00-00', 39, 533, NULL, NULL, '1557555881.553584.jpg', 2, 425.00, 850.00, '2019-11-11 14:14:40', '2019-11-11 14:14:40'),
(67, '0000-00-00', 39, 544, NULL, NULL, '1557558889.300453.jpg', 2, 425.00, 850.00, '2019-11-11 14:14:40', '2019-11-11 14:14:40'),
(68, '0000-00-00', 40, 427, NULL, NULL, '1557379887.342981_2.jpg', 1, 315.00, 315.00, '2019-11-11 14:33:09', '2019-11-11 14:33:09'),
(69, '0000-00-00', 41, 500, NULL, NULL, '1557549425.191898.jpg', 1, 450.00, 450.00, '2019-11-17 07:48:27', '2019-11-17 07:48:27'),
(70, '0000-00-00', 42, 149, NULL, NULL, '_dsc5508.jpg', 3, 360.00, 1080.00, '2019-11-19 15:43:31', '2019-11-19 15:43:31'),
(71, '0000-00-00', 43, 281, NULL, NULL, '_dsc5873.jpg', 3, 0.00, 0.00, '2019-11-19 15:47:12', '2019-11-19 15:47:12'),
(72, '0000-00-00', 44, 281, NULL, NULL, '_dsc5873.jpg', 3, 0.00, 0.00, '2019-11-19 16:25:34', '2019-11-19 16:25:34'),
(73, '0000-00-00', 45, 658, NULL, NULL, 'coconut-oil-revised.gif', 3, 1020.00, 3060.00, '2019-11-20 12:49:32', '2019-11-20 12:49:32'),
(74, '0000-00-00', 46, 547, NULL, NULL, '1557561462.021490.jpg', 1, 580.00, 580.00, '2019-11-23 12:35:47', '2019-11-23 12:35:47'),
(75, '0000-00-00', 46, 149, NULL, NULL, '_dsc5508.jpg', 2, 360.00, 720.00, '2019-11-23 12:35:47', '2019-11-23 12:35:47'),
(76, '0000-00-00', 46, 440, NULL, NULL, '1557382394.170079_1.jpg', 1, 390.00, 390.00, '2019-11-23 12:35:47', '2019-11-23 12:35:47'),
(77, '0000-00-00', 46, 441, NULL, NULL, '1557382533.169887_1.jpg', 1, 462.00, 462.00, '2019-11-23 12:35:47', '2019-11-23 12:35:47'),
(78, '0000-00-00', 46, 442, NULL, NULL, '1557382942.553922.jpg', 1, 390.00, 390.00, '2019-11-23 12:35:47', '2019-11-23 12:35:47'),
(79, '0000-00-00', 47, 445, NULL, NULL, '1557383499.516139.jpg', 1, 275.00, 275.00, '2019-11-27 02:17:29', '2019-11-27 02:17:29'),
(80, '0000-00-00', 47, 446, NULL, NULL, '1557383657.003338.jpg', 2, 260.00, 520.00, '2019-11-27 02:17:29', '2019-11-27 02:17:29'),
(81, '0000-00-00', 47, 355, NULL, NULL, '1555323600._dsc6230.jpg', 1, 180.00, 180.00, '2019-11-27 02:17:29', '2019-11-27 02:17:29'),
(82, '0000-00-00', 47, 556, NULL, NULL, '1559109605.1557563079.006745.jpg', 1, 775.00, 775.00, '2019-11-27 02:17:29', '2019-11-27 02:17:29'),
(83, '0000-00-00', 47, 500, NULL, NULL, '1557549425.191898.jpg', 1, 390.00, 390.00, '2019-11-27 02:17:29', '2019-11-27 02:17:29'),
(84, '0000-00-00', 47, 427, NULL, NULL, '1557379887.342981_2.jpg', 2, 315.00, 630.00, '2019-11-27 02:17:29', '2019-11-27 02:17:29'),
(85, '0000-00-00', 47, 14, NULL, NULL, '_dsc5533.jpg', 2, 300.00, 600.00, '2019-11-27 02:17:29', '2019-11-27 02:17:29'),
(86, '0000-00-00', 48, 562, NULL, NULL, '1557564333.006757.jpg', 1, 350.00, 350.00, '2019-11-29 16:47:44', '2019-11-29 16:47:44'),
(87, '0000-00-00', 48, 537, NULL, NULL, '1557556714.553599.jpg', 1, 425.00, 425.00, '2019-11-29 16:47:44', '2019-11-29 16:47:44'),
(88, '0000-00-00', 48, 264, NULL, NULL, '1555400524._dsc5791.jpg', 1, 658.00, 658.00, '2019-11-29 16:47:44', '2019-11-29 16:47:44'),
(89, '0000-00-00', 49, 658, NULL, NULL, 'coconut-oil-revised.gif', 1, 1075.00, 1075.00, '2019-12-02 04:13:27', '2019-12-02 04:13:27'),
(90, '0000-00-00', 50, 662, NULL, NULL, 'tesco-sunflower-seeds-revis.gif', 1, 350.00, 350.00, '2019-12-11 18:59:34', '2019-12-11 18:59:34'),
(91, '0000-00-00', 50, 674, NULL, NULL, 'batchlors-veg.gif', 1, 290.00, 290.00, '2019-12-11 18:59:34', '2019-12-11 18:59:34'),
(92, '0000-00-00', 50, 675, NULL, NULL, 'batchelors-tom.gif', 1, 290.00, 290.00, '2019-12-11 18:59:34', '2019-12-11 18:59:34'),
(93, '0000-00-00', 51, 582, NULL, NULL, 'spontex_the_essential_sponge_cloth.jpg', 1, 375.00, 375.00, '2019-12-16 18:45:00', '2019-12-16 18:45:00'),
(94, '0000-00-00', 52, 326, NULL, NULL, '1555320358._dsc6288.jpg', 1, 360.00, 360.00, '2019-12-19 17:20:05', '2019-12-19 17:20:05'),
(95, '0000-00-00', 53, 326, NULL, NULL, '1555320358._dsc6288.jpg', 1, 360.00, 360.00, '2019-12-24 23:53:08', '2019-12-24 23:53:08'),
(96, '0000-00-00', 54, 705, NULL, NULL, 'carex-nourish.gif', 1, 350.00, 350.00, '2020-01-11 18:01:23', '2020-01-11 18:01:23'),
(97, '0000-00-00', 54, 502, NULL, NULL, '1557549729.014002.jpg', 1, 450.00, 450.00, '2020-01-11 18:01:23', '2020-01-11 18:01:23'),
(98, '0000-00-00', 55, 707, NULL, NULL, 'imperial-cherry.gif', 1, 350.00, 350.00, '2020-01-12 06:18:07', '2020-01-12 06:18:07'),
(99, '0000-00-00', 55, 705, NULL, NULL, 'carex-nourish.gif', 1, 350.00, 350.00, '2020-01-12 06:18:07', '2020-01-12 06:18:07');

-- --------------------------------------------------------

--
-- Table structure for table `pages`
--

CREATE TABLE `pages` (
  `id` int(10) UNSIGNED NOT NULL,
  `menu_title` varchar(191) NOT NULL,
  `page_title` varchar(191) NOT NULL,
  `page_subtitle` varchar(191) DEFAULT NULL,
  `banner_title` varchar(191) DEFAULT NULL,
  `banner_subtitle` text,
  `banner_image` varchar(191) DEFAULT NULL,
  `content` longtext NOT NULL,
  `slug` varchar(191) NOT NULL,
  `template` varchar(191) DEFAULT NULL,
  `views` int(10) UNSIGNED NOT NULL DEFAULT '0',
  `seo_title` varchar(191) DEFAULT NULL,
  `meta_key` text,
  `meta_description` text,
  `created_by` int(10) UNSIGNED DEFAULT NULL,
  `modified_by` int(10) UNSIGNED DEFAULT NULL,
  `status` tinyint(4) NOT NULL DEFAULT '2' COMMENT '1=active, 2=pending, 3=cancel',
  `created_at` timestamp NULL DEFAULT NULL,
  `updated_at` timestamp NULL DEFAULT NULL
) ENGINE=InnoDB DEFAULT CHARSET=utf8;

--
-- Dumping data for table `pages`
--

INSERT INTO `pages` (`id`, `menu_title`, `page_title`, `page_subtitle`, `banner_title`, `banner_subtitle`, `banner_image`, `content`, `slug`, `template`, `views`, `seo_title`, `meta_key`, `meta_description`, `created_by`, `modified_by`, `status`, `created_at`, `updated_at`) VALUES
(1, 'PRIVACY POLICY', 'PRIVACY POLICY', NULL, NULL, NULL, 'images.jpg', '<p>We understand the importance of protecting customers&rsquo; private information. We will only use your name, address, phone number and email for the purpose of communicating with you. We do not sell your information to any third party.</p>', 'privacy-policy', NULL, 225, NULL, NULL, NULL, 1, 1, 1, '2019-04-24 13:10:27', '2020-01-05 16:05:49'),
(2, 'Terms And Conditions', 'Terms And Conditions', NULL, NULL, NULL, 'images__281_29.jpg', '<ul>\r\n	<li style=\"text-align:justify\">\r\n	<p>We certify that the content you provide in this site is accurate and complete. You are solely responsible for maintaining the confidentiality and security of your account including username, password, and PIN.&nbsp;&nbsp;<strong>JOTPOT Shop</strong> won&rsquo;t be responsible for any losses arising from unauthorized use of your account.&nbsp;&nbsp;You agree that <strong>JOTPOT Shop</strong> does not have any responsibility if you lose or share access to your device.&nbsp;&nbsp;</p>\r\n\r\n	<h4><strong>Merchandise</strong></h4>\r\n\r\n	<p>We provide the listings, images and descriptions of products. These products are made available by us and third parties. The availability of the products are subject to change any time without prior notice. We have given our best to display the attributes of the products accurately. However, the actual color of the product you see depend on the monitor and we cannot guarantee that the color you see will reflect the actual product.</p>\r\n\r\n	<h4><strong>Placing an Order</strong></h4>\r\n\r\n	<h3><span style=\"font-size:12px\">You need to select the products you want to buy and the list will appear in your basket. We reserve the right to cancel or refuse any order due to limitations of quantities available, errors in pricing or product, or any other reason. We will notify you if your order gets cancelled. By confirming your purchase you agree to accept and pay for the products, as well as shipping charges.</span></h3>\r\n\r\n	<h4><strong>Pricing Information; Availability</strong></h4>\r\n\r\n	<p><strong>JOTPOT Shop</strong> cannot confirm the availability or price of a product until you have placed your order. Availability or pricing errors may occur and <strong>JOTPOT Shop&nbsp;</strong>reserves the right to cancel an order that contains availability or pricing errors. In case a product you are looking for is not available, you can preorder. It will take 15 days for the product to be available.</p>\r\n	</li>\r\n</ul>\r\n\r\n<p style=\"text-align:justify\"><strong>&nbsp;<span style=\"font-size:14px\">&nbsp;&nbsp;&nbsp;&nbsp;&nbsp;&nbsp;&nbsp; Payment</span></strong></p>\r\n\r\n<p style=\"text-align:justify\">&nbsp;&nbsp;&nbsp;&nbsp;&nbsp;&nbsp;&nbsp;&nbsp; Currently we provide the following payment options:</p>\r\n\r\n<ul>\r\n	<li>Cash on delivery</li>\r\n	<li>Bkash</li>\r\n</ul>\r\n\r\n<p style=\"margin-left:.25in; text-align:justify\">&nbsp;Soon, we will include Debit/Credit card as payment options. If you decide to pay by Bkash or Rocket,&nbsp; the payment has to be made before your items can be delivered.</p>\r\n\r\n<p style=\"text-align:justify\">&nbsp;</p>\r\n\r\n<p>&nbsp;</p>', 'terms-and-conditions', NULL, 102, 'Terms and Conditions | JOTPOT Shop', 'Terms ,Conditions', 'These terms and conditions outline the rules and regulations of the use of JOTPOT Shop Ecommerce website.', 1, 1, 1, '2019-07-09 03:30:24', '2019-12-27 19:38:39'),
(3, 'Return Policy', 'Return Policy', NULL, NULL, NULL, 'return-policy.jpg', '<p>We import the best products for you and you will never have to complain about the quality of products you receive. Shopping here is very convenient. Before checking out we ask you to confirm your order. In case you change your mind you can cancel some or all of your orders at this point. However, after your order has been confirmed and delivered to you, there is no way you can return the items for any reason. We have a no return and no refund policy. We hope you will cooperate with us in this regard.</p>', 'return-policy', NULL, 128, NULL, NULL, NULL, 1, 1, 1, '2019-07-09 04:51:12', '2019-12-25 09:40:57'),
(4, 'Shipping & Delivery', 'Shipping & Delivery', NULL, NULL, NULL, 'pages18.png', '<p style=\"text-align: justify;\">Products will be shipped to an address designated by you after you have confirmed your order. At the moment we are only delivering anywhere in Dhaka city. In future we will include Chittagong, Sylhet and other districts as well. The delivery charge is Tk. 50 anywhere in Dhaka city.</p>', 'shipping-delivery', NULL, 88, NULL, NULL, NULL, 1, 1, 1, '2019-09-08 04:10:32', '2019-12-27 19:39:57');

-- --------------------------------------------------------

--
-- Table structure for table `password_resets`
--

CREATE TABLE `password_resets` (
  `email` varchar(191) NOT NULL,
  `token` varchar(191) NOT NULL,
  `created_at` timestamp NULL DEFAULT NULL
) ENGINE=InnoDB DEFAULT CHARSET=utf8;

--
-- Dumping data for table `password_resets`
--

INSERT INTO `password_resets` (`email`, `token`, `created_at`) VALUES
('admin@gmail.com', '$2y$10$loLmrhxFraeksfRZAGJ2NO9D02ZZ6j4ij1Vboi2LnxEHcD2OW9Coi', '2019-07-09 05:03:40');

-- --------------------------------------------------------

--
-- Table structure for table `payments`
--

CREATE TABLE `payments` (
  `id` int(10) UNSIGNED NOT NULL,
  `order_id` int(10) UNSIGNED NOT NULL,
  `payment_method_id` int(10) UNSIGNED NOT NULL,
  `paid` double(10,2) NOT NULL,
  `transaction_id` text,
  `return_url` text,
  `status` tinyint(4) NOT NULL DEFAULT '2' COMMENT '1=Completed, 2=Pending, 3=cancel',
  `created_at` timestamp NULL DEFAULT NULL,
  `updated_at` timestamp NULL DEFAULT NULL
) ENGINE=InnoDB DEFAULT CHARSET=utf8;

-- --------------------------------------------------------

--
-- Table structure for table `payment_methods`
--

CREATE TABLE `payment_methods` (
  `id` int(10) UNSIGNED NOT NULL,
  `title` varchar(191) NOT NULL,
  `description` text,
  `image` text,
  `type` tinyint(3) UNSIGNED NOT NULL DEFAULT '1' COMMENT '1=Offline and 2 = Online Without Card and 3 = Online With Card',
  `mode` varchar(50) DEFAULT 'sandbox' COMMENT 'sandbox=Demo and live = Live',
  `api_key` varchar(191) DEFAULT NULL,
  `api_secret` varchar(191) DEFAULT NULL,
  `created_by` int(10) UNSIGNED NOT NULL,
  `modified_by` int(10) UNSIGNED DEFAULT NULL,
  `status` tinyint(4) NOT NULL DEFAULT '2' COMMENT '1=Completed, 2=Pending, 3=cancel',
  `created_at` timestamp NULL DEFAULT NULL,
  `updated_at` timestamp NULL DEFAULT NULL
) ENGINE=InnoDB DEFAULT CHARSET=utf8;

--
-- Dumping data for table `payment_methods`
--

INSERT INTO `payment_methods` (`id`, `title`, `description`, `image`, `type`, `mode`, `api_key`, `api_secret`, `created_by`, `modified_by`, `status`, `created_at`, `updated_at`) VALUES
(1, 'Visa', NULL, 'trademark-visa.jpg', 1, 'sandbox', NULL, NULL, 1, NULL, 3, '2019-04-18 10:44:33', '2019-04-21 04:47:06'),
(2, 'Master Card', NULL, 'trademark-mc.jpg', 1, 'sandbox', NULL, NULL, 1, NULL, 3, '2019-04-18 10:44:58', '2019-04-21 04:47:02'),
(3, 'Cash on Delivery', NULL, NULL, 1, 'sandbox', NULL, NULL, 1, NULL, 1, '2019-04-20 04:46:55', '2019-04-30 05:17:40'),
(4, 'SSL Commerce.', NULL, NULL, 1, 'sandbox', NULL, NULL, 1, NULL, 3, '2019-04-20 04:47:13', '2019-07-28 08:30:14'),
(5, 'Paypal', NULL, 'index.png', 1, 'sandbox', NULL, NULL, 1, 1, 3, '2019-04-21 04:36:24', '2019-05-29 05:54:51');

-- --------------------------------------------------------

--
-- Table structure for table `products`
--

CREATE TABLE `products` (
  `id` int(10) UNSIGNED NOT NULL,
  `title` varchar(100) NOT NULL,
  `short_description` text,
  `long_description` longtext,
  `image` text,
  `slug` varchar(191) NOT NULL,
  `sku` varchar(191) NOT NULL,
  `stock_status` varchar(191) DEFAULT NULL,
  `tax_class` varchar(191) DEFAULT NULL,
  `regular_price` decimal(10,2) NOT NULL DEFAULT '0.00',
  `sale_price` decimal(10,2) NOT NULL DEFAULT '0.00',
  `brand_id` int(10) UNSIGNED DEFAULT NULL,
  `product_qty` varchar(191) DEFAULT NULL,
  `alert_quantity` varchar(191) DEFAULT NULL,
  `product_weight` varchar(191) DEFAULT NULL,
  `product_model` varchar(191) DEFAULT NULL,
  `product_type` int(11) NOT NULL,
  `unit_id` int(10) UNSIGNED DEFAULT NULL,
  `image_gallery` text,
  `views` int(10) UNSIGNED NOT NULL DEFAULT '0',
  `seo_title` varchar(191) DEFAULT NULL,
  `meta_key` text,
  `meta_description` text,
  `created_by` int(10) UNSIGNED DEFAULT NULL,
  `modified_by` int(10) UNSIGNED DEFAULT NULL,
  `status` tinyint(4) NOT NULL DEFAULT '2' COMMENT '1=active, 2=pending, 3=cancel',
  `created_at` timestamp NULL DEFAULT NULL,
  `updated_at` timestamp NULL DEFAULT NULL,
  `is_featured` int(11) DEFAULT NULL
) ENGINE=InnoDB DEFAULT CHARSET=utf8;

--
-- Dumping data for table `products`
--

INSERT INTO `products` (`id`, `title`, `short_description`, `long_description`, `image`, `slug`, `sku`, `stock_status`, `tax_class`, `regular_price`, `sale_price`, `brand_id`, `product_qty`, `alert_quantity`, `product_weight`, `product_model`, `product_type`, `unit_id`, `image_gallery`, `views`, `seo_title`, `meta_key`, `meta_description`, `created_by`, `modified_by`, `status`, `created_at`, `updated_at`, `is_featured`) VALUES
(7, 'Tesco Savoury Twists & Sticks Assortment', 'Tesco Savoury Twists & Sticks Assortment 115Gm', '<p>Tesco Savoury Twists &amp; Sticks Assortment 115Gm</p>', '1558248149.new28.jpg', 'tesco-savoury-twists-sticks-assortment', '394687', 'in_stock', NULL, '325.00', '0.00', 2, '49', '5', '115', '108', 1, 4, '', 65, NULL, NULL, NULL, 1, 1, 2, '2019-06-25 12:10:48', '2019-09-12 12:48:08', NULL),
(8, 'Diablo no added suger chocolate chips & cranberry cookies 135gm', 'Diablo no added suger chocolate chips &amp; cranberry cookies 135gm', 'Diablo no added suger chocolate chips &amp; cranberry cookies 135gm', '1558248262.new29.jpg', 'diablo-no-added-suger-chocolate-chips-cranberry-cookies-135gm', '409265', 'in_stock', '', '500.00', '0.00', 17, '50', '5', '135', '109', 1, 4, '', 31, '', '', '', 1, NULL, 2, '2019-06-25 12:10:48', '2019-09-17 16:27:39', NULL),
(14, 'JACOBS Cream Crackers', 'JACOBS Cream Crackers 200 gm', '<p>JACOBS Cream Crackers 200 gm</p>', '_dsc5533.jpg', 'jacobs-cream-crackers-200-gm', '695065', 'in_stock', NULL, '300.00', '0.00', 13, '3', '1', '200', '115', 1, 4, '', 16, NULL, NULL, NULL, 1, 1, 1, '2019-06-25 12:10:48', '2019-12-27 19:39:06', 0),
(34, 'Tesco  Sultana & Oat Cookies', 'Tesco sultana &oat 10 cookies Cookies 200gm', '<p>Tesco sultana &amp;oat 10 cookies Cookies 200gm</p>', '_dsc5923.jpg', 'tesco-sultana-oat-cookies', '105875', 'in_stock', NULL, '425.00', '0.00', 2, '2', '1', '200', '135', 1, 4, '', 20, NULL, NULL, NULL, 1, 1, 1, '2019-06-25 12:10:48', '2019-12-13 14:43:58', NULL),
(45, 'Whiskas Chicken 7+ Year', 'Whiskas 7+year 85gm', '<p>Whiskas 7+year 85gm</p>', '_dsc5688.jpg', 'whiskas-7-year-85gm', '890538', 'in_stock', NULL, '95.00', '0.00', 26, '50', '5', '85', '146', 1, 4, '', 50, NULL, NULL, NULL, 1, 1, 1, '2019-06-25 12:10:49', '2019-12-17 06:12:46', NULL),
(49, 'Cadbury Brunch Bar Raisin', 'Cadbury Brunch Bar Raisin 192gm', '<p>Cadbury Brunch Bar Raisin 192gm</p>', 'cadbury-raisin.png', 'cadbury-brunch-bar-raisin-192gm', '594476', 'in_stock', NULL, '390.00', '0.00', 8, '6', '2', '192', '150', 1, 4, '', 26, NULL, NULL, NULL, 1, 1, 2, '2019-06-25 12:10:49', '2019-12-01 02:30:20', NULL),
(50, 'Nature Valley Crunchy Canadian Maple Syrup 10 Bars', 'Nature Valley Crunchy Canadian Maple Syrup 10Bars 5x42g=210gm', '<p>Nature Valley Crunchy Canadian Maple Syrup 10Bars 5x42g=210gm</p>', '1558239059.new3.jpg', 'nature-valley-crunchy-canadian-maple-syrup-10-bars-5x42-gm', '964804', 'in_stock', NULL, '500.00', '0.00', 27, '50', '5', '210', '151', 1, 4, '', 0, NULL, NULL, NULL, 1, 1, 2, '2019-06-25 12:10:49', '2019-09-11 11:46:30', NULL),
(51, 'Nature Valley Crunchy Oats & Honey 10 Bars', 'Nature Valley Crunchy Oats & Honey 10Bars 5x42g=210gm', '<p>Nature Valley Crunchy Oats &amp; Honey 10Bars 5x42g=210gm</p>', '1558238931.new2.jpg', 'nature-valley-crunchy-oats-honey-10-bars-5x42-gm', '560959', 'in_stock', NULL, '775.00', '0.00', 27, '50', '5', '210', '152', 1, 4, '', 4, NULL, NULL, NULL, 1, 1, 2, '2019-06-25 12:10:49', '2019-09-17 16:04:38', NULL),
(52, 'Nature Valley Sweet & Salty Nut Bar', 'Nature valley sweet&salty nut bar 150gm', '<p>Nature valley sweet&amp;salty nut bar 150gm</p>', '1558238808.new1.jpg', 'nature-valley-sweet-salty-nut-bar-150gm', '137368', 'in_stock', NULL, '560.00', '0.00', 27, '50', '5', '150', '153', 1, 4, '', 1, NULL, NULL, NULL, 1, 1, 2, '2019-06-25 12:10:49', '2019-09-11 11:43:33', NULL),
(54, 'Sainsbury\'s Organic Granola Contain Whole Wheat', 'Sainsburys organic granola contain whole wheat 1Kg', '<p>Sainsburys organic granola contain whole wheat 1Kg</p>', '_dsc5886.jpg', 'sainsburys-organic-granola-contain-whole-wheat-1kg', '351997', 'in_stock', NULL, '1250.00', '0.00', 29, '50', '5', '1', '155', 1, 3, '', 0, NULL, NULL, NULL, 1, 1, 2, '2019-06-25 12:10:49', '2019-09-11 11:50:26', NULL),
(55, 'Sainsbury\'s Strawberry Granola', 'Sainsburys strawberry granola 1Kg', '<p><span style=\"color:rgb(0, 0, 0); font-family:docs-calibri; font-size:15px\">Sainsbury&#39;s Strawberry Granola</span></p>', '_dsc5917.jpg', 'sainsburys-strawberry-granola', '250459', 'in_stock', NULL, '1250.00', '0.00', 29, '50', '5', '1', '156', 1, 3, '', 3, NULL, NULL, NULL, 1, 1, 2, '2019-06-25 12:10:49', '2019-09-11 11:57:12', NULL),
(56, 'Sainsbury\'s Tropical Granola', 'Sainsburys Tropical granola 1Kg', '<p>Sainsbury&#39;s Tropical Granola 1Kg</p>', '_dsc5919.jpg', 'sainsburys-tropical-granola', '156973', 'in_stock', NULL, '1250.00', '0.00', 29, '50', '5', '1', '157', 1, 3, '', 14, NULL, NULL, NULL, 1, 1, 2, '2019-06-25 12:10:49', '2019-09-11 12:00:48', NULL),
(57, 'Tesco Fruit  & Nut Granola whole Grain Oat', 'Tesco Fruit & Nut Granola whole grain oat 1kg', '<p>Tesco Fruit &amp; Nut Granola whole grain oat 1kg</p>', '1558239673.new6.jpg', 'tesco-fruit-nut-granola-whole-grain-oat', '285894', 'in_stock', NULL, '1325.00', '0.00', 2, '50', '5', '1', '158', 1, 3, '', 19, NULL, NULL, NULL, 1, 1, 2, '2019-06-25 12:10:49', '2019-09-11 12:03:03', NULL),
(58, 'Tesco Grains & Seed Granola', 'Tesco grains &seed granola 500gm', '<p>Tesco grains &amp; seed granola 500gm</p>', '1558239460.new5.jpg', 'tesco-grains-seed-granola', '674168', 'in_stock', NULL, '1065.00', '0.00', 2, '4', '2', '500', '159', 1, 4, '', 58, NULL, NULL, NULL, 1, 1, 1, '2019-06-25 12:10:49', '2019-12-27 19:41:21', 0),
(59, 'Sainsbury\'s Fruit & Nut Museli', 'Sainsburys fruit & nut muesli 750gm', '<p>Sainsburys fruit &amp; nut muesli 750gm</p>', '_dsc5912.jpg', 'sainsburys-fruit-nut-museli', '990364', 'in_stock', NULL, '1050.00', '0.00', 29, '50', '5', '750', '160', 1, 4, '', 13, NULL, NULL, NULL, 1, 1, 2, '2019-06-25 12:10:49', '2019-09-11 11:44:28', NULL),
(61, 'Sainsbury\'s Swiss Style Museli', 'Sainsburys Swiss Style Muesli 1kg', '<p><span style=\"color:rgb(0, 0, 0); font-family:docs-calibri; font-size:15px\">Sainsbury&#39;s Swiss Style Museli </span> 1kg</p>', '1555739487._dsc5888.jpg', 'sainsburys-swiss-style-museli', '365520', 'in_stock', NULL, '1375.00', '0.00', 29, '50', '5', '1', '162', 1, 3, '', 2, NULL, NULL, NULL, 1, 1, 2, '2019-06-25 12:10:49', '2019-09-11 11:58:46', NULL),
(63, 'Hubba Bubba Atomic Apple', 'Hubba bubba atomic apple 35gm', '<p>Hubba bubba atomic apple 35gm</p>', '_dsc5726.jpg', 'hubba-bubba-atomic-apple', '152256', 'in_stock', NULL, '150.00', '0.00', 30, '50', '5', '35', '164', 1, 4, '', 0, NULL, NULL, NULL, 1, 1, 2, '2019-06-25 12:10:49', '2019-09-06 03:48:18', NULL),
(64, 'Hubba Bubba Fancy Fruit', 'Hubba bubba faney fruit 56gm', '<p><span style=\"color:rgb(0, 0, 0); font-family:docs-calibri; font-size:15px\">Hubba Bubba Fancy Fruit&nbsp;</span> 56gm</p>', '_dsc5778.jpg', 'hubba-bubba-fancy-fruit', '700637', 'in_stock', NULL, '225.00', '0.00', 30, '12', '2', '56', '165', 1, 4, '', 5, NULL, NULL, NULL, 1, 1, 1, '2019-06-25 12:10:49', '2019-12-23 20:24:01', NULL),
(65, 'Hubba Bubba Seriously Cola', 'Hubba bubba seriously cola 56gm', '<p>Hubba bubba seriously cola 56gm</p>', '1558239249.new4.jpg', 'hubba-bubba-seriously-cola', '558345', 'in_stock', NULL, '225.00', '0.00', 30, '11', '2', '56', '166', 1, 4, '', 12, NULL, NULL, NULL, 1, 1, 1, '2019-06-25 12:10:49', '2019-12-26 05:27:21', NULL),
(67, 'Hubba Bubba Seriously Strawberry', 'Hubba bubba seriously strawberry 35gm', '<p>Hubba bubba seriously strawberry 35gm</p>', '1553755930._dsc5535.jpg', 'hubba-bubba-seriously-strawberry', '129785', 'in_stock', NULL, '150.00', '0.00', 31, '50', '5', '35', '168', 1, 4, '', 0, NULL, NULL, NULL, 1, 1, 2, '2019-06-25 12:10:49', '2019-09-06 03:47:56', NULL),
(68, 'Hubba Bubba Snapy Strawberry', 'Hubba bubba snappy strawberry 56gm', '<p>Hubba bubba snappy strawberry 56gm</p>', '_dsc5776.jpg', 'hubba-bubba-snapy-strawberry', '384124', 'in_stock', NULL, '225.00', '0.00', 30, '12', '2', '56', '169', 1, 4, '', 7, NULL, NULL, NULL, 1, 1, 1, '2019-06-25 12:10:49', '2019-12-23 20:25:05', NULL),
(69, 'Mentos Fruit 4 Rolls 4X38 gm', 'Mentos Fruit 4 Rolls 4x38gm', '<p>Mentos Fruit 4 Rolls 4x38gm</p>', '1555738560._dsc5594.jpg', 'mentos-fruit-4-rolls-4x38-gm', '195066', 'in_stock', NULL, '350.00', '0.00', 31, '50', '5', '152', '170', 1, 4, '', 2, NULL, NULL, NULL, 1, 1, 2, '2019-06-25 12:10:49', '2019-07-23 12:01:47', NULL),
(70, 'Mentos Gum White Bubble Fresh', 'Mentos Gum White buble fresh 40 piec 60gm', '<p>Mentos Gum White buble fresh 40 piec 60gm</p>', '_dsc5722.jpg', 'mentos-gum-white-bubble-fresh', '975837', 'in_stock', NULL, '220.00', '0.00', 31, '6', '2', '60', '171', 1, 4, '', 4, NULL, NULL, NULL, 1, 1, 1, '2019-06-25 12:10:49', '2019-12-23 20:25:19', NULL),
(71, 'Mentos Pure Fresh Mint', 'Mentos Pure Fresh Mint 100gm', '<p>Mentos Pure Fresh Mint 100gm</p>', '_dsc5720.jpg', 'mentos-pure-fresh-mint', '804312', 'in_stock', NULL, '440.00', '0.00', 31, '50', '5', '100', '172', 1, 4, '', 0, NULL, NULL, NULL, 1, 1, 2, '2019-06-25 12:10:49', '2019-09-17 17:47:51', NULL),
(72, 'Polo Original', 'Polo Original 5x25=125 gm', '<p>Polo Original 5x25=125 gm</p>', '1555738223._dsc5772.jpg', 'polo-original', '203713', 'in_stock', NULL, '98.00', '0.00', 32, '50', '5', '125', '173', 1, 4, '', 0, NULL, NULL, NULL, 1, 1, 2, '2019-06-25 12:10:49', '2019-09-17 17:48:23', NULL),
(74, 'Trident Strawberry', 'Trident strawberry 27gm', '<p>Trident strawberry 27gm</p>', '_dsc5770.jpg', 'trident-strawberry', '735787', 'in_stock', NULL, '225.00', '0.00', 33, '12', '2', '27', '174', 1, 2, '', 18, NULL, NULL, NULL, 1, 1, 1, '2019-06-25 12:10:49', '2019-12-23 20:27:03', NULL),
(79, 'Diablo No Added Milk Chocolate', 'Diablo no added milk chocolate 85gm', '<p>Diablo no added milk chocolate 85gm</p>', '_dsc5616.jpg', 'diablo-no-added-milk-chocolate', '437526', 'in_stock', NULL, '325.00', '0.00', 17, '50', '5', '85', '179', 1, 4, '', 4, NULL, NULL, NULL, 1, 1, 1, '2019-06-25 12:10:49', '2019-12-23 20:22:35', NULL),
(80, 'Diablo No Added Sugar Strawberry Chocolate', 'Diablo no added suger strawberry chocolate 75gm', '<p>Diablo no added suger strawberry chocolate 75gm</p>', '1555387366.71bgys3lnyl._sl1500_.jpg', 'diablo-no-added-sugar-strawberry-chocolate', '827864', 'in_stock', NULL, '325.00', '0.00', 17, '50', '5', '75', '180', 1, 4, '', 1, NULL, NULL, NULL, 1, 1, 2, '2019-06-25 12:10:49', '2019-09-17 16:43:39', NULL),
(81, 'Diablo Sugar Free Dark Chocolate', 'Diablo suger free dark chocolate 85gm', '<p>Diablo suger free dark chocolate 85gm</p>', '_dsc5612.jpg', 'diablo-sugar-free-dark-chocolate', '527219', 'in_stock', NULL, '325.00', '0.00', 17, '15', '2', '85', '181', 1, 4, '', 8, NULL, NULL, NULL, 1, 1, 1, '2019-06-25 12:10:49', '2019-12-23 22:52:40', NULL),
(84, 'Kinder Bueno 2 Bar', 'Kinder Bueno 2 bar 43 gm', '<p>Kinder Bueno 2 bar 43 gm</p>', '1558240009.new8.jpg', 'kinder-bueno-2-bar-43-gm', '303078', 'in_stock', NULL, '120.00', '0.00', 38, '50', '5', '43', '183', 1, 4, '', 1, NULL, NULL, NULL, 1, 1, 2, '2019-06-25 12:10:49', '2019-09-17 17:16:48', NULL),
(88, 'Lindt Excellence Caramel Dark', 'Lindt excellence caramel dark 100gm', '<p>Lindt excellence caramel dark 100gm</p>', '_dsc5813.jpg', 'lindt-excellence-caramel-dark', '627474', 'in_stock', NULL, '370.00', '0.00', 39, '50', '5', '100', '187', 1, 4, '', 2, NULL, NULL, NULL, 1, 1, 2, '2019-06-25 12:10:49', '2019-09-17 17:18:21', NULL),
(89, 'Lindt Excellence 70% Cocoa Dark', 'Lindt excellence coconut dark 100gm', '<p>Lindt excellence coconut dark 100gm</p>', '_dsc5821.jpg', 'lindt-excellence-70-cocoa-dark', '560988', 'in_stock', NULL, '370.00', '0.00', 39, '50', '5', '100', '188', 1, 4, '', 0, NULL, NULL, NULL, 1, 1, 2, '2019-06-25 12:10:49', '2019-09-17 17:17:17', NULL),
(90, 'Lindt Excellence Orange Intense', 'Lindt excellence orange intense 100gm', '<p>Lindt excellence orange intense 100gm</p>', '_dsc5819.jpg', 'lindt-excellence-orange-intense', '952545', 'in_stock', NULL, '370.00', '0.00', 39, '50', '5', '100', '189', 1, 4, '', 0, NULL, NULL, NULL, 1, 1, 2, '2019-06-25 12:10:49', '2019-09-17 17:18:21', NULL),
(91, 'Lindt roasted hazelnut', 'Lindt roasted hazelnut 100gm', '<p>Lindt roasted hazelnut 100gm</p>', '_dsc5817.jpg', 'lindt-roasted-hazelnut-100gm', '817861', 'in_stock', NULL, '370.00', '0.00', 39, '50', '5', '100', '190', 1, 4, '', 0, NULL, NULL, NULL, 1, 1, 2, '2019-06-25 12:10:49', '2019-09-17 17:18:43', NULL),
(92, 'Little Pony Sweet & Surprises', 'Little Pony Sweet & Surprises', '<p><span style=\"color:rgb(0, 0, 0); font-family:docs-calibri; font-size:15px\">Little Pony Sweet &amp; Surprises </span></p>', '_dsc5545.jpg', 'little-pony-sweet-surprises', '298109', 'in_stock', NULL, '169.00', '0.00', 37, '50', '5', '10', '191', 1, 4, '', 0, NULL, NULL, NULL, 1, 1, 3, '2019-06-25 12:10:49', '2019-09-06 03:48:39', NULL),
(93, 'M&M Chocolate', 'M&M Chocolate 133Gm', '<p>M&amp;M Chocolate 133Gm</p>', '1553754952._dsc5608.jpg', 'mm-chocolate', '792043', 'in_stock', NULL, '400.00', '0.00', 40, '50', '5', '133', '192', 1, 4, '', 0, NULL, NULL, NULL, 1, 1, 2, '2019-06-25 12:10:49', '2019-09-17 17:19:54', NULL),
(94, 'M&M chocolate', 'M&M chocolate 82Gm', '<p>M&amp;M chocolate 82Gm</p>', '_dsc5623.jpg', 'mm-chocolate-82gm', '934643', 'in_stock', NULL, '288.00', '0.00', 40, '50', '5', '82', '193', 1, 4, '', 0, NULL, NULL, NULL, 1, 1, 2, '2019-06-25 12:10:49', '2019-09-17 17:19:46', NULL),
(95, 'M&M Crispy', 'M&M Crispy 121Gm', '<p>M&amp;M Crispy 121Gm</p>', '1553754800._dsc5608.jpg', 'mm-crispy-1', '399694', 'in_stock', NULL, '350.00', '0.00', 40, '50', '5', '121', '194', 1, 4, '', 0, NULL, NULL, NULL, 1, 1, 2, '2019-06-25 12:10:49', '2019-09-17 17:26:23', NULL),
(96, 'M&M Peanut', 'M&M peanut 140Gm', '<p>M&amp;M peanut 140Gm</p>', '1553754742._dsc5604.jpg', 'mm-peanut-1', '187222', 'in_stock', NULL, '350.00', '0.00', 40, '50', '5', '140', '195', 1, 4, '', 1, NULL, NULL, NULL, 1, 1, 2, '2019-06-25 12:10:49', '2019-09-17 17:26:39', NULL),
(97, 'M&M Peanut 250gm', 'M&M peanut 250', '<p>M&amp;M peanut 250gm</p>', '1553754255._dsc5602.jpg', 'mm-peanut-250gm', '484630', 'in_stock', NULL, '588.00', '0.00', 40, '50', '5', '250', '196', 1, 4, '', 0, NULL, NULL, NULL, 1, 1, 3, '2019-06-25 12:10:49', '2019-09-06 03:49:33', NULL),
(98, 'M&M Crispy', 'M&M crispy 213Gm', '<p>M&amp;M crispy 213Gm</p>', '_dsc5610.jpg', 'mm-crispy', '691607', 'in_stock', NULL, '550.00', '0.00', 40, '50', '5', '213', '197', 1, 4, '', 0, NULL, NULL, NULL, 1, 1, 3, '2019-06-25 12:10:49', '2019-09-06 03:49:18', NULL),
(99, 'M&S Soft Marshmallows', 'M&S soft marshmallows 180gm', '<p>M&amp;S soft marshmallows 180gm</p>', '_dsc5501.jpg', 'ms-soft-marshmallows', '181992', 'in_stock', NULL, '400.00', '0.00', 16, '50', '5', '180', '198', 1, 4, '', 1, NULL, NULL, NULL, 1, 1, 2, '2019-06-25 12:10:49', '2019-09-17 17:26:55', NULL),
(100, 'Maltesers Chocolate Box', 'Maltesars chocolate box 100gm', '<p>Maltesars chocolate box 100gm</p>', '_dsc5619.jpg', 'maltesers-chocolate-box', '462943', 'in_stock', NULL, '298.00', '0.00', 41, '50', '5', '100', '199', 1, 4, '', 1, NULL, NULL, NULL, 1, 1, 2, '2019-06-25 12:10:49', '2019-09-17 17:27:09', NULL),
(101, 'Marvel Spiderman Surprises', 'Marvel spider man Surprises 6gm', '<p>Marvel spider man Surprises 6gm</p>', '_dsc5474.jpg', 'marvel-spiderman-surprises', '131787', 'in_stock', NULL, '169.00', '0.00', 37, '50', '5', '6', '200', 1, 4, '', 1, NULL, NULL, NULL, 1, 1, 3, '2019-06-25 12:10:49', '2019-09-06 03:50:00', NULL),
(102, 'Nestle Kitkat Chunky 4 Bar', 'Nestle Kitkat chunky 4 bar 160 gm', '<p>Nestle Kitkat chunky 4 bar 160 gm</p>', '_dsc5625.jpg', 'nestle-kitkat-chunky-4-bar', '619612', 'in_stock', NULL, '290.00', '0.00', 42, '12', '2', '160', '201', 1, 4, '', 0, NULL, NULL, NULL, 1, 1, 2, '2019-06-25 12:10:49', '2019-12-01 03:48:46', NULL),
(103, 'Nestle Smarties 4 Tube', 'Nestle Smarties 4 Tube 152Gm', '<p>Nestle Smarties 4 Tube 152Gm</p>', '_dsc5716.jpg', 'nestle-smarties-4-tube', '616169', 'in_stock', NULL, '320.00', '0.00', 43, '6', '2', '152', '202', 1, 4, '', 3, NULL, NULL, NULL, 1, 1, 1, '2019-06-25 12:10:49', '2019-12-23 21:48:05', 0),
(104, 'Nestle Smarties Geta Sky Store', 'Nestle Smarties geta sky store 118gm', '<p>Nestle Smarties geta sky store 118gm</p>', '1558252915.new50.jpg', 'nestle-smarties-geta-sky-store', '611969', 'in_stock', NULL, '350.00', '0.00', 43, '50', '5', '118', '203', 1, 4, '', 0, NULL, NULL, NULL, 1, 1, 2, '2019-06-25 12:10:49', '2019-09-17 17:51:33', NULL),
(105, 'Nutella Go', 'Nutella Go 48 Gm', '<p>Nutella Go 48 Gm</p>', '_dsc5510.jpg', 'nutella-go', '450741', 'in_stock', NULL, '235.00', '0.00', 44, '24', '5', '48', '204', 1, 4, '', 7, NULL, NULL, NULL, 1, 1, 1, '2019-06-25 12:10:49', '2019-12-24 03:10:03', NULL),
(106, 'Paw Patrol Sweets & Surprise', 'Paw patrol swets & surprise 10gm', '<p>Paw patrol swets &amp; surprise 10gm</p>', '_dsc5482.jpg', 'paw-patrol-sweets-surprise', '326026', 'in_stock', NULL, '169.00', '0.00', 37, '50', '5', '10', '205', 1, 4, '', 0, NULL, NULL, NULL, 1, 1, 2, '2019-06-25 12:10:49', '2019-09-17 17:48:13', NULL),
(107, 'Tesco Dark Cooking Chocolate', 'Tesco dark Cooking Chocolate 150 gm', '<p>Tesco dark Cooking Chocolate 150 gm</p>', '1558240149.new9.jpg', 'tesco-dark-cooking-chocolate', '449480', 'in_stock', NULL, '340.00', '0.00', 2, '6', '1', '150', '206', 1, 4, '', 38, NULL, NULL, NULL, 1, 1, 1, '2019-06-25 12:10:49', '2020-01-07 14:53:02', NULL),
(108, 'Tesco Milk Cooking Chocolate', 'Tesco Milk Cooking Choclate 150 Gm', '<p>Tesco Milk Cooking Choclate 150 Gm</p>', '1558241305.new11.jpg', 'tesco-milk-cooking-chocolate-1', '793380', 'in_stock', NULL, '340.00', '0.00', 2, '6', '1', '150', '207', 1, 4, '', 33, NULL, NULL, NULL, 1, 1, 1, '2019-06-25 12:10:49', '2019-12-06 22:42:12', NULL),
(109, 'Nerds Tangy', 'Tiny tangy nerds 141.7gm', '<p>Tiny tangy nerds 141.7gm</p>', '_dsc5684.jpg', 'nerds-tangy', '640998', 'in_stock', NULL, '650.00', '0.00', 45, '50', '5', '141.7', '208', 1, 4, '', 0, NULL, NULL, NULL, 1, 1, 2, '2019-06-25 12:10:49', '2019-09-17 17:48:02', NULL),
(110, 'Cif Kitchen Ultrafast', 'Cif kitchen ultrafast 450ml', '<p>Cif kitchen ultrafast 450ml</p>', '1559114044._dsc5495.jpg', 'cif-kitchen-ultrafast', '702556', 'in_stock', NULL, '500.00', '0.00', 46, '6', '1', '450', '209', 1, 4, '', 14, NULL, NULL, NULL, 1, 1, 1, '2019-06-25 12:10:49', '2019-12-06 20:55:01', NULL),
(111, 'Cif Bathroom Ultrafast', 'Cif bathroom ultrafast 450ml', '<p>Cif bathroom ultrafast 450ml</p>', '1559114026._dsc5499.jpg', 'cif-bathroom-ultrafast', '742902', 'in_stock', NULL, '500.00', '0.00', 46, '6', '1', '450', '210', 1, 4, '', 14, NULL, NULL, NULL, 1, 1, 1, '2019-06-25 12:10:49', '2019-12-06 20:55:38', NULL),
(112, 'Cif Multipurpose Ultrafast', 'Cif Multipurpose Ultrafast 450ml', '<p>Cif Multipurpose Ultrafast 450ml</p>', '1559114003._dsc5497.jpg', 'cif-multipurpose-ultrafast', '376515', 'in_stock', NULL, '500.00', '0.00', 46, '6', '1', '450', '211', 1, 4, '', 15, NULL, NULL, NULL, 1, 1, 1, '2019-06-25 12:10:49', '2019-12-08 19:40:55', NULL),
(113, 'Dettol Surface Cleaner', 'Dettol surface cleanser 500ml', '<p>Dettol surface cleanser 500ml</p>', '1559113828.untitled-1.jpg', 'dettol-surface-cleaner', '625908', 'in_stock', NULL, '640.00', '0.00', 47, '5', '1', '500', '212', 1, 4, '', 13, NULL, NULL, NULL, 1, 1, 1, '2019-06-25 12:10:49', '2019-12-06 20:54:30', NULL),
(114, 'Spontex 2 Multipurpose Cloth Thick & Ultra', 'spontex 2 malti purpose cloth thick&ultra', '<p>spontex 2 malti purpose cloth thick&amp;ultra</p>', '_dsc5964.jpg', 'spontex-2-multipurpose-cloth-thick-ultra', '950453', 'in_stock', NULL, '260.00', '0.00', 48, '6', '1', '2', '213', 1, 1, '', 60, NULL, NULL, NULL, 1, 1, 1, '2019-06-25 12:10:49', '2019-12-09 23:15:46', NULL),
(115, 'Spontex All Purpuse Cloths', 'Spontex all purpose cloths x10', '<p>Spontex all purpose cloths x10</p>', '_dsc5966.jpg', 'spontex-all-purpuse-cloths', '750256', 'in_stock', NULL, '490.00', '0.00', 48, '6', '1', '10', '214', 1, 1, '', 16, NULL, NULL, NULL, 1, 1, 1, '2019-06-25 12:10:49', '2019-12-09 23:17:15', NULL),
(116, 'Spontex Supreme All Purpose', 'Spontex supreme 6 all purpose', '<p>Spontex supreme 6 all purpose</p>', '1558241060.new10.jpg', 'spontex-supreme-all-purpose', '286662', 'in_stock', NULL, '500.00', '0.00', 48, '50', '5', '0', '215', 1, 4, '', 14, NULL, NULL, NULL, 1, 1, 1, '2019-06-25 12:10:49', '2019-12-12 16:41:36', NULL),
(117, 'Tassimo Kenco Cappuccino', 'Tassimo kenco cappuccino 260gm', '<p>Tassimo kenco cappuccino 260gm</p>', '1553752638._dsc5423.jpg', 'tassimo-kenco-cappuccino', '391713', 'in_stock', NULL, '813.00', '0.00', 49, '50', '5', '260', '216', 1, 4, '', 14, NULL, NULL, NULL, 1, 1, 2, '2019-06-25 12:10:49', '2019-11-13 18:44:37', NULL),
(118, 'Tassimo Kenco Americano Smooth', 'Tassimo kenco americano smooth 128gm', '<p>Tassimo kenco americano smooth 128gm</p>', '1553752990._dsc5420.jpg', 'tassimo-kenco-americano-smooth', '525831', 'in_stock', NULL, '813.00', '0.00', 49, '50', '5', '128', '217', 1, 4, '', 14, NULL, NULL, NULL, 1, 1, 1, '2019-06-25 12:10:49', '2019-12-12 02:54:35', NULL),
(119, 'Douwe Egberts Delicate Vanilla', 'Douwe egberts delicat vanilla 50gm', '<p>Douwe egberts delicat vanilla 50gm</p>', '_dsc5951.jpg', 'douwe-egberts-delicate-vanilla', '873429', 'in_stock', NULL, '713.00', '0.00', 50, '50', '5', '50', '218', 1, 4, '', 15, NULL, NULL, NULL, 1, 1, 2, '2019-06-25 12:10:49', '2019-09-25 13:34:23', NULL),
(121, 'Illy espresso ground coffee medium roast', 'Illy espresso ground coffee medium roast 125gm', '<p>Illy espresso ground coffee medium roast 125gm</p>', '1558242214.new14.jpg', 'illy-espresso-ground-coffee-medium-roast-125gm', '328548', 'in_stock', NULL, '800.00', '0.00', 51, '3', '1', '125', '220', 1, 4, '', 55, NULL, NULL, NULL, 1, 1, 1, '2019-06-25 12:10:49', '2019-12-12 02:55:58', NULL),
(122, 'M&S Café Connoisseur Ground Coffee', 'M&S cafe connoisseur ground coffee 227gm', '<p>M&amp;S cafe connoisseur ground coffee 227gm</p>', '_dsc5702.jpg', 'ms-cafe-connoisseur-ground-coffee', '505659', 'in_stock', NULL, '875.00', '0.00', 16, '50', '5', '227', '221', 1, 4, '', 12, NULL, NULL, NULL, 1, 1, 2, '2019-06-25 12:10:49', '2019-09-25 13:35:19', NULL),
(123, 'M&S Colombian Ground Coffee', 'M&S colombian ground coffee 227gm', '<p>M&amp;S colombian ground coffee 227gm</p>', '1558241812.new13.jpg', 'ms-colombian-ground-coffee-227gm', '411727', 'in_stock', NULL, '810.00', '0.00', 16, '2', '1', '227', '222', 1, 4, '', 60, NULL, NULL, NULL, 1, 1, 1, '2019-06-25 12:10:49', '2019-12-10 00:07:22', NULL),
(124, 'M&S Honduran Ground Coffee', 'M&S honduran ground coffee 227gm', '<p>M&amp;S honduran ground coffee 227gm</p>', '_dsc5512.jpg', 'ms-honduran-ground-coffee', '270831', 'in_stock', NULL, '810.00', '0.00', 16, '6', '2', '227', '223', 1, 4, '', 11, NULL, NULL, NULL, 1, 1, 2, '2019-06-25 12:10:49', '2019-12-02 02:36:40', NULL),
(125, 'M&S House Decaf Ground Coffee', 'M&S house decaf ground coffee 227gm', '<p>M&amp;S house decaf ground coffee 227gm</p>', '_dsc5590.jpg', 'ms-house-decaf-ground-coffee-227gm', '200455', 'in_stock', NULL, '810.00', '0.00', 16, '6', '2', '227', '224', 1, 4, '', 56, NULL, NULL, NULL, 1, 1, 2, '2019-06-25 12:10:49', '2019-12-02 02:36:54', NULL),
(126, 'M&S Kenyan Ground Coffee', 'M&S kenyan ground coffee 227gm', '<p>M&amp;S kenyan ground coffee 227gm</p>', '1558241481.new12.jpg', 'ms-kenyan-ground-coffee', '724869', 'in_stock', NULL, '810.00', '0.00', 16, '5', '1', '227', '225', 1, 4, '', 8, NULL, NULL, NULL, 1, 1, 2, '2019-06-25 12:10:49', '2019-12-02 02:37:07', NULL),
(127, 'M&S Lazy Weekend Ground Coffee', 'M&S lazy weekend ground coffee 227gm', '<p>M&amp;S lazy weekend ground coffee 227gm</p>', '_dsc5700.jpg', 'ms-lazy-weekend-ground-coffee', '924830', 'in_stock', NULL, '810.00', '0.00', 16, '2', '1', '227', '226', 1, 4, '', 10, NULL, NULL, NULL, 1, 1, 2, '2019-06-25 12:10:49', '2019-12-02 02:37:22', NULL),
(128, 'M&S Rwandon Ground Coffee', 'M&S Rwandon ground coffee 227gm', '<p>M&amp;S Rwandon ground coffee 227gm</p>', '1553751927._dsc5563.jpg', 'ms-rwandon-ground-coffee', '303894', 'in_stock', NULL, '810.00', '0.00', 16, '6', '5', '227', '227', 1, 4, '', 10, NULL, NULL, NULL, 1, 1, 2, '2019-06-25 12:10:49', '2019-12-02 02:37:34', NULL),
(130, 'M&S Crispy cheese crackers', 'M&S Crispy cheese crackers 150gm', '<p>M&amp;S Crispy cheese crackers 150gm</p>', 'dsc_0337.jpg', 'ms-crispy-cheese-crackers', '999710', 'in_stock', NULL, '525.00', '0.00', 16, '50', '5', '150', '229', 1, 4, '', 2, NULL, NULL, NULL, 1, 1, 2, '2019-06-25 12:10:49', '2019-09-12 12:45:18', NULL),
(131, 'Spontex Dishbrush Style', 'spontex dishbrush style', '<p>spontex dishbrush style</p>', '_dsc5989.jpg', 'spontex-dishbrush-style', '537971', 'in_stock', NULL, '460.00', '0.00', 48, '6', '1', '0', '230', 1, 4, '', 46, NULL, NULL, NULL, 1, 1, 1, '2019-06-25 12:10:49', '2019-12-09 13:39:11', NULL),
(132, 'Spontex Dishmop', 'Spontex dishmop', '<p>Spontex dishmop</p>', '_dsc5987.jpg', 'spontex-dishmop', '306052', 'in_stock', NULL, '460.00', '0.00', 48, '50', '5', '0', '231', 1, 2, '', 49, NULL, NULL, NULL, 1, 1, 1, '2019-06-25 12:10:49', '2019-12-11 19:22:27', NULL),
(134, 'Tesco Tropical Mix', 'Tesco Tropical Mix 250gm', '<p>Tesco Tropical Mix 250gm</p>', '1553751860.dsc_0368.jpg', 'tesco-tropical-mix-250gm', '419495', 'in_stock', NULL, '570.00', '0.00', 2, '50', '5', '250', '232', 1, 4, '', 29, NULL, NULL, NULL, 1, 1, 2, '2019-06-25 12:10:49', '2019-09-18 17:05:51', NULL),
(136, 'Carex Aloe Vera Hand Wash', 'Carex Aloe Vera Hand Wash 250Ml', '<p>Carex Aloe Vera Hand Wash 250Ml</p>', '_dsc5759.jpg', 'carex-aloe-vera-hand-wash', '767797', 'in_stock', NULL, '375.00', '0.00', 53, '6', '2', '250', '234', 1, 6, '', 0, NULL, NULL, NULL, 1, 1, 1, '2019-06-25 12:10:49', '2019-12-24 01:44:25', 0),
(137, 'Imperial Leather Moisturizing Hand wash', 'Imperial Leather moisturing Hand Wash 300Ml', '<p>Imperial Leather moisturing Hand Wash 300Ml</p>', '_dsc5763.jpg', 'imperial-leather-moisturizing-hand-wash', '348849', 'in_stock', NULL, '375.00', '0.00', 54, '6', '2', '300', '235', 1, 4, '', 2, NULL, NULL, NULL, 1, 1, 1, '2019-06-25 12:10:49', '2019-12-24 02:00:43', 0),
(138, 'Imperial Leather Protecting Antibac Hand Wash', 'Imperial Leather Protecting antibac Hand Wash 300Ml', '<p>Imperial Leather Protecting antibac Hand Wash 300Ml</p>', '_dsc5682.jpg', 'imperial-leather-protecting-antibac-hand-wash', '635188', 'in_stock', NULL, '375.00', '0.00', 54, '6', '2', '300', '236', 1, 4, '', 2, NULL, NULL, NULL, 1, 1, 1, '2019-06-25 12:10:49', '2019-12-24 02:00:05', 0),
(139, 'Imperial Leather Shea Butter Hand Wash', 'Imperial Leather shea butter Hand Wash 300Ml', '<p>Imperial Leather shea butter Hand Wash 300Ml</p>', 'new_picture.jpg', 'imperial-leather-shea-butter-hand-wash', '874896', 'in_stock', NULL, '425.00', '0.00', 54, '50', '5', '300', '237', 1, 4, '', 0, NULL, NULL, NULL, 1, 1, 2, '2019-06-25 12:10:49', '2019-11-19 17:15:11', 0),
(140, 'Palmolive Hygiene Plus Fresh Hand Wash', 'Palmolive hygien plus fresh Hand Wash 300ml', '<p>Palmolive hygien plus fresh Hand Wash 300ml</p>', '_dsc5749.jpg', 'palmolive-hygiene-plus-fresh-hand-wash-300-ml', '179092', 'in_stock', NULL, '400.00', '0.00', 55, '6', '1', '300', '238', 1, 4, '', 3, NULL, NULL, NULL, 1, 1, 1, '2019-06-25 12:10:49', '2019-12-12 02:57:46', 0),
(141, 'Palmolive Natural Almond & Milk Hand Wash', 'Palmolive Natural almond & milk Hand Wash 300ml', '<p>Palmolive Natural almond &amp; milk Hand Wash 300ml</p>', '_dsc5761.jpg', 'palmolive-natural-almond-milk-hand-wash', '403776', 'in_stock', NULL, '375.00', '0.00', 55, '50', '5', '300', '239', 1, 4, '', 0, NULL, NULL, NULL, 1, 1, 1, '2019-06-25 12:10:49', '2019-12-24 01:45:29', 0),
(142, 'Radox Kid\'s Frozen Refreshing Handwash', 'Radox kids frozen refreshing handwash 250ml', '<p>Radox kids frozen refreshing handwash 250ml</p>', '_dsc5751.jpg', 'radox-kids-frozen-refreshing-handwash', '877128', 'in_stock', NULL, '400.00', '0.00', 56, '6', '2', '250', '240', 1, 4, '', 2, NULL, NULL, NULL, 1, 1, 1, '2019-06-25 12:10:49', '2019-12-12 02:55:07', 0),
(143, 'M&S Simply Pure Honey', 'M&S simply pure honey 340gm', '<p>M&amp;S simply pure honey 340gm</p>', '1559110232._dsc5412.jpg', 'ms-simply-pure-honey', '744990', 'in_stock', NULL, '800.00', '0.00', 16, '3', '1', '340', '241', 1, 4, '', 17, NULL, NULL, NULL, 1, 1, 2, '2019-06-25 12:10:49', '2019-12-02 02:32:29', 0),
(144, 'Rowse Honey', 'Rowse Honey 340gm', '<p>Rowse Honey 340gm</p>', '1559110712._dsc5491.jpg', 'rowse-honey', '582337', 'in_stock', NULL, '670.00', '0.00', 57, '6', '2', '340', '242', 1, 4, '', 16, NULL, NULL, NULL, 1, 1, 1, '2019-06-25 12:10:49', '2019-12-12 22:54:58', NULL),
(145, 'Rowse Light & Mild Honey', 'ROWSE LIGHT & MILD HONEY 340GM', '<p>ROWSE LIGHT &amp; MILD HONEY 340GM</p>', '1559110655.untitled.png', 'rowse-light-mild-honey', '296756', 'in_stock', NULL, '665.00', '0.00', 57, '50', '5', '340', '243', 1, 4, '', 15, NULL, NULL, NULL, 1, 1, 2, '2019-06-25 12:10:49', '2019-09-18 07:23:00', NULL),
(149, 'KTC Lemon Juice', 'KTC Lemone Juice 200 ml', '<p>KTC Lemone Juice 200 ml</p>', '_dsc5508.jpg', 'ktc-lemon-juice', '417314', 'in_stock', NULL, '360.00', '0.00', 59, '7', '2', '200', '247', 1, 4, '', 11, NULL, NULL, NULL, 1, 1, 1, '2019-06-25 12:10:49', '2019-12-27 19:40:24', 0),
(150, 'Veet Facial Hair Removal Natural', 'Veet facial hair removal natural 2x50ml', '<p>Veet facial hair removal natural 2x50ml</p>', '_dsc5927.jpg', 'veet-facial-hair-removal-natural', '596623', 'in_stock', NULL, '440.00', '0.00', 60, '6', '2', '50', '248', 1, 4, '', 13, NULL, NULL, NULL, 1, 1, 2, '2019-06-25 12:10:49', '2019-12-02 02:14:38', 0),
(151, 'Veet Hair Removal Cream Sensitive Skin', 'Veet hair removal cream sensitive skine 100ml', '<p>Veet hair removal cream sensitive skine 100ml</p>', '_dsc5931.jpg', 'veet-hair-removal-cream-sensitive-skin', '942558', 'in_stock', NULL, '460.00', '0.00', 60, '6', '2', '100', '249', 1, 4, '', 14, NULL, NULL, NULL, 1, 1, 1, '2019-06-25 12:10:49', '2019-12-10 06:28:23', 0),
(152, 'Veet Hair Removal Cream Normal Skin', 'Veet hair removal cream normal skine 100ml', '<p>Veet hair removal cream normal skine 100ml</p>', '_dsc5941.jpg', 'veet-hair-removal-cream-normal-skin-1', '420992', 'in_stock', NULL, '425.00', '0.00', 60, '50', '5', '100', '250', 1, 4, '', 12, NULL, NULL, NULL, 1, 1, 1, '2019-06-25 12:10:49', '2019-12-10 06:30:29', 0),
(153, 'Veet Hair Removal Cream Normal Skin', 'Veet hair removal cream normal skine 200ml', '<p>Veet hair removal cream normal skine 200ml</p>', '1558243049.new15.jpg', 'veet-hair-removal-cream-normal-skin', '969835', 'in_stock', NULL, '540.00', '0.00', 60, '6', '2', '200', '251', 1, 4, '', 17, NULL, NULL, NULL, 1, 1, 1, '2019-06-25 12:10:49', '2019-12-10 06:29:23', 0),
(154, 'Veet Easy Wax Replace Strips Simple & Easy 24 Stips', 'Veet easy wax replace strips simole & easy 24 strips', '<p>Veet easy wax replace strips simole &amp; easy 24 strips</p>', '_dsc5941.jpg', 'veet-easy-wax-replace-strips-simple-easy-24-stips', '833755', 'in_stock', NULL, '270.00', '0.00', 60, '6', '2', '0', '252', 1, 2, '', 13, NULL, NULL, NULL, 1, 1, 1, '2019-06-25 12:10:49', '2019-12-12 03:07:12', NULL),
(160, 'Pot Noodle Beef & Tomato', 'Pot noodle beef & tomato Noodle Pot 90G', '<p>Pot noodle beef &amp; tomato Noodle Pot 90G</p>', '1553751514.dsc_0361.jpg', 'pot-noodle-beef-tomato', '136474', 'in_stock', NULL, '250.00', '0.00', 63, '11', '1', '90', '256', 1, 4, '', 3, NULL, NULL, NULL, 1, 1, 1, '2019-06-25 12:10:49', '2019-12-12 02:55:01', 0),
(161, 'Pot Noodle Chicken & Mashroom Flavor', 'Pot Noodle Chicken & Masroom Flv 90Gm', '<p>Pot Noodle Chicken &amp; Masroom Flv 90Gm</p>', '1553751444._dsc5399.jpg', 'pot-noodle-chicken-mashroom-flavor', '483140', 'in_stock', NULL, '250.00', '0.00', 63, '6', '1', '90', '257', 1, 4, '', 3, NULL, NULL, NULL, 1, 1, 1, '2019-06-25 12:10:49', '2019-12-12 02:56:34', NULL),
(163, 'KP Dry Roasted Peanuts', 'Kp dry roasted peanuts 150gm', '<p>Kp dry roasted peanuts 150gm</p>', '_dsc5621.jpg', 'kp-dry-roasted-peanuts', '275905', 'in_stock', NULL, '310.00', '0.00', 64, '50', '5', '150', '259', 1, 4, '', 1, NULL, NULL, NULL, 1, 1, 2, '2019-06-25 12:10:49', '2019-09-18 17:06:20', NULL),
(164, 'KP Dry Original Salted Peanuts', 'KP dry original salted peanuts 150gm', '<p>KP dry original salted peanuts 150gm</p>', '_dsc5592.jpg', 'kp-dry-original-salted-peanuts', '265941', 'in_stock', NULL, '310.00', '0.00', 64, '50', '5', '150', '260', 1, 4, '', 19, NULL, NULL, NULL, 1, 1, 2, '2019-06-25 12:10:49', '2019-09-18 17:06:07', NULL),
(167, 'Reeses 3 Peanut Butter Cups', 'Reeses 3 peanut Butter Cups 51 gm', '<p>Reeses 3 peanut Butter Cups 51 gm</p>', '_dsc5527.jpg', 'reeses-3-peanut-butter-cups', '961381', 'in_stock', NULL, '275.00', '0.00', 65, '4', '2', '51', '263', 1, 4, '', 8, NULL, NULL, NULL, 1, 1, 1, '2019-06-25 12:10:50', '2019-12-24 03:11:49', 0),
(168, 'Harringtons Chicken Rolls', 'Harringtons chicken rolls 160gm', '<p>Harringtons chicken rolls 160gm</p>', '_dsc5698.jpg', 'harringtons-chicken-rolls', '582418', 'in_stock', NULL, '375.00', '0.00', 66, '6', '1', '160', '264', 1, 4, '', 23, NULL, NULL, NULL, 1, 1, 2, '2019-06-25 12:10:50', '2019-12-02 02:18:14', NULL),
(169, 'Butterkist Sweet & Salted Microwave Popcorn', 'Butterkist Sweet & Salted Microwave Popcorn 85 Gm', '<p>Butterkist Sweet &amp; Salted Microwave Popcorn 85 Gm</p>', '_dsc5586.jpg', 'butterkist-sweet-salted-microwave-popcorn', '841982', 'in_stock', NULL, '185.00', '0.00', 67, '50', '5', '85', '265', 1, 4, '', 0, NULL, NULL, NULL, 1, 1, 3, '2019-06-25 12:10:50', '2019-09-06 03:51:12', NULL),
(170, 'Easy Pop Microwave Popcorn Butter', 'Easy Pop Microwave popcorn butter popcorn 85gm', '<p>Easy Pop Microwave popcorn butter popcorn 85gm</p>', '_dsc5522.jpg', 'easy-pop-microwave-popcorn-butter', '624880', 'in_stock', NULL, '200.00', '0.00', 68, '50', '5', '85', '266', 1, 4, '', 0, NULL, NULL, NULL, 1, 1, 2, '2019-06-25 12:10:50', '2019-09-06 03:52:15', NULL),
(171, 'Easy Pop Microwave Popcorn Chili', 'Easy Pop Microwave popcorn chilli popcorn 100gm', '<p>Easy Pop Microwave popcorn chilli popcorn 100gm</p>', '_dsc5520.jpg', 'easy-pop-microwave-popcorn-chili', '950730', 'in_stock', NULL, '200.00', '0.00', 68, '50', '5', '100', '267', 1, 4, '', 1, NULL, NULL, NULL, 1, 1, 2, '2019-06-25 12:10:50', '2019-09-06 03:52:03', NULL),
(172, 'Easy Pop Microwave Popcorn Salted', 'Easy Pop Microwave popcorn salted popcorn 100gm', '<p>Easy Pop Microwave popcorn salted popcorn 85gm</p>', '_dsc5516_1.jpg', 'easy-pop-microwave-popcorn-salted', '483805', 'in_stock', NULL, '200.00', '0.00', 68, '6', '1', '85', '268', 1, 4, '', 2, NULL, NULL, NULL, 1, 1, 2, '2019-06-25 12:10:50', '2019-10-20 15:49:35', NULL),
(173, 'Easy Pop Microwave Popcorn Sweet', 'Easy Pop Microwave popcorn sweet popcorn 85gm', '<p>Easy Pop Microwave popcorn sweet popcorn 85gm</p>', '1553748663._dsc5517.jpg', 'easy-pop-microwave-popcorn-sweet', '279706', 'in_stock', NULL, '200.00', '0.00', 68, '6', '1', '85', '269', 1, 4, '', 2, NULL, NULL, NULL, 1, 1, 1, '2019-06-25 12:10:50', '2019-12-10 16:00:21', NULL),
(174, 'Penn State Pretzels Sour Cream & Chive', 'Penn state Pretzels Sour Cream&Chive 175G', '<p>Penn state Pretzels Sour Cream&amp;Chive 175G</p>', '1553748503.dsc_0351.jpg', 'penn-state-pretzels-sour-cream-chive', '869628', 'in_stock', NULL, '465.00', '0.00', 69, '6', '2', '157', '270', 1, 4, '', 1, NULL, NULL, NULL, 1, 1, 2, '2019-06-25 12:10:50', '2019-11-23 08:10:34', NULL),
(176, 'Kallo Organic Sesame Seed Wholegrain Low Rice Cake', 'Kallo organic sesame seed wholegrain low rice cake 130G', '<p>Kallo organic sesame seed wholegrain low rice cake 130G</p>', '_dsc5724.jpg', 'kallo-organic-sesame-seed-wholegrain-low-rice-cake', '562771', 'in_stock', NULL, '395.00', '0.00', 71, '4', '1', '130', '272', 1, 4, '', 17, NULL, NULL, NULL, 1, 1, 1, '2019-06-25 12:10:50', '2019-12-12 02:56:26', NULL),
(177, 'Kallo Organic Lightly Salted Wholegrain Rice Cake', 'Kallo organic Lightly Salted wholegrain Rice Cake 130 Gm', '<p>Kallo organic Lightly Salted wholegrain Rice Cake 130 Gm</p>', '1553748206._dsc5898.jpg', 'kallo-organic-lightly-salted-wholegrain-rice-cake', '152017', 'in_stock', NULL, '395.00', '0.00', 71, '5', '1', '130', '273', 1, 4, '', 19, NULL, NULL, NULL, 1, 1, 1, '2019-06-25 12:10:50', '2019-12-16 05:07:23', NULL),
(178, 'Domestos 3 in 1 citrus', 'Domestos 3 in 1 citrus 40 gm', '<p>Domestos 3 in 1 citrus 40 gm</p>', '_dsc5968.jpg', 'domestos-3-in-1-citrus', '804798', 'in_stock', NULL, '340.00', '0.00', 72, '50', '5', '40', '274', 1, 4, '', 50, NULL, NULL, NULL, 1, 1, 2, '2019-06-25 12:10:50', '2019-12-02 02:17:41', NULL),
(179, 'Domestos 3 in 1 power atlantic', 'Domestos 3 in 1 power atlantic 40 gm', '<p>Domestos 3 in 1 power atlantic 40 gm</p>', '_dsc5974.jpg', 'domestos-3-in-1-power-atlantic-40-gm', '385041', 'in_stock', NULL, '340.00', '0.00', 72, '50', '5', '40', '275', 1, 4, '', 50, NULL, NULL, NULL, 1, 1, 2, '2019-06-25 12:10:50', '2019-12-02 02:17:58', NULL),
(180, 'Domestos 3 in 1 power pine', 'Domestos 3 in 1 power pine 40 gm', '<p>Domestos 3 in 1 power pine 40 gm</p>', '_dsc5970.jpg', 'domestos-3-in-1-power-pine', '609646', 'in_stock', NULL, '340.00', '0.00', 72, '6', '1', '40', '276', 1, 4, '', 39, NULL, NULL, NULL, 1, 1, 3, '2019-06-25 12:10:50', '2019-10-31 14:56:49', NULL),
(182, 'Heinz Garlic Sauce', 'Heinz Garlic Sauce 220 Ml', '<p>Heinz Garlic Sauce 220 Ml</p>', '_dsc5740.jpg', 'heinz-garlic-sauce', '355253', 'in_stock', NULL, '590.00', '0.00', 10, '4', '1', '220', '278', 1, 4, '', 7, NULL, NULL, NULL, 1, 1, 1, '2019-06-25 12:10:50', '2019-12-08 17:38:25', NULL),
(183, 'Heinz Sweet Chilli Moreish & Tangy Sauce', 'Heinz sweet chilli moreish&tangy sauce 260gm', '<p>Heinz sweet chilli moreish&amp;tangy sauce 260gm</p>', '_dsc5744.jpg', 'heinz-sweet-chilli-moreish-tangy-sauce', '660204', 'in_stock', NULL, '375.00', '0.00', 10, '50', '5', '260', '279', 1, 4, '', 5, NULL, NULL, NULL, 1, 1, 2, '2019-06-25 12:10:50', '2019-09-19 15:18:42', NULL),
(184, 'Heinz Tomato Ketchup', 'Heinz tomato ketchup 435gm', '<p>Heinz tomato ketchup 435gm</p>', '1553747842._dsc5374.jpg', 'heinz-tomato-ketchup', '259403', 'in_stock', NULL, '675.00', '0.00', 10, '4', '2', '435', '280', 1, 4, '', 6, NULL, NULL, NULL, 1, 1, 1, '2019-06-25 12:10:50', '2019-12-08 17:33:34', 0),
(185, 'Hellman\'s Roasted Garlic Mayonnaise', 'Hellmanns roasted garlic mayonnaise 252gm/250ml', '<p>Hellmanns roasted garlic mayonnaise 252gm/250ml</p>', '_dsc5738.jpg', 'hellmans-roasted-garlic-mayonnaise', '634117', 'in_stock', NULL, '475.00', '0.00', 10, '4', '2', '250', '281', 1, 4, '', 3, NULL, NULL, NULL, 1, 1, 2, '2019-06-25 12:10:50', '2019-12-02 02:35:17', NULL),
(186, 'HP Original Sauce', 'HP Original Sauce 450 gm', '<p>HP Original Sauce 450 gm</p>', '_dsc5848.jpg', 'hp-original-sauce', '132086', 'in_stock', NULL, '625.00', '0.00', 73, '50', '5', '450', '282', 1, 4, '', 1, NULL, NULL, NULL, 1, 1, 2, '2019-06-25 12:10:50', '2019-09-19 15:20:38', NULL),
(187, 'Hellman\'s Olive Oil Mayonnaise Style Dressing', 'Hellmanns Olive Oil Mayonnaise Style Dressing 430Ml', '<p>Hellmanns Olive Oil Mayonnaise Style Dressing 430Ml</p>', '1553747811.dsc_0374.jpg', 'hellmans-olive-oil-mayonnaise-style-dressing', '595508', 'in_stock', NULL, '765.00', '0.00', 11, '50', '5', '430', '283', 1, 4, '', 2, NULL, NULL, NULL, 1, 1, 2, '2019-06-25 12:10:50', '2019-09-19 15:25:53', NULL),
(190, 'Tesco Thousand Island Dressing', 'Tesco Thousand Island Dressing 250Gm', '<p>Tesco Thousand Island Dressing 250Gm</p>', '_dsc5389.jpg', 'tesco-thousand-island-dressing', '861600', 'in_stock', NULL, '400.00', '0.00', 2, '4', '1', '250', '286', 1, 4, '', 13, NULL, NULL, NULL, 1, 1, 1, '2019-06-25 12:10:50', '2019-12-10 05:14:09', NULL),
(191, 'Doritos Hot Salsa', 'Doritos Hot Salsa 300 Gm', '<p>Doritos Hot Salsa 300 Gm</p>', '_dsc5710.jpg', 'doritos-hot-salsa', '543195', 'in_stock', NULL, '595.00', '0.00', 74, '4', '1', '300', '287', 1, 4, '', 5, NULL, NULL, NULL, 1, 1, 1, '2019-06-25 12:10:50', '2019-12-12 12:39:46', NULL),
(192, 'Doritos Nacho Cheese', 'Doritos nacho cheese 300gm', '<p>Doritos nacho cheese 300gm</p>', '_dsc5712.jpg', 'doritos-nacho-cheese', '705252', 'in_stock', NULL, '520.00', '0.00', 74, '50', '5', '300', '288', 1, 4, '', 0, NULL, NULL, NULL, 1, 1, 2, '2019-06-25 12:10:50', '2019-09-19 15:18:28', NULL),
(193, 'Doritos Sour Cream & Chives', 'Doritos Sour Cream & Chives 300 Gm', '<p>Doritos Sour Cream &amp; Chives 300 Gm</p>', '_dsc5708.jpg', 'doritos-sour-cream-chives', '399485', 'in_stock', NULL, '595.00', '0.00', 74, '3', '5', '300', '289', 1, 4, '', 3, NULL, NULL, NULL, 1, 1, 1, '2019-06-25 12:10:50', '2019-12-11 16:39:09', NULL),
(194, 'Hellmann\'s Light Mayonnaise', 'Hellmanns Light Mayonnaise 251GM', '<p>Hellmanns Light Mayonnaise 251GM</p>', '_dsc5755.jpg', 'hellmans-light-mayonnaise', '366841', 'in_stock', NULL, '420.00', '0.00', 75, '50', '5', '251', '290', 1, 4, '', 1, NULL, NULL, NULL, 1, 1, 2, '2019-06-25 12:10:50', '2019-09-19 15:25:41', NULL),
(196, 'Nandos Perinaise Peri Peri Mayonnaise Hot', 'Nandos perinaise peri peri mayonnaise 265 gm', '<p>Nandos perinaise peri peri mayonnaise 265 gm</p>', 'nandos_perinaise_peri_peri_maynnaise.jpg', 'nandos-perinaise-peri-peri-mayonnaise', '504487', 'in_stock', NULL, '605.00', '0.00', 76, '4', '1', '265', '292', 1, 6, '', 7, NULL, NULL, NULL, 1, 1, 1, '2019-06-25 12:10:50', '2019-12-12 16:45:49', NULL),
(197, 'Spontex 2 Non Scratch Sponge Scourers', 'Spontex 2 Non Scratch Spong Scourers', '<p>Spontex 2 Non Scratch Spong Scourers</p>', '_dsc5943.jpg', 'spontex-2-non-scratch-sponge-scourers', '659556', 'in_stock', NULL, '465.00', '0.00', 48, '6', '1', '2', '293', 1, 1, '', 51, NULL, NULL, NULL, 1, 1, 1, '2019-06-25 12:10:50', '2019-12-09 23:18:41', NULL),
(198, 'Spontex 4 Tough Scourers X 4', 'Spontex 4 tough Scourers x4', '<p>Spontex 4 tough Scourers x4</p>', '_dsc5985.jpg', 'spontex-4-tough-scourers-x-4', '145532', 'in_stock', NULL, '400.00', '0.00', 48, '50', '5', '0', '294', 1, 4, '', 16, NULL, NULL, NULL, 1, 1, 1, '2019-06-25 12:10:50', '2019-12-09 23:21:54', NULL),
(200, 'Spontex Dishmop Refill General Purpose X 3', 'Spontex Dishmop Reffile Genereal Purpose x3', '<p>Spontex Dishmop Reffile Genereal Purpose x3</p>', 'spontex-dishmop-refill.gif', 'spontex-dishmop-refill-general-purpose-x-3', '796564', 'in_stock', NULL, '430.00', '0.00', 48, '50', '5', '0', '296', 1, 4, '', 39, NULL, NULL, NULL, 1, 1, 1, '2019-06-25 12:10:50', '2019-12-19 23:17:11', 0),
(201, 'Spontex Handy Tough Scourer', 'Spontex Handy Tough Scourer', '<p>Spontex Handy Tough Scourer</p>', '1553746494._dsc5949.jpg', 'spontex-handy-tough-scourer', '718227', 'in_stock', NULL, '325.00', '0.00', 48, '6', '1', '0', '297', 1, 4, '', 53, NULL, NULL, NULL, 1, 1, 1, '2019-06-25 12:10:50', '2019-12-11 19:21:57', NULL),
(202, 'Spontex the essential spong cloth x4', 'spontex the essential spong cloth x4', '<p>spontex the essential spong cloth x4</p>', '_dsc5962.jpg', 'spontex-the-essential-spong-cloth-x4', '212411', 'in_stock', NULL, '375.00', '0.00', 48, '50', '5', '0', '298', 1, 4, '', 52, NULL, NULL, NULL, 1, 1, 1, '2019-06-25 12:10:50', '2019-12-12 16:29:46', NULL),
(206, 'Tesco Flax Seeds 150gm', 'Tesco Flax Seeds 150gm', 'Tesco Flax Seeds 150gm', '1553743564.dsc_0378.jpg', 'tesco-flax-seeds-150gm', '344693', 'in_stock', '', '490.00', '0.00', 2, '50', '5', '150', '302', 1, 4, '', 9, '', '', '', 1, NULL, 2, '2019-06-25 12:10:50', '2019-07-21 09:05:26', NULL),
(210, 'Tesco whole foods 4 seed mix 300gm', 'Tesco whole foods 4 seed mix 300gm', '<p>Tesco whole foods 4 seed mix 300gm</p>', '1553742985.dsc_0383.jpg', 'tesco-whole-foods-4-seed-mix-300gm', '296357', 'in_stock', NULL, '575.00', '0.00', 2, '50', '5', '300', '306', 1, 4, '', 32, NULL, NULL, NULL, 1, 1, 1, '2019-06-25 12:10:50', '2019-12-10 18:47:11', NULL),
(211, 'Quick Milk Magic Sipper Strawberry Flavor', 'Quick Milk Magic sipper Flavour 78Gm', '<p>Quick Milk Magic sipper Flavour 78Gm</p>', '1553742864._dsc5651.jpg', 'quick-milk-magic-sipper-strawberry-flavor', '384110', 'in_stock', NULL, '250.00', '0.00', 79, '5', '1', '78', '307', 1, 4, '', 31, NULL, NULL, NULL, 1, 1, 1, '2019-06-25 12:10:50', '2019-12-11 02:21:43', 0),
(212, 'Quick Milk Magic forest fruit sour cherry Flavour', 'Dr. Moo Quick Milk Magic forest fruit sour cherry Flavour 78Gm', '<p>Dr. Moo Quick Milk Magic forest fruit sour cherry Flavour 78Gm</p>', '1553742825._dsc5653.jpg', 'quick-milk-magic-forest-fruit-sour-cherry-flavour', '195674', 'in_stock', NULL, '250.00', '0.00', 80, '50', '5', '78', '308', 1, 4, '', 29, NULL, NULL, NULL, 1, 1, 1, '2019-06-25 12:10:50', '2019-12-11 02:18:49', NULL),
(213, 'Quick Milk Magic Sipper Banana Flavor', 'Dr. Moo Quick milk Magic Sipper Banana Flv 10Pec 60gm', '<p>Dr. Moo Quick milk Magic Sipper Banana Flv 10Pec 60gm</p>', '1553742747._dsc5657.jpg', 'quick-milk-magic-sipper-banana-flavor', '977627', 'in_stock', NULL, '250.00', '0.00', 80, '6', '2', '78', '309', 1, 4, '', 28, NULL, NULL, NULL, 1, 1, 1, '2019-06-25 12:10:50', '2019-12-11 02:15:20', NULL),
(215, 'Sesame Snaps with Coconut', 'Sesame Snaps With Coconut 120gm', '<p>Sesame Snaps With Coconut 120gm</p>', '_dsc5829.jpg', 'sesame-snaps-with-coconut', '103233', 'in_stock', NULL, '225.00', '0.00', 81, '6', '2', '120', '311', 1, 4, '', 14, NULL, NULL, NULL, 1, 1, 1, '2019-06-25 12:10:50', '2019-12-10 15:58:21', NULL),
(216, 'Tesco Black Peppercorn Ground', 'Tesco Black Peppercorn Ground 50gm', '<p>Tesco Black Peppercorn Ground 50gm</p>', '_dsc5584.jpg', 'tesco-black-peppercorn-ground', '196404', 'in_stock', NULL, '562.00', '0.00', 2, '50', '5', '50', '312', 1, 4, '', 7, NULL, NULL, NULL, 1, 1, 2, '2019-06-25 12:10:50', '2019-09-24 14:19:02', NULL),
(237, 'Twinings Mint Green Tea', 'Twinings mint green tea 20bag 40gm', '<p>Twinings mint green tea 20bag 40gm</p>', '1553685480._dsc5579.jpg', 'twinings-mint-green-tea', '750827', 'in_stock', NULL, '375.00', '0.00', 83, '8', '1', '40', '333', 1, 4, '', 23, NULL, NULL, NULL, 1, 1, 1, '2019-06-25 12:10:50', '2019-12-07 19:33:07', 0),
(239, 'Old El Paso 8 Super Soft Tortillas Flour Regular', 'Old El Paso 8 Super Soft Tortillas Flour Regular 326G', '<p>Old El Paso 8 Super Soft Tortillas Flour Regular 326G</p>', '_dsc5802.jpg', 'old-el-paso-8-super-soft-tortillas-flour-regular', '549513', 'in_stock', NULL, '500.00', '0.00', 84, '6', '1', '326', '335', 1, 4, '', 15, NULL, NULL, NULL, 1, 1, 2, '2019-06-25 12:10:50', '2019-12-02 02:33:21', NULL),
(241, 'Old El Paso 8 Super Soft Tortillas Corn', 'Old Elpaso 8 Super Soft Tortillas Corn 335 Gm', '<p>Old Elpaso 8 Super Soft Tortillas Corn 335 Gm</p>', '_dsc5809.jpg', 'old-el-paso-8-super-soft-tortillas-corn', '201471', 'in_stock', NULL, '550.00', '0.00', 84, '50', '5', '335', '337', 1, 4, '', 12, NULL, NULL, NULL, 1, 1, 2, '2019-06-25 12:10:50', '2019-09-19 12:06:54', NULL),
(242, 'Pure 3 in 1 Makeup Remover Wipes', 'Pure 3in1 make up remover wipes 25pec', '<p>Pure 3in1 make up remover wipes 25pec</p>', '_dsc5543.jpg', 'pure-3-in-1-makeup-remover-wipes', '865655', 'in_stock', NULL, '315.00', '0.00', 85, '50', '5', '25', '338', 1, 1, '', 12, NULL, NULL, NULL, 1, 1, 2, '2019-06-25 12:10:50', '2019-10-31 15:02:50', NULL),
(243, 'Pure Age Defiance Complete Cleansing Wipes', 'Pure Age Defiance Complete Cleansing Wipes 30 Pcs', '<p>Pure Age Defiance Complete Cleansing Wipes 30 Pcs</p>', '1559113524._dsc5503.jpg', 'pure-age-defiance-complete-cleansing-wipes', '377616', 'in_stock', NULL, '315.00', '0.00', 85, '6', '2', '30', '339', 1, 1, '', 16, NULL, NULL, NULL, 1, 1, 1, '2019-06-25 12:10:50', '2019-12-10 03:53:12', 0),
(244, 'Pure Deep Cleanse Complete', 'Pure deep cleanse complete 25 Wipe', '<p>Pure deep cleanse complete 25 Wipe</p>', '1559113496._dsc5547.jpg', 'pure-deep-cleanse-complete', '228294', 'in_stock', NULL, '315.00', '0.00', 85, '6', '2', '25', '340', 1, 1, '', 13, NULL, NULL, NULL, 1, 1, 2, '2019-06-25 12:10:50', '2019-12-02 02:15:20', 0),
(245, 'Pure Sensitive Complete Cleansing Wipes', 'Pure Sensitive Complete Cleansing Wipes 25 Pcs', '<p>Pure Sensitive Complete Cleansing Wipes 25 Pcs</p>', '1558244180.pure.jpg', 'pure-sensitive-complete-cleansing-wipes', '378556', 'in_stock', NULL, '315.00', '0.00', 85, '5', '2', '25', '341', 1, 1, '', 14, NULL, NULL, NULL, 1, 1, 1, '2019-06-25 12:10:50', '2019-12-10 06:31:25', 0),
(246, 'Pure Exfoliating Cleansing Wipes', 'Pure-Exfoliating Cleansing Wips 25pec', '<p>Pure-Exfoliating Cleansing Wips 25pec</p>', '_dsc5541.jpg', 'pure-exfoliating-cleansing-wipes', '214728', 'in_stock', NULL, '315.00', '0.00', 85, '50', '5', '25', '342', 1, 1, '', 10, NULL, NULL, NULL, 1, 1, 2, '2019-06-25 12:10:50', '2019-10-31 15:02:23', NULL),
(247, 'Kellogg\'s Pop Tarts Chocotastic', 'KELLOGGS POP TARTS CHOCOTASTIC 400GM', '<p>KELLOGGS POP TARTS CHOCOTASTIC 400GM</p>', '1553685300._dsc5382.jpg', 'kelloggs-pop-tarts-chocotastic', '380189', 'in_stock', NULL, '775.00', '0.00', 28, '50', '5', '400', '343', 1, 4, '', 13, NULL, NULL, NULL, 1, 1, 2, '2019-06-25 12:10:50', '2019-09-17 14:49:05', NULL),
(248, 'M&S Earl Grey Tea Bags', 'M&S earl grey teabags 125g', '<p>M&amp;S earl grey teabags 125g</p>', '1553684509._dsc5462.jpg', 'ms-earl-grey-teabags', '973205', 'in_stock', NULL, '435.00', '0.00', 86, '4', '1', '125', '344', 1, 4, '', 40, NULL, NULL, NULL, 1, 1, 1, '2019-06-25 12:10:50', '2019-12-06 21:05:43', NULL),
(249, 'Listerine Original Mouthwash', 'Listerine originial Mouthwash 250ml', '<p>Listerine originial Mouthwash 250ml</p>', '1553683378._dsc5362.jpg', 'listerine-original-mouthwash', '118459', 'in_stock', NULL, '410.00', '0.00', 87, '5', '1', '250', '345', 1, 4, '', 13, NULL, NULL, NULL, 1, 1, 1, '2019-06-25 12:10:50', '2019-12-11 10:57:04', NULL),
(250, 'Carex Complete Original Handwash', 'Carex complete original Handwash 250Ml', '<p>Carex complete original Handwash 250Ml</p>', '_dsc5487.jpg', 'carex-complete-original-handwash', '775990', 'in_stock', NULL, '360.00', '0.00', 53, '50', '5', '250', '346', 1, 6, '', 2, NULL, NULL, NULL, 1, 1, 2, '2019-06-25 12:10:50', '2019-12-02 02:14:15', 0);
INSERT INTO `products` (`id`, `title`, `short_description`, `long_description`, `image`, `slug`, `sku`, `stock_status`, `tax_class`, `regular_price`, `sale_price`, `brand_id`, `product_qty`, `alert_quantity`, `product_weight`, `product_model`, `product_type`, `unit_id`, `image_gallery`, `views`, `seo_title`, `meta_key`, `meta_description`, `created_by`, `modified_by`, `status`, `created_at`, `updated_at`, `is_featured`) VALUES
(251, 'Carex Moisture Hand Wash', 'Carex Moisture Hand Wash 250Ml', '<p>Carex Moisture Hand Wash 250Ml</p>', '_dsc5489.jpg', 'carex-moisture-hand-wash', '330166', 'in_stock', NULL, '375.00', '0.00', 53, '50', '5', '250', '347', 1, 6, '', 6, NULL, NULL, NULL, 1, 1, 1, '2019-06-25 12:10:50', '2019-12-24 01:43:50', 0),
(252, 'Whiskas turkey 7+', 'Whiskas turkey 7+ 85gm', '<p>Whiskas turkey 7+ 85gm</p>', '_dsc5690.jpg', 'whiskas-turkey-7', '773940', 'in_stock', NULL, '95.00', '0.00', 26, '6', '1', '85', '348', 1, 4, '', 32, NULL, NULL, NULL, 1, 1, 1, '2019-06-25 12:10:50', '2019-12-06 20:37:33', NULL),
(253, 'Whiskas Duck 7+', 'Whiskas Duck 7+ 85gm', '<p>Whiskas Duck 7+ 85gm</p>', '_dsc5692.jpg', 'whiskas-duck-7', '473387', 'in_stock', NULL, '95.00', '0.00', 26, '6', '1', '85', '349', 1, 4, '', 29, NULL, NULL, NULL, 1, 1, 1, '2019-06-25 12:10:50', '2019-12-06 20:37:06', NULL),
(255, 'Whiskas poultry 7+', 'Whiskas poultry 7+ 85gm', '<p>Whiskas poultry 7+ 85gm</p>', '_dsc5696.jpg', 'whiskas-poultry-7', '141755', 'in_stock', NULL, '95.00', '0.00', 26, '6', '1', '85', '351', 1, 4, '', 28, NULL, NULL, NULL, 1, 1, 1, '2019-06-25 12:10:50', '2019-12-08 20:17:08', NULL),
(256, 'Whiskas Coley 1+', 'Whiskas coley 1+ 85gm', '<p>Whiskas coley 1+ 85gm</p>', '_dsc5714.jpg', 'whiskas-coley-1', '699290', 'in_stock', NULL, '95.00', '0.00', 26, '3', '1', '85', '352', 1, 4, '', 31, NULL, NULL, NULL, 1, 1, 1, '2019-06-25 12:10:50', '2019-12-08 20:17:07', NULL),
(257, 'Hubba bubba seriously original 35gm', 'Hubba bubba seriously original 35gm', '<p>Hubba bubba seriously original 35gm</p>', '1558239801.new7.jpg', 'hubba-bubba-seriously-original-35gm-1', '973377', 'in_stock', NULL, '150.00', '0.00', 30, '50', '5', '35', '353', 1, 4, '', 0, NULL, NULL, NULL, 1, 1, 2, '2019-06-25 12:10:50', '2019-09-06 03:47:36', NULL),
(258, 'Maggi big ayam', 'Maggi big ayam', '<p>Maggi big ayam</p>', '_dsc5783.jpg', 'maggi-big-ayam', '756426', 'in_stock', NULL, '0.00', '0.00', 88, '50', '5', '0', '354', 1, 2, '', 1, NULL, NULL, NULL, 1, 1, 2, '2019-06-25 12:10:50', '2019-09-18 14:27:27', NULL),
(260, 'Maggi Big Kari', 'Maggi big kari', '<p>Maggi big kari</p>', '_dsc5785.jpg', 'maggi-big-kari', '586512', 'in_stock', NULL, '0.00', '0.00', 88, '50', '5', '0', '355', 1, 2, '', 0, NULL, NULL, NULL, 1, 1, 2, '2019-06-25 12:10:50', '2019-09-18 14:27:11', NULL),
(262, 'Maggi perencah kari', 'Maggi perencah kari', '<p>Maggi perencah kari</p>', '_dsc5787.jpg', 'maggi-perencah-kari', '642979', 'in_stock', NULL, '0.00', '0.00', 88, '50', '5', '0', '356', 1, 2, '', 0, NULL, NULL, NULL, 1, 1, 2, '2019-06-25 12:10:50', '2019-09-18 14:26:54', NULL),
(264, 'Quaker honey nut oat cookies', 'Quaker honey nut oat cookies 270gm', '<p>Quaker honey nut oat cookies 270gm</p>', '1555400524._dsc5791.jpg', 'quaker-honey-nut-oat-cookies', '587493', 'in_stock', NULL, '0.00', '0.00', 4, '49', '5', '270', '357', 1, 4, '', 4, NULL, NULL, NULL, 1, 1, 2, '2019-06-25 12:10:50', '2019-11-29 17:31:19', 0),
(266, 'Dettol power & fresh sparkling Anti Bacterial 32 large wipes', 'Dettol power & fresh sparkling Anti Bacterial 32 large wipes', '<p>Dettol power &amp; fresh sparkling Anti Bacterial 32 large wipes</p>', '_dsc5814.jpg', 'dettol-power-fresh-sparkling-anti-bacterial-32-large-wipes', '444817', 'in_stock', NULL, '0.00', '0.00', 47, '50', '5', '0', '359', 1, 2, '', 0, NULL, NULL, NULL, 1, 1, 2, '2019-06-25 12:10:50', '2019-09-26 17:44:01', NULL),
(268, 'Hersheys kisses creamy milk chocolate', 'Hersheys kisses creamy milk chocolate', '<p>Hersheys kisses creamy milk chocolate</p>', '_dsc5840.jpg', 'hersheys-kisses-creamy-milk-chocolate', '485377', 'in_stock', NULL, '0.00', '0.00', 89, '50', '5', '0', '360', 1, 2, '', 0, NULL, NULL, NULL, 1, 1, 3, '2019-06-25 12:10:50', '2019-10-31 14:29:13', NULL),
(270, 'Knorr Hot & Sour Soup Mix', 'knorr hot and sour soup mix 62gm', '<p>knorr hot and sour soup mix 62gm</p>', '_dsc5842.jpg', 'knorr-hot-sour-soup-mix', '334543', 'in_stock', NULL, '0.00', '0.00', 90, '50', '5', '62', '361', 1, 2, '', 13, NULL, NULL, NULL, 1, 1, 3, '2019-06-25 12:10:50', '2019-11-03 04:55:37', NULL),
(272, 'Kinder Bueno mini 16 piece', 'Kinder Bueno mini 16 piece', '<p>Kinder Bueno mini 16 piece</p>', '_dsc5860.jpg', 'kinder-bueno-mini-16-piece', '984679', 'in_stock', NULL, '0.00', '0.00', 38, '50', '5', '0', '362', 1, 2, '', 0, NULL, NULL, NULL, 1, 1, 2, '2019-06-25 12:10:50', '2019-09-17 17:17:04', NULL),
(274, 'kopiko coffeeshot cappuccino', 'kopiko coffeeshot cappuccino', '<p>kopiko coffeeshot cappuccino</p>', '1553679387._dsc5862.jpg', 'kopiko-coffeeshot-cappuccino', '536841', 'in_stock', NULL, '0.00', '0.00', 91, '50', '5', '0', '363', 1, 4, '', 31, NULL, NULL, NULL, 1, 1, 2, '2019-06-25 12:10:50', '2019-09-25 13:34:53', NULL),
(277, 'Kopiko Real Coffee Candy Sugar Free', 'kopiko Real coffee candy sugar free', '<p>kopiko Real coffee candy sugar free</p>', '_dsc5868.jpg', 'kopiko-real-coffee-candy-sugar-free', '359610', 'in_stock', NULL, '250.00', '0.00', 91, '6', '2', '75', '365', 1, 2, '', 2, NULL, NULL, NULL, 1, 1, 2, '2019-06-25 12:10:50', '2019-12-02 02:31:55', NULL),
(279, 'Mentos chewy dragees fruit flavor', 'Mentos chewy dragees fruit flavor', '<p>Mentos chewy dragees fruit flavor</p>', '_dsc5870.jpg', 'mentos-chewy-dragees-fruit-flavor', '416065', 'in_stock', NULL, '190.00', '0.00', 31, '12', '2', '97', '366', 1, 2, '', 1, NULL, NULL, NULL, 1, 1, 2, '2019-06-25 12:10:50', '2019-09-17 17:15:17', NULL),
(281, 'Nescafe Café Menu Toffee Nut Latte ( 8 Sace)', 'Nescafe gold creamy latte 396g', '<p>Nescafe gold creamy latte 396g</p>', '_dsc5873.jpg', 'nescafe-cafe-menu-toffee-nut-latte', '468040', 'in_stock', NULL, '550.00', '0.00', 52, '44', '5', '396', '367', 1, 4, '', 13, NULL, NULL, NULL, 1, 1, 2, '2019-06-25 12:10:50', '2019-11-20 13:17:29', 0),
(285, 'Lipton teh tarik milk tea latte', 'Lipton teh tarik milk tea latte', '<p>Lipton teh tarik milk tea latte</p>', '_dsc5880.jpg', 'lipton-teh-tarik-milk-tea-latte', '449887', 'in_stock', NULL, '675.00', '0.00', 92, '6', '2', '252', '370', 1, 2, '', 14, NULL, NULL, NULL, 1, 1, 2, '2019-06-25 12:10:50', '2019-11-27 18:59:11', NULL),
(287, 'Hersheys kitchens semi-sweet chocolate chips', 'Hersheys kitchens semi-sweet chocolate chips', '<p>Hersheys kitchens semi-sweet chocolate chips</p>', '1553678611._dsc5890.jpg', 'hersheys-kitchens-semi-sweet-chocolate-chips', '891811', 'in_stock', NULL, '0.00', '0.00', 89, '50', '5', '0', '371', 1, 4, '', 16, NULL, NULL, NULL, 1, 1, 3, '2019-06-25 12:10:50', '2019-10-31 14:28:57', NULL),
(289, 'Hersheys kitchen milk chocolate chips', 'Hersheys kitchen milk chocolate chips', '<p>Hersheys kitchen milk chocolate chips</p>', '_dsc5893.jpg', 'hersheys-kitchen-milk-chocolate-chips', '704867', 'in_stock', NULL, '0.00', '0.00', 89, '50', '5', '0', '372', 1, 2, '', 12, NULL, NULL, NULL, 1, 1, 3, '2019-06-25 12:10:50', '2019-10-31 14:28:37', NULL),
(291, 'Lipton yellow label tea', 'Lipton yellow label tea', '<p>Lipton yellow label tea</p>', '_dsc5901.jpg', 'lipton-yellow-label-tea', '532452', 'in_stock', NULL, '400.00', '0.00', 92, '3', '1', '100', '373', 1, 2, '', 20, NULL, NULL, NULL, 1, 1, 1, '2019-06-25 12:10:50', '2019-12-26 02:38:43', NULL),
(294, 'Domestos 3 in 1 Power Pine Micro Particles', 'Domestos 3 in 1 power pine MICRO PARTICLES 40 gm', '<p>Domestos 3 in 1 power pine MICRO PARTICLES 40 gm</p>', '_dsc5972.jpg', 'domestos-3-in-1-power-pine-micro-particles', '709609', 'in_stock', NULL, '340.00', '0.00', 72, '6', '1', '40', '375', 1, 4, '', 47, NULL, NULL, NULL, 1, 1, 1, '2019-06-25 12:10:50', '2019-12-10 23:57:09', NULL),
(300, 'Listerine Cool Mint 72 Strips', 'Listerine-Cool Mint 72 Strips', '<p>Listerine-Cool Mint 72 Strips</p>', '_dsc5631.jpg', 'listerine-cool-mint-72-strips', '272887', 'in_stock', NULL, '625.00', '0.00', 62, '50', '5', '0', '254', 1, 4, '', 0, NULL, NULL, NULL, 1, 1, 2, '2019-06-25 12:10:50', '2019-09-27 18:27:23', NULL),
(303, 'Feroglobin Liquid Vitabotics Haemoglobin & Red Blood Cells', 'Feroglobin liquid vitabiotics haemoglobin &red blood cells 200ml', '<p>Feroglobin liquid vitabiotics haemoglobin &amp;red blood cells 200ml</p>', '1555312779._dsc6023.jpg', 'feroglobin-liquid-vitabiotics-haemoglobin-red-blood-cells-200ml', '495807', 'in_stock', NULL, '760.00', '0.00', 94, '6', '2', '200', NULL, 1, 4, '', 22, NULL, NULL, NULL, 1, 1, 1, '2019-06-25 12:10:50', '2019-12-12 02:41:10', NULL),
(312, 'Tesco filled chocolate chips cookies', 'Tesco filled chocolate chips cookies 200gm', '<p>Tesco filled chocolate chips cookies 200gm</p>', '1555318043._dsc6246.jpg', 'tesco-filled-chocolate-chips-cookies-200gm', '306693', 'in_stock', NULL, '395.00', '0.00', 2, '2', '1', '200', NULL, 1, 4, '', 15, NULL, NULL, NULL, 1, 1, 3, '2019-06-25 12:10:51', '2019-09-17 16:38:36', NULL),
(317, 'Dr. Oetker Fairy Princess', 'Dr. Oetker Fairy Princess 77gm', '<p>Dr. Oetker Fairy Princess 77gm</p>', '1555318500._dsc6104.jpg', 'dr-oetker-fairy-princess', '849513', 'in_stock', NULL, '495.00', '0.00', 34, '3', '1', '77', NULL, 1, 4, '', 8, NULL, NULL, NULL, 1, 1, 1, '2019-06-25 12:10:51', '2019-12-14 05:24:10', NULL),
(318, 'Dr. Oetker super hero', 'Dr. Oetker super hero 76gm', '<p>Dr. Oetker super hero 76gm</p>', '1555318601._dsc6074.jpg', 'dr-oetker-super-hero', '949743', 'in_stock', NULL, '565.00', '0.00', 34, '8', '0', '76', NULL, 1, 4, '', 32, NULL, NULL, NULL, 1, 1, 1, '2019-06-25 12:10:51', '2019-12-11 22:29:30', NULL),
(320, 'Tic Tac Fresh Mint', 'Tic Tac Fresh mint 4x18      72gm', '<p>Tic Tac Fresh mint 4x18 &nbsp; &nbsp; &nbsp;72gm</p>', '1555319721._dsc6200.jpg', 'tic-tac-fresh-mint', '115402', 'in_stock', NULL, '280.00', '0.00', 100, '1', '1', '72', NULL, 1, 4, '', 0, NULL, NULL, NULL, 1, 1, 2, '2019-06-25 12:10:51', '2019-09-17 17:48:38', NULL),
(321, 'Trident Spearmint', 'Trident Spearmint 27gm', '<p>Trident Spearmint 27gm</p>', 'trident-spearmint.gif', 'trident-spearmint', '314729', 'in_stock', NULL, '225.00', '0.00', 33, '12', '2', '27', NULL, 1, 4, '', 3, NULL, NULL, NULL, 1, 1, 1, '2019-06-25 12:10:51', '2019-12-23 20:33:14', 0),
(322, 'Trident Tropical Twist', 'Trident tropical twist 27gm', '<p>Trident tropical twist 27gm</p>', 'trident-tropical.gif', 'trident-tropical-twist', '442870', 'in_stock', NULL, '225.00', '0.00', 33, '12', '2', '27', NULL, 1, 4, '', 3, NULL, NULL, NULL, 1, 1, 1, '2019-06-25 12:10:51', '2019-12-23 20:30:56', 0),
(323, 'Wrigleys Extra White Bubblemint 5 Pack', 'Wrigleys extra white bubblemint 5pack  70gm ', '<p>Wrigleys extra white bubblemint 5pack &nbsp;70gm&nbsp;</p>', '1555319926._dsc6056.jpg', 'wrigleys-extra-white-bubblemint-5-pack', '625461', 'in_stock', NULL, '415.00', '0.00', 101, '5', '1', '70', NULL, 1, 4, '', 72, NULL, NULL, NULL, 1, 1, 1, '2019-06-25 12:10:51', '2019-12-23 21:50:08', NULL),
(324, 'Daim 3 Pack', 'Daim 3 Pack (84gm)', '<p>Daim 3 Pack (84gm)</p>', '1555320021._dsc6203.jpg', 'daim-3-pack', '837761', 'in_stock', NULL, '275.00', '0.00', 102, '18', '2', '84', NULL, 1, 4, '', 14, NULL, NULL, NULL, 1, 1, 2, '2019-06-25 12:10:51', '2019-09-17 16:42:49', NULL),
(325, 'Nescafe caf?? menu toffee nut latte 8sace 156gm', '', '', '1555320154._dsc6081.jpg', 'nescafe-caf-menu-toffee-nut-latte-8sace-156gm', '908383', 'in_stock', '', '550.00', '0.00', 52, '100', '5', '156', '', 1, 4, '', 30, '', '', '', 1, NULL, 2, '2019-06-25 12:10:51', '2019-09-25 13:36:04', NULL),
(326, 'Boots Cucumber Moisturizing Cream', ' Boots  cucumber moisturing cream 100ml ', '<p>&nbsp;Boots &nbsp;cucumber moisturing cream 100ml&nbsp;</p>', '1555320358._dsc6288.jpg', 'boots-cucumber-moisturizing-cream', '860644', 'in_stock', NULL, '360.00', '0.00', 35, '4', '2', '100', NULL, 1, 4, '', 5, NULL, NULL, NULL, 1, 1, 1, '2019-06-25 12:10:51', '2019-12-27 19:41:08', 0),
(327, 'Boots Essential Cucumber Eye Gel', 'Boots essential cucumber eye gel bright  15ml ', '<p>Boots essential cucumber eye gel bright &nbsp;15ml&nbsp;</p>', '1555320423._dsc6415.jpg', 'boots-essential-cucumber-eye-gel', '108877', 'in_stock', NULL, '200.00', '0.00', 95, '16', '2', '15', NULL, 1, 4, '', 10, NULL, NULL, NULL, 1, 1, 2, '2019-06-25 12:10:51', '2019-09-26 17:42:04', NULL),
(328, 'Boots Tea Tree Witch Hazel Night Treatment Gel', 'Boots tea tree witch hazel nigrt Treatment gel 75ml', '<p>Boots tea tree witch hazel nigrt Treatment gel 75ml</p>', '1555320491._dsc6352.jpg', 'boots-tea-tree-witch-hazel-night-treatment-gel', '579208', 'in_stock', NULL, '615.00', '0.00', 35, '6', '2', '75', NULL, 1, 4, '', 16, NULL, NULL, NULL, 1, 1, 1, '2019-06-25 12:10:51', '2019-12-15 22:19:10', 0),
(329, 'Boots Essential Cucumber Face Wash', 'Boots essential Cucumber Facial Wash 150ml', '<p>Boots essential Cucumber Facial Wash 150ml</p>', '1555320663._dsc6110.jpg', 'boots-essential-cucumber-face-wash', '140064', 'in_stock', NULL, '360.00', '0.00', 95, '100', '5', '150', NULL, 1, 4, '', 17, NULL, NULL, NULL, 1, 1, 1, '2019-06-25 12:10:51', '2019-12-12 03:00:54', 0),
(330, 'Boots Tea Tree Witch Hezel With Active Charcoal Facial Wash', 'Boots tea tree witch hazel with active charcol Facial WASH 150ml ', '<p>Boots tea tree witch hazel with active charcol Facial WASH 150ml&nbsp;</p>', '1555320744._dsc6019.jpg', 'boots-tea-tree-witch-hezel-with-active-charcoal-facial-wash', '325068', 'in_stock', NULL, '735.00', '0.00', 95, '31', '5', '150', NULL, 1, 4, '', 12, NULL, NULL, NULL, 1, 1, 2, '2019-06-25 12:10:51', '2019-10-22 17:33:56', NULL),
(331, 'Boots Smile Dental Floss Freshmint', 'Boots smile dental floss freshmint 50ml ', '<p>Boots smile dental floss freshmint 50ml&nbsp;</p>', '1555320844._dsc6078.jpg', 'boots-smile-dental-floss-freshmint', '909124', 'in_stock', NULL, '400.00', '0.00', 95, '100', '5', '50', NULL, 1, 4, '', 0, NULL, NULL, NULL, 1, 1, 2, '2019-06-25 12:10:51', '2019-09-27 18:27:11', NULL),
(332, 'Vaseline Hand Cream Antibac', 'Vaseline hand cream antibac 75ml ', '<p>Vaseline hand cream antibac 75ml&nbsp;</p>', '1555321133._dsc6396.jpg', 'vaseline-hand-cream-antibac', '107808', 'in_stock', NULL, '565.00', '0.00', 103, '6', '5', '75', NULL, 1, 4, '', 21, NULL, NULL, NULL, 1, 1, 1, '2019-06-25 12:10:51', '2019-12-15 22:20:53', 0),
(334, 'Cussons mum & me hand gel 50ml', 'Cussons mum & me hand gel 50ml', '<p>Cussons mum &amp; me hand gel 50ml</p>', '1555321218._dsc6355.jpg', 'cussons-mum-me-hand-gel-50ml', '138038', 'in_stock', NULL, '190.00', '0.00', 95, '96', '0', '50', NULL, 1, 4, '', 43, NULL, NULL, NULL, 1, 1, 2, '2019-06-25 12:10:51', '2019-09-26 17:41:15', NULL),
(337, 'Heinz Yellow Mustard Honey', 'Heinz yellow mustard honey 240gm', '<p>Heinz yellow mustard honey 240gm</p>', '1555321502._dsc6050.jpg', 'heinz-yellow-mustard-honey', '679514', 'in_stock', NULL, '435.00', '0.00', 89, '4', '2', '240', NULL, 1, 4, '', 1, NULL, NULL, NULL, 1, 1, 2, '2019-06-25 12:10:51', '2019-12-02 02:33:41', NULL),
(338, 'Penn State Pretzels Original Sea Salt', 'Penn state Pretzels Original Sea Sal 175G', '<p>Penn state Pretzels Original Sea Sal 175G</p>', '1555321633._dsc6216.jpg', 'penn-state-pretzels-original-sea-salt', '343709', 'in_stock', NULL, '465.00', '0.00', 69, '6', '2', '175', NULL, 1, 4, '', 5, NULL, NULL, NULL, 1, 1, 1, '2019-06-25 12:10:51', '2019-12-10 16:01:30', NULL),
(339, 'Merchant Gourmet British Quinoa & Wholegrain Rice', 'Marchant Gourment British Quino & Wholegrain Rice 250gm', '<p>Merchant Gourmet British Quinoa &amp; Wholegrain Rice</p>', '1555322164._dsc5998.jpg', 'merchant-gourmet-british-quinoa-wholegrain-rice', '519465', 'in_stock', NULL, '575.00', '0.00', 104, '5', '2', '250', NULL, 1, 4, '', 2, NULL, NULL, NULL, 1, 1, 1, '2019-06-25 12:10:51', '2019-12-11 10:12:37', 0),
(341, 'Sainsbury\'s Quinoa', 'Sainsbury\'s Quinoa 300 gm', '<p>Sainsbury&#39;s Quinoa 300 gm</p>', '1555322231._dsc6223.jpg', 'sainsburys-quinoa', '703532', 'in_stock', NULL, '595.00', '0.00', 105, '100', '5', '300', NULL, 1, 4, '', 9, NULL, NULL, NULL, 1, 1, 2, '2019-06-25 12:10:51', '2019-09-11 11:57:33', NULL),
(344, 'Snack A Jacks Cheese', 'Snack a jacks cheese cakes 120 gm', '<p>Snack a jacks cheese cakes 120 gm</p>', '1555322500._dsc6186.jpg', 'snack-a-jacks-cheese', '720479', 'in_stock', NULL, '440.00', '0.00', 95, '100', '5', '120', NULL, 1, 4, '', 1, NULL, NULL, NULL, 1, 1, 2, '2019-06-25 12:10:51', '2019-09-17 15:34:03', NULL),
(348, 'Hellman\'s Garlic Chilli Sauce', 'Hellmanns garlic chilli sauce 256gm', '<p>Hellmanns garlic chilli sauce 256gm</p>', '1555322761._dsc6004.jpg', 'hellmans-garlic-chilli-sauce', '846426', 'in_stock', NULL, '475.00', '0.00', 75, '3', '1', '256', NULL, 1, 4, '', 3, NULL, NULL, NULL, 1, 1, 1, '2019-06-25 12:10:51', '2019-12-11 16:40:11', NULL),
(349, 'Nando\'s Coat & Cook Peri-Peri Chicken Lemon & Herb', 'Nandos coat\'n cook peri-peri chicken lemon & herb 120 gm', '<p>Nandos coat&#39;n cook peri-peri chicken lemon &amp; herb 120 gm</p>', '1555322818._dsc6094.jpg', 'nandos-coat-cook-peri-peri-chicken-lemon-herb', '718568', 'in_stock', NULL, '305.00', '0.00', 76, '3', '1', '120', NULL, 1, 4, '', 0, NULL, NULL, NULL, 1, 1, 1, '2019-06-25 12:10:51', '2019-10-31 14:18:30', NULL),
(350, 'Nando\'s Coat & Cook Peri-Peri Medium', 'Nandos coat\'n cook peri-peri medium  120 gm', '<p>Nandos coat&#39;n cook peri-peri medium &nbsp;120 gm</p>', '1555322874._dsc6026.jpg', 'nandos-coat-cook-peri-peri-medium', '176806', 'in_stock', NULL, '305.00', '0.00', 76, '5', '1', '120', NULL, 1, 4, '', 0, NULL, NULL, NULL, 1, 1, 1, '2019-06-25 12:10:51', '2019-10-31 14:18:06', NULL),
(352, 'Kiwi Polishing Brush', 'Kiwi Polishing Brush ', '<p>Kiwi Polishing Brush&nbsp;</p>', '1555323074._dsc6408.jpg', 'kiwi-polishing-brush', '641602', 'in_stock', NULL, '495.00', '0.00', 106, '6', '1', '50', NULL, 1, 4, '', 54, NULL, NULL, NULL, 1, 1, 1, '2019-06-25 12:10:51', '2019-12-10 15:39:00', NULL),
(353, 'Kiwi Shoe Polish Black', 'Kiwi Shoe Polish black 50ml', '<p>Kiwi Shoe Polish black 50ml</p>', '1555323178._dsc6403.jpg', 'kiwi-shoe-polish-black', '652632', 'in_stock', NULL, '250.00', '0.00', 106, '35', '5', '50', NULL, 1, 4, '', 47, NULL, NULL, NULL, 1, 1, 1, '2019-06-25 12:10:51', '2019-12-10 15:41:00', NULL),
(354, 'Sesame Snaps Yogurt', 'Sesame Snaps yogurt 120gm', '<p>Sesame Snaps yogurt 120gm</p>', '1555323342._dsc6213.jpg', 'sesame-snaps-yogurt', '385868', 'in_stock', NULL, '225.00', '0.00', 81, '6', '2', '120', NULL, 1, 4, '', 5, NULL, NULL, NULL, 1, 1, 1, '2019-06-25 12:10:51', '2019-12-12 02:54:50', NULL),
(355, 'Knorr Broccoli & Stilton Soup', 'Knorr Broccoli & Stilton soup 60 Gm', '<p>Knorr Broccoli &amp; Stilton soup 60 Gm</p>', '1555323600._dsc6230.jpg', 'knorr-broccoli-stilton-soup', '535640', 'in_stock', NULL, '180.00', '0.00', 90, '57', '5', '60', NULL, 1, 4, '', 26, NULL, NULL, NULL, 1, 1, 1, '2019-06-25 12:10:51', '2019-12-27 19:38:49', 0),
(356, 'Knorr Minestrone Soup', 'Knorr Minestrone Soup 62 gm', '<p>Knorr Minestrone Soup 62 gm</p>', '1555323673._dsc6226.jpg', 'knorr-minestrone-soup', '367267', 'in_stock', NULL, '150.00', '0.00', 90, '6', '2', '62', NULL, 1, 4, '', 22, NULL, NULL, NULL, 1, 1, 1, '2019-06-25 12:10:51', '2019-12-10 11:12:07', NULL),
(357, 'Tesco Organic Whole Wheat Fusilli', 'Tesco organic whole wheat fusilli 500gm ', '<p>Tesco organic whole wheat fusilli 500gm&nbsp;</p>', '1555323860._dsc6175.jpg', 'tesco-organic-whole-wheat-fusilli', '189359', 'in_stock', NULL, '500.00', '0.00', 2, '18', '5', '500', NULL, 1, 4, '', 4, NULL, NULL, NULL, 1, 1, 2, '2019-06-25 12:10:51', '2019-09-18 14:26:40', NULL),
(358, 'Nando\'s Coat &  Cook Peri Peri Chicken Hot', 'Nandos coatn cook peri peri chicken hot  120gm ', '<p>Nandos coatn cook peri peri chicken hot &nbsp;120gm&nbsp;</p>', '1555323957._dsc6031.jpg', 'nandos-coat-cook-peri-peri-chicken-hot', '160084', 'in_stock', NULL, '305.00', '0.00', 76, '6', '2', '120', NULL, 1, 4, '', 6, NULL, NULL, NULL, 1, 1, 1, '2019-06-25 12:10:51', '2019-12-11 18:53:50', NULL),
(359, 'Nando\'s Coat & Cook Peri Peri Chicken Mango & Lime', 'Nandos coatn cook peri peri chicken mango & lime 120gm ', '<p>Nandos coatn cook peri peri chicken mango &amp; lime 120gm&nbsp;</p>', '1555324015._dsc6029.jpg', 'nandos-coat-cook-peri-peri-chicken-mango-lime', '725234', 'in_stock', NULL, '305.00', '0.00', 76, '6', '2', '120', NULL, 1, 4, '', 0, NULL, NULL, NULL, 1, 1, 1, '2019-06-25 12:10:51', '2019-10-31 14:21:46', NULL),
(360, 'Nando\'s Peri Peri Rub Medium', 'Nandos Garlic Peri Peri Rub Medium 25gm', '<p>Nandos Garlic Peri Peri Rub Medium 25gm</p>', '1555324092._dsc6123.jpg', 'nandos-peri-peri-rub-medium', '805162', 'in_stock', NULL, '220.00', '0.00', 76, '6', '2', '25', NULL, 1, 4, '', 0, NULL, NULL, NULL, 1, 1, 1, '2019-06-25 12:10:51', '2019-09-23 16:51:04', NULL),
(361, 'Nando\'s Lemon & Herb Peri Peri Rub Extra Mild', 'Nandos Lemon & herb peri peri rub extra mild  25 gm', '<p>Nandos Lemon &amp; herb peri peri rub extra mild &nbsp;25 gm</p>', '1555324174._dsc6136.jpg', 'nandos-lemon-herb-peri-peri-rub-extra-mild', '163547', 'in_stock', NULL, '220.00', '0.00', 76, '4', '1', '25', NULL, 1, 4, '', 0, NULL, NULL, NULL, 1, 1, 1, '2019-06-25 12:10:51', '2019-09-23 16:47:49', NULL),
(363, 'Nando\'s Peri Peri Rub Hot', 'Nandos Peri Peri Rub Hot 25gm', '<p>Nandos Peri Peri Rub Hot 25gm</p>', '1555324367._dsc6113.jpg', 'nandos-peri-peri-rub-hot', '681502', 'in_stock', NULL, '220.00', '0.00', 76, '6', '2', '25', NULL, 1, 4, '', 3, NULL, NULL, NULL, 1, 1, 1, '2019-06-25 12:10:51', '2019-12-11 18:53:43', NULL),
(365, 'Tesco Stevia Sweet Low Calorie', 'Tesco stevia sweet low calorie 75', '<p>Tesco stevia sweet low calorie 75</p>', '1555324565._dsc6265.jpg', 'tesco-stevia-sweet-low-calorie', '565059', 'in_stock', NULL, '525.00', '0.00', 2, '1', '1', '75', NULL, 1, 4, '', 5, NULL, NULL, NULL, 1, 1, 2, '2019-06-25 12:10:51', '2019-09-19 15:18:11', NULL),
(367, 'Old El Paso Taco Shells 12', 'Old El Paso Taco Shells 12 Crunchy Taco Shells 156 Gm', '<p>Old El Paso Taco Shells 12 Crunchy Taco Shells 156 Gm</p>', '1555325246._dsc6053.jpg', 'old-el-paso-taco-shells-12', '284931', 'in_stock', NULL, '350.00', '0.00', 108, '100', '5', '156', NULL, 1, 4, '', 1, NULL, NULL, NULL, 1, 1, 3, '2019-06-25 12:10:51', '2019-09-19 12:11:04', NULL),
(368, 'Aquafresh Milk Teeth 0-2 Years Toothpaste', 'Aquafresh Milk Teeth 0-2 years Toothpaste', '<p>Aquafresh Milk Teeth 0-2 years <span style=\"color:rgb(0, 0, 0); font-family:docs-calibri; font-size:15px\">Toothpaste</span></p>', '1555325447._dsc6372.jpg', 'aquafresh-milk-teeth-0-2-years-toothpaste', '469330', 'in_stock', NULL, '315.00', '0.00', 109, '6', '2', '1', NULL, 1, 4, '', 2, NULL, NULL, NULL, 1, 1, 1, '2019-06-25 12:10:51', '2019-12-12 16:51:17', NULL),
(369, 'Aquafresh My Big Teeth 6-8 Years Toothpaste', 'Aquafresh my big Teeth 6-8 years Toothbrush', '<p>Aquafresh my big Teeth 6-8 years Toothbrush</p>', '1555325519._dsc6345.jpg', 'aquafresh-my-big-teeth-6-8-years-toothpaste', '771785', 'in_stock', NULL, '250.00', '0.00', 109, '3', '1', '50', NULL, 1, 6, '', 2, NULL, NULL, NULL, 1, 1, 1, '2019-06-25 12:10:51', '2019-12-12 02:55:39', NULL),
(370, 'Oral B Pulsar Vibrating Toothbrush', 'Oral-B Pulsar Vibrating Toothbrush', '<p>Oral-B Pulsar Vibrating Toothbrush</p>', '1555325613._dsc6242.jpg', 'oral-b-pulsar-vibrating-toothbrush', '845159', 'in_stock', NULL, '630.00', '0.00', 110, '3', '1', '1', NULL, 1, 4, '', 3, NULL, NULL, NULL, 1, 1, 1, '2019-06-25 12:10:51', '2019-12-12 02:59:07', NULL),
(371, 'Aquafresh Whitening Complete Care Toothpaste', 'Aquafresh whitiening complete care toothpaste 100ml ', '<p>Aquafresh whitiening complete care toothpaste 100ml&nbsp;</p>', '1555325696._dsc6332.jpg', 'aquafresh-whitening-complete-care-toothpaste', '795712', 'in_stock', NULL, '375.00', '0.00', 109, '6', '2', '100', NULL, 1, 4, '', 2, NULL, NULL, NULL, 1, 1, 1, '2019-06-25 12:10:51', '2019-12-11 10:55:50', NULL),
(372, 'Aquafresh Little Teeth 3-5 Years Toothpaste', 'Aquafresh little Teeth 3-5 years Tootpaste 75ml', '<p>Aquafresh little Teeth 3-5 years Tootpaste 75ml</p>', '1555325812._dsc6337.jpg', 'aquafresh-little-teeth-3-5-years-toothpaste', '921290', 'in_stock', NULL, '345.00', '0.00', 109, '6', '2', '75', NULL, 1, 4, '', 0, NULL, NULL, NULL, 1, 1, 2, '2019-06-25 12:10:51', '2019-12-02 02:15:42', NULL),
(374, 'Colgate Cool Stripe Toothpaste Pump', 'Colgate Cool stripe toothpast Pump 100ml', '<p>Colgate Cool stripe toothpast Pump 100ml</p>', '1555326151._dsc6292.jpg', 'colgate-cool-stripe-toothpaste-pump', '249336', 'in_stock', NULL, '525.00', '0.00', 111, '6', '2', '100', NULL, 1, 4, '', 2, NULL, NULL, NULL, 1, 1, 1, '2019-06-25 12:10:51', '2019-12-11 11:00:23', NULL),
(375, 'Sensodyne Daily Care Gentle Whitening', 'Sensodyne daily care  Gantle Whitening 75ml', '<p>Sensodyne daily care &nbsp;Gantle Whitening 75ml</p>', '1555326383._dsc6367.jpg', 'sensodyne-daily-care-gentle-whitening', '929061', 'in_stock', NULL, '450.00', '0.00', 112, '4', '5', '75', NULL, 1, 6, '', 2, NULL, NULL, NULL, 1, 1, 1, '2019-06-25 12:10:51', '2019-12-12 16:46:02', NULL),
(376, 'Sensodyne Daily Care Original', 'Sensodyne Daily Care Original 75Ml', '<p>Sensodyne Daily Care Original 75Ml</p>', '1555326514._dsc6342.jpg', 'sensodyne-daily-care-original', '943158', 'in_stock', NULL, '400.00', '0.00', 112, '8', '5', '75', NULL, 1, 6, '', 0, NULL, NULL, NULL, 1, 1, 2, '2019-06-25 12:10:51', '2019-11-04 14:21:52', NULL),
(377, 'Sensodyne Repair & Protect Whitening Toothpaste', 'Sensodyne Repair & Protect whitening toothpaste 75ml', '<p>Sensodyne Repair &amp; Protect whitening toothpaste 75ml</p>', '1555326570._dsc6329.jpg', 'sensodyne-repair-protect-whitening-toothpaste', '964193', 'in_stock', NULL, '515.00', '0.00', 95, '4', '1', '75', NULL, 1, 6, '', 2, NULL, NULL, NULL, 1, 1, 1, '2019-06-25 12:10:51', '2019-12-12 16:34:18', NULL),
(378, 'Sensodyne Pronamel Toothpaste (6 to 12 Years)', 'Sensodyne-Pronamel  6-12 Years 50 Ml Toothpaste', '<p>Sensodyne-Pronamel &nbsp;6-12 Years 50 Ml Toothpaste</p>', 'sensodyne-pronamel.gif', 'sensodyne-pronamel-toothpaste', '362161', 'in_stock', NULL, '380.00', '0.00', 112, '6', '2', '50', NULL, 1, 6, '', 3, NULL, NULL, NULL, 1, 1, 1, '2019-06-25 12:10:51', '2019-12-11 10:58:57', NULL),
(379, 'Nescafe Gold Latte', 'Nescafe  gold latte', '<p>Nescafe &nbsp;gold latte</p>', '1555326735._dsc6012.jpg', 'nescafe-gold-latte', '273894', 'in_stock', NULL, '500.00', '0.00', 52, '6', '2', '300', NULL, 1, 4, '', 41, NULL, NULL, NULL, 1, 1, 1, '2019-06-25 12:10:51', '2019-12-12 02:54:41', NULL),
(380, 'Nescafe Gold Cappuccino', 'Nescafe  gold cappuccino', '<p>Nescafe &nbsp;gold cappuccino</p>', '1555327194._dsc6035.jpg', 'nescafe-gold-cappuccino', '662651', 'in_stock', NULL, '550.00', '0.00', 52, '100', '5', '500', NULL, 1, 4, '', 42, NULL, NULL, NULL, 1, 1, 1, '2019-06-25 12:10:51', '2019-12-06 20:44:40', NULL),
(382, 'Boots Cucumber Facial Wash', 'Boots  cucumber facial wash', '<p>Boots &nbsp;cucumber facial wash</p>', 'cucumber-face-wash.gif', 'boots-cucumber-facial-wash', '763632', 'in_stock', NULL, '250.00', '0.00', 35, '6', '1', '100', NULL, 1, 4, '', 43, NULL, NULL, NULL, 1, 1, 3, '2019-06-25 12:10:51', '2019-11-20 10:48:29', 0),
(383, 'Loreal Men Expert', 'loreal  men expart', '<p>loreal &nbsp;men expart</p>', '1558247027.new24.jpg', 'loreal-men-expert', '252849', 'in_stock', NULL, '580.00', '0.00', 113, '100', '5', '100', NULL, 1, 4, '', 40, NULL, NULL, NULL, 1, 1, 2, '2019-06-25 12:10:51', '2019-09-06 03:53:26', NULL),
(384, 'Loreal Men Expert New Pure Power', 'loreal  men expart new pure power', '<p>loreal &nbsp;men expart new pure power</p>', '1558246888.new23.jpg', 'loreal-men-expert-new-pure-power', '629152', 'in_stock', NULL, '580.00', '0.00', 113, '100', '5', '100', NULL, 1, 4, '', 30, NULL, NULL, NULL, 1, 1, 2, '2019-06-25 12:10:51', '2019-09-06 03:53:12', NULL),
(385, 'Loreal Paris Line Studio', 'loreal  paris line studio', '<p>loreal &nbsp;paris line studio</p>', '1558246764.mineralcontrol_clear_and_clean_gel-150_ml_500x500.jpg', 'loreal-paris-line-studio', '394584', 'in_stock', NULL, '580.00', '0.00', 113, '100', '5', '100', NULL, 1, 4, '', 35, NULL, NULL, NULL, 1, 1, 2, '2019-06-25 12:10:51', '2019-09-06 03:54:52', NULL),
(386, 'Loreal Men Expert Hydra Energetic', 'loreal  men expart hydra energetic', '<p>loreal &nbsp;men expart hydra energetic</p>', '1558246606.eiofjw.jpg', 'loreal-men-expert-hydra-energetic', '113841', 'in_stock', NULL, '580.00', '0.00', 113, '100', '5', '100', NULL, 1, 4, '', 28, NULL, NULL, NULL, 1, 1, 2, '2019-06-25 12:10:51', '2019-09-06 03:53:03', NULL),
(387, 'Loreal Men Expert Pure Power Instant Action', 'loreal  men expart pure power instant action', '<p>loreal &nbsp;men expart pure power instant action</p>', '1558246405.41s4rn1wmul.jpg', 'loreal-men-expert-pure-power-instant-action', '813091', 'in_stock', NULL, '580.00', '0.00', 113, '100', '5', '100', NULL, 1, 4, '', 33, NULL, NULL, NULL, 1, 1, 2, '2019-06-25 12:10:51', '2019-09-06 03:52:54', NULL),
(388, 'Loreal Men Expert Hydra Energetic Magnetic Effect', 'loreal  men expart hydra energetic megnetic effect', '<p>loreal &nbsp;men expart hydra energetic megnetic effect</p>', '1558247187.new22.jpg', 'loreal-men-expert-hydra-energetic-magnetic-effect', '694683', 'in_stock', NULL, '580.00', '0.00', 113, '98', '5', '100', NULL, 1, 4, '', 29, NULL, NULL, NULL, 1, 1, 2, '2019-06-25 12:10:51', '2019-09-06 03:52:45', NULL),
(390, 'Loreal Men Expert Hydra Energetic Ice Cool', 'loreal  men expart hydra energetic ice cool', '<p>loreal &nbsp;men expart hydra energetic ice cool</p>', '1558247145.new25.jpg', 'loreal-men-expert-hydra-energetic-ice-cool', '174679', 'in_stock', NULL, '580.00', '0.00', 95, '96', '5', '100', NULL, 1, 4, '', 29, NULL, NULL, NULL, 1, 1, 2, '2019-06-25 12:10:51', '2019-09-06 03:52:37', NULL),
(391, 'Glade Bali Sandalwood & Jasmine Candle', 'Johnson glade bali sandalwood & jasmine 300ml candle', '<p>Johnson glade bali sandalwood &amp; jasmine 300ml candle</p>', '1558153819._dsc5933.jpg', 'glade-bali-sandalwood-jasmine-candle', '662320', 'in_stock', NULL, '670.00', '0.00', 93, '50', '5', '120', '105', 1, 4, '', 65, NULL, NULL, NULL, 1, 1, 2, '2019-06-25 12:10:51', '2019-12-02 02:16:02', NULL),
(392, 'Betty Crocker Carrot Cake Mix', 'Betty Crocker Carrot Cake Mix 425g', '<p>Betty Crocker Carrot Cake Mix 425g</p>', '1555743325.397895.jpg', 'betty-crocker-carrot-cake-mix', '248332', 'in_stock', NULL, '600.00', '0.00', 22, '99', '5', '425', NULL, 1, 4, '', 15, NULL, NULL, NULL, 1, 1, 2, '2019-06-25 12:10:51', '2019-09-24 14:44:17', NULL),
(393, 'Betty Crocker Chocolate Cake Mix', 'Betty Crocker Chocolate Cake Mix 425g', '<p>Betty Crocker Chocolate Cake Mix 425g</p>', '1555743482.401353.jpg', 'betty-crocker-chocolate-cake-mix', '970670', 'in_stock', NULL, '600.00', '0.00', 22, '100', '5', '425', NULL, 1, 4, '', 2, NULL, NULL, NULL, 1, 1, 2, '2019-06-25 12:10:51', '2019-09-24 14:44:30', NULL),
(395, 'Betty Crocker Chocolate Fudge Brownie Mix', 'Betty Crocker Chocolate Fudge Brownie Mix 415g', '<p>Betty Crocker Chocolate Fudge Brownie Mix 415g</p>', '1555748483.021002.jpg', 'betty-crocker-chocolate-fudge-brownie-mix', '675302', 'in_stock', NULL, '600.00', '0.00', 22, '100', '5', '415', NULL, 1, 4, '', 0, NULL, NULL, NULL, 1, 1, 2, '2019-06-25 12:10:51', '2019-09-24 14:44:45', NULL),
(396, 'Betty Crocker Chocolate Icing', 'Betty Crocker Chocolate Icing 400g', '<p>Betty Crocker Chocolate Icing 400g</p>', '1555748652.377905.jpg', 'betty-crocker-chocolate-icing', '606131', 'in_stock', NULL, '625.00', '0.00', 22, '4', '1', '400', NULL, 1, 4, '', 34, NULL, NULL, NULL, 1, 1, 1, '2019-06-25 12:10:51', '2019-12-12 16:35:45', NULL),
(397, 'Betty Crocker Chocolate Swirl Cake Mix', 'Betty Crocker Chocolate Swirl Cake Mix 425g', '<p>Betty Crocker Chocolate Swirl Cake Mix 425g</p>', '1555748824.397897.jpg', 'betty-crocker-chocolate-swirl-cake-mix', '311778', 'in_stock', NULL, '600.00', '0.00', 22, '100', '4', '425', NULL, 1, 4, '', 14, NULL, NULL, NULL, 1, 1, 2, '2019-06-25 12:10:51', '2019-09-24 14:44:58', NULL),
(398, 'Bettty Crocker Gluten Free Chocolate Fudge Brownie Mix', 'Betty Crocker Gluten Free Chocolate Fudge Brownie Mix 425g', '<p>Betty Crocker Gluten Free Chocolate Fudge Brownie Mix 425g</p>', '1555750586.441385.jpg', 'betty-crocker-gluten-free-chocolate-fudge-brownie-mix-425g', '879352', 'in_stock', NULL, '600.00', '0.00', 22, '100', '5', '425', NULL, 1, 4, '', 15, NULL, NULL, NULL, 1, 1, 2, '2019-06-25 12:10:51', '2019-09-24 14:44:06', NULL),
(399, 'Betty Crocker Gluten Free Devil\'s Food Cake Mix', 'Betty Crocker Gluten Free Devil\'s Food Cake Mix 425g', '<p>Betty Crocker Gluten Free Devil&#39;s Food Cake Mix 425g</p>', '1555756783.442103.jpg', 'betty-crocker-devils-food-cake-mix', '147837', 'in_stock', NULL, '600.00', '0.00', 22, '100', '4', '425', NULL, 1, 4, '', 18, NULL, NULL, NULL, 1, 1, 2, '2019-06-25 12:10:51', '2019-09-24 14:45:40', NULL),
(400, 'Betty Crocker Ice & Glaze! Luxurious Salted Caramel Flavour Icin', 'Betty Crocker Ice &amp; Glaze! Luxurious Salted Caramel Flavour Icing 400gm', 'Betty Crocker Ice &amp; Glaze! Luxurious Salted Caramel Flavour Icing 400gm', '1555756995.547874.jpg', 'betty-crocker-ice-glaze-luxurious-salted-caramel-flavour-icin', '924629', 'in_stock', '', '600.00', '0.00', 22, '100', '5', '400', '', 1, 4, '', 1, '', '', '', 1, NULL, 1, '2019-06-25 12:10:51', '2019-07-21 09:39:22', NULL),
(401, 'Betty Crocker Zesty Lemon Cake Mix', 'Betty Crocker Zesty Lemon Cake Mix 425g', '<p>Betty Crocker Zesty Lemon Cake Mix 425g</p>', '1555757162.397904.jpg', 'betty-crocker-zesty-lemon-cake-mix', '489180', 'in_stock', NULL, '600.00', '0.00', 22, '100', '5', '425', NULL, 1, 4, '', 15, NULL, NULL, NULL, 1, 1, 2, '2019-06-25 12:10:51', '2019-09-24 14:46:40', NULL),
(402, 'Betty Crocker Lemon Icing', 'Betty Crocker Lemon Icing 400g', '<p>Betty Crocker Lemon Icing 400g</p>', '1555757484.397905.jpg', 'betty-crocker-lemon-icing', '392365', 'in_stock', NULL, '600.00', '0.00', 22, '100', '5', '400', NULL, 1, 4, '', 15, NULL, NULL, NULL, 1, 1, 2, '2019-06-25 12:10:51', '2019-09-24 14:47:21', NULL),
(403, 'Betty Crocker Rainbow Chip Party Cake Mix', 'Betty Crocker Rainbow Chip Party Cake Mix 425g', '<p>Betty Crocker Rainbow Chip Party Cake Mix 425g</p>', '1555759399.547875.jpg', 'betty-crocker-rainbow-chip-party-cake-mix', '787083', 'in_stock', NULL, '600.00', '0.00', 22, '100', '5', '425', NULL, 1, 4, '', 14, NULL, NULL, NULL, 1, 1, 2, '2019-06-25 12:10:51', '2019-09-24 14:46:28', NULL),
(404, 'Betty Crocker Rich & Creamy Icing', 'Betty Crocker Rich & Creamy Vanilla Icing 400g', '<p>Betty Crocker Rich &amp; Creamy Vanilla Icing 400g</p>', '1555759514.377447.jpg', 'betty-crocker-rich-creamy-icing', '229988', 'in_stock', NULL, '600.00', '0.00', 22, '100', '5', '400', NULL, 1, 4, '', 19, NULL, NULL, NULL, 1, 1, 2, '2019-06-25 12:10:51', '2019-09-24 14:47:32', NULL),
(405, 'Alpen Light Bar Cherry Bakewell', NULL, NULL, 'snapshotimagehandler_399207907.jpeg', 'alpen-light-bar-cherry-bakewell', '279983', 'in_stock', NULL, '375.00', '0.00', 95, '10', '2', '95', NULL, 1, 4, '', 15, NULL, NULL, NULL, 1, 1, 2, '2019-06-25 12:10:51', '2019-12-02 02:08:50', NULL),
(406, 'Alpen Light Double Chocolate 5 Pack', NULL, NULL, 'qwop850.jpg', 'alpen-light-double-chocolate-5-pack', '117023', 'in_stock', NULL, '375.00', '0.00', 95, '10', '2', '95', NULL, 1, 4, '', 18, NULL, NULL, NULL, 1, 1, 2, '2019-06-25 12:10:51', '2019-12-02 02:08:29', NULL),
(407, 'Alpen Light Chocolate & Fudge 5 Bars', NULL, NULL, '1557307047.105757.jpg', 'alpen-light-chocolate-fudge-5-bars', '520373', 'in_stock', NULL, '375.00', '0.00', 95, '10', '2', '95', NULL, 1, 4, '', 14, NULL, NULL, NULL, 1, 1, 2, '2019-06-25 12:10:51', '2019-12-02 02:09:05', NULL),
(409, 'Alpen Strawberry with Yogurt Cereal Bar', NULL, NULL, '1557307544.122726.jpg', 'alpen-strawberry-with-yogurt-cereal-bar', '225381', 'in_stock', NULL, '400.00', '0.00', 5, '100', '5', '29', NULL, 1, 4, '', 7, NULL, NULL, NULL, 1, 1, 2, '2019-06-25 12:10:51', '2019-09-17 14:46:10', NULL),
(410, 'Cadbury Brunch Bar Peanut', NULL, '<p>Cadbury Brunch Bar Peanut 6 X 32gm</p>', 'cadbury-peanut.png', 'cadbury-brunch-bar-peanut', '826614', 'in_stock', NULL, '380.00', '0.00', 8, '6', '2', '192', NULL, 1, 4, '', 24, NULL, NULL, NULL, 1, 1, 2, '2019-06-25 12:10:51', '2019-12-01 02:30:08', NULL),
(413, 'Colgate Pump Max Fresh Cool Toothpaste', NULL, NULL, '1557374261.071724.jpg', 'colgate-pump-max-fresh-cool-toothpaste', '850418', 'in_stock', NULL, '525.00', '0.00', 95, '6', '2', '100', NULL, 1, 4, '', 3, NULL, NULL, NULL, 1, 1, 1, '2019-06-25 12:10:51', '2019-12-12 16:32:49', NULL),
(414, 'Dr. Oetker Bicarbonate of Soda', NULL, NULL, '1557374493.020909.jpg', 'dr-oetker-bicarbonate-of-soda', '916546', 'in_stock', NULL, '415.00', '0.00', 95, '4', '1', '200', NULL, 1, 4, '', 17, NULL, NULL, NULL, 1, 1, 1, '2019-06-25 12:10:51', '2019-12-16 13:52:50', 0),
(415, 'ECOZONE 2000 FLUSHES TOILET BLOCK90GM', NULL, NULL, '1557374745.294603.jpg', 'ecozone-2000-flushes-toilet-block90gm', '901382', 'in_stock', NULL, '1100.00', '0.00', 95, '6', '2', '90', NULL, 1, 4, '', 54, NULL, NULL, NULL, 1, 1, 1, '2019-06-25 12:10:51', '2019-12-10 06:08:38', NULL),
(416, 'Wrigleys Extra Spearmint Gum 5 Pack', NULL, NULL, '1557375490.016038.jpg', 'wrigleys-extra-spearmint-gum-5-pack', '291625', 'in_stock', NULL, '415.00', '0.00', 101, '6', '2', '1', NULL, 1, 4, '', 30, NULL, NULL, NULL, 1, 1, 3, '2019-06-25 12:10:51', '2019-12-23 22:27:25', NULL),
(417, 'Wrigleys Extra Peppermint Gum 5 Pack', NULL, NULL, '1557375548.016035.jpg', 'wrigleys-extra-peppermint-gum-5-pack', '883056', 'in_stock', NULL, '415.00', '0.00', 115, '6', '2', '1', NULL, 1, 4, '', 30, NULL, NULL, NULL, 1, 1, 3, '2019-06-25 12:10:51', '2019-12-23 22:26:45', NULL),
(418, 'Febreze Fabric Freshener Spray Classic', NULL, NULL, '1559112416.1557377326.031983.jpg', 'febreze-fabric-freshener-spray-classic', '907829', 'in_stock', NULL, '720.00', '0.00', 93, '6', '1', '500', NULL, 1, 4, '', 14, NULL, NULL, NULL, 1, 1, 2, '2019-06-25 12:10:51', '2019-12-02 02:17:22', NULL),
(419, 'Haribo Halal Gold Bears', NULL, NULL, '1557375807.050169.jpg', 'haribo-halal-gold-bears', '413020', 'in_stock', NULL, '315.00', '0.00', 116, '6', '2', '100', NULL, 1, 4, '', 19, NULL, NULL, NULL, 1, 1, 1, '2019-06-25 12:10:51', '2019-12-23 22:58:02', NULL),
(420, 'Haribo Halal Happy Cola Original', NULL, NULL, '1557375937.050167.jpg', 'haribo-halal-happy-cola-original', '313230', 'in_stock', NULL, '315.00', '0.00', 116, '6', '2', '100', NULL, 1, 4, '', 12, NULL, NULL, NULL, 1, 1, 2, '2019-06-25 12:10:51', '2019-12-01 03:45:11', 0),
(421, 'Haribo Halal Happy Cola Sour', NULL, NULL, '1557376146.175858.jpg', 'haribo-halal-happy-cola-sour-100g', '499570', 'in_stock', NULL, '260.00', '0.00', 116, '100', '5', '100', NULL, 1, 4, '', 56, NULL, NULL, NULL, 1, 1, 1, '2019-06-25 12:10:51', '2019-12-19 23:26:55', NULL),
(422, 'Haribo Phantasia Fantastic Bag 100gm', NULL, NULL, '1557376356.317374.jpg', 'haribo-phantasia-fantastic-bag-100gm', '941169', 'in_stock', NULL, '315.00', '0.00', 116, '6', '2', '100', NULL, 1, 4, '', 51, NULL, NULL, NULL, 1, 1, 2, '2019-06-25 12:10:51', '2019-12-02 02:31:33', NULL),
(423, 'Haribo Worms', NULL, NULL, '1557376808.317376.jpg', 'haribo-worms', '787698', 'in_stock', NULL, '315.00', '0.00', 95, '6', '2', '100', NULL, 1, 4, '', 48, NULL, NULL, NULL, 1, 1, 1, '2019-06-25 12:10:51', '2019-12-23 21:49:26', NULL),
(424, 'Heinz Burger Sauce', NULL, NULL, '1557377176.245414.jpg', 'heinz-burger-sauce', '370005', 'in_stock', NULL, '460.00', '0.00', 10, '6', '2', '220', NULL, 1, 4, '', 6, NULL, NULL, NULL, 1, 1, 1, '2019-06-25 12:10:51', '2019-12-08 17:34:31', NULL),
(425, 'Heinz Classic Barbecue Sauce', NULL, NULL, '1557378788.237065.jpg', 'heinz-classic-barbecue-sauce', '916377', 'in_stock', NULL, '590.00', '0.00', 10, '4', '1', '480', NULL, 1, 4, '', 4, NULL, NULL, NULL, 1, 1, 1, '2019-06-25 12:10:52', '2019-12-08 17:35:36', NULL),
(426, 'Heinz Cream of Chicken Cup Soup 4 Sachets', NULL, NULL, '1557379474.3429801.jpg', 'heinz-cream-of-chicken-cup-soup-4-sachets', '663536', 'in_stock', NULL, '300.00', '0.00', 10, '1', '2', '68', NULL, 1, 4, '', 25, NULL, NULL, NULL, 1, 1, 2, '2019-06-25 12:10:52', '2019-10-22 15:36:47', NULL),
(427, 'Heinz Cream of Tomato Cup Soup 4 Sachets', NULL, NULL, '1557379887.342981_2.jpg', 'heinz-cream-of-tomato-cup-soup-4-sachets', '638877', 'in_stock', NULL, '315.00', '0.00', 10, '4', '2', '88', NULL, 1, 4, '', 37, NULL, NULL, NULL, 1, 1, 1, '2019-06-25 12:10:52', '2019-12-27 19:39:08', NULL),
(429, 'Heinz Minestrone Dry Cup Soup 4 Sachets', NULL, NULL, '1557380254.374012_1.jpg', 'heinz-minestrone-dry-cup-soup-4-sachets', '715876', 'in_stock', NULL, '315.00', '0.00', 10, '4', '1', '72', NULL, 1, 4, '', 13, NULL, NULL, NULL, 1, 1, 2, '2019-06-25 12:10:52', '2019-12-02 02:10:13', NULL),
(430, 'Heinz Salad Cream Handy Pack', NULL, NULL, '1557380411.373701.jpg', 'heinz-salad-cream-handy-pack', '449076', 'in_stock', NULL, '405.00', '0.00', 10, '5', '1', '235', NULL, 1, 4, '', 5, NULL, NULL, NULL, 1, 1, 1, '2019-06-25 12:10:52', '2019-12-08 17:41:46', NULL),
(431, 'Heinz Tartar Sauce', NULL, NULL, '1557380586.301284_1.jpg', 'heinz-tartar-sauce', '388046', 'in_stock', NULL, '400.00', '0.00', 10, '4', '2', '220', NULL, 1, 4, '', 6, NULL, NULL, NULL, 1, 1, 1, '2019-06-25 12:10:52', '2019-12-08 17:36:51', NULL),
(433, 'Hellman\'s Garlic & Herb Sauce', NULL, NULL, '1557380808.428961.jpg', 'hellmans-garlic-herb-sauce', '640716', 'in_stock', NULL, '475.00', '0.00', 75, '4', '2', '250', NULL, 1, 4, '', 0, NULL, NULL, NULL, 1, 1, 2, '2019-06-25 12:10:52', '2019-12-02 02:34:07', NULL),
(434, 'Hellman\'s Hot Dog Sauce', NULL, NULL, '1557380934.523165.jpg', 'hellmans-hot-dog-sauce', '289981', 'in_stock', NULL, '440.00', '0.00', 75, '3', '1', '250', NULL, 1, 4, '', 2, NULL, NULL, NULL, 1, 1, 2, '2019-06-25 12:10:52', '2019-12-02 02:34:32', NULL),
(435, 'HELLMANN\'S MAYONNAISE WITH OLIVE OIL430ML', NULL, NULL, '1557381055.377809.jpg', 'hellmanns-mayonnaise-with-olive-oil430ml', '849516', 'in_stock', NULL, '765.00', '0.00', 75, '100', '5', '430', NULL, 1, 4, '', 0, NULL, NULL, NULL, 1, 1, 1, '2019-06-25 12:10:52', '2019-06-27 04:35:01', NULL),
(436, 'Hellmann\'s Mayon\'s Spark Chilli', NULL, NULL, '1557381186.177279.jpg', 'hellmans-mayons-spark-chilli', '854156', 'in_stock', NULL, '475.00', '0.00', 75, '100', '5', '250', NULL, 1, 4, '', 16, NULL, NULL, NULL, 1, 1, 2, '2019-06-25 12:10:52', '2019-09-19 15:24:33', NULL),
(439, 'Hellman\'s Chunky Burger Sauce', NULL, NULL, '1557382039.169803.jpg', 'hellmans-chunky-burger-sauce', '947885', 'in_stock', NULL, '500.00', '0.00', 75, '3', '1', '250', NULL, 1, 4, '', 57, NULL, NULL, NULL, 1, 1, 1, '2019-06-25 12:10:52', '2019-12-11 16:41:07', NULL),
(440, 'Jacob\'s Flatbreads Mixed Seeds', NULL, '<p>Jacob&#39;s Flatbreads Mixed Seeds 150gm</p>', '1557382394.170079_1.jpg', 'jacobs-flatbreads-mixed-seeds', '143035', 'in_stock', NULL, '390.00', '0.00', 13, '99', '5', '150', NULL, 1, 4, '', 2, NULL, NULL, NULL, 1, 1, 2, '2019-06-25 12:10:52', '2019-11-23 12:35:47', NULL),
(441, 'Jacob\'s Flatbreads Salt & Cracked Black Pepper', NULL, '<p>Jacob&#39;s Flatbreads Salt &amp; Cracked Black Pepper 150gm</p>', '1557382533.169887_1.jpg', 'jacobs-flatbreads-salt-cracked-black-pepper', '902485', 'in_stock', NULL, '462.00', '0.00', 13, '99', '5', '150', NULL, 1, 4, '', 2, NULL, NULL, NULL, 1, 1, 2, '2019-06-25 12:10:52', '2019-11-23 12:35:47', NULL),
(442, 'Jacob\'s Lunch Bakes Flatbreads Smoked Chili', NULL, '<p><span style=\"color:rgb(0, 0, 0); font-family:docs-calibri; font-size:15px\">Jacob&#39;s Lunch Bakes Flatbreads Smoked Chili 150gm.</span></p>', '1557382942.553922.jpg', 'jacobs-lunch-bakes-flatbreads-smoked-chili', '424768', 'in_stock', NULL, '390.00', '0.00', 13, '99', '5', '150', NULL, 1, 4, '', 2, NULL, NULL, NULL, 1, 1, 2, '2019-06-25 12:10:52', '2019-11-23 12:35:47', NULL),
(444, 'John West Sardins in Tomato Sauce', NULL, NULL, '1557383353.078972.jpg', 'john-west-sardins-in-tomato-sauce', '978918', 'in_stock', NULL, '260.00', '0.00', 117, '6', '2', '120', NULL, 1, 4, '', 5, NULL, NULL, NULL, 1, 1, 1, '2019-06-25 12:10:52', '2019-12-06 20:45:41', 0),
(445, 'John West Tuna Chunks in Spring Water', NULL, NULL, '1557383499.516139.jpg', 'john-west-tuna-chunks-in-spring-water-145g', '743490', 'in_stock', NULL, '275.00', '0.00', 117, '7', '2', '145', NULL, 1, 4, '', 16, NULL, NULL, NULL, 1, 1, 1, '2019-06-25 12:10:52', '2019-12-27 19:40:49', NULL),
(446, 'John West Sardines in Olive Oil', NULL, NULL, '1557383657.003338.jpg', 'john-west-sardines-in-olive-oil', '917463', 'in_stock', NULL, '260.00', '0.00', 117, '98', '5', '120', NULL, 1, 4, '', 4, NULL, NULL, NULL, 1, 1, 1, '2019-06-25 12:10:52', '2019-12-27 19:41:24', NULL),
(447, 'John West Sardines in Sunflower Oil', NULL, NULL, '1557383769.003337.jpg', 'john-west-sardines-in-sunflower-oil', '534472', 'in_stock', NULL, '260.00', '0.00', 117, '100', '5', '120', NULL, 1, 4, '', 0, NULL, NULL, NULL, 1, 1, 2, '2019-06-25 12:10:52', '2019-09-18 07:17:46', NULL),
(448, 'John West Tuna Chunks in Sunflower Oil', NULL, NULL, '1557383930.534362.jpg', 'john-west-tuna-chunks-in-sunflower-oil', '256159', 'in_stock', NULL, '275.00', '0.00', 117, '12', '2', '145', NULL, 1, 4, '', 6, NULL, NULL, NULL, 1, 1, 1, '2019-06-25 12:10:52', '2019-12-12 03:41:06', NULL),
(449, 'Jordan\'s Crunchy Oat Granola Tropical Fruits', NULL, '<p>Jordan&#39;s Crunchy Oat Granola Tropical Fruits</p>', '1557384079.000894.jpg', 'jordans-crunchy-oat-granola-tropical-fruits', '475708', 'in_stock', NULL, '1075.00', '0.00', 6, '100', '5', '750', NULL, 1, 4, '', 10, NULL, NULL, NULL, 1, 1, 2, '2019-06-25 12:10:52', '2019-09-17 16:06:52', NULL),
(450, 'Jordan\'s Crunchy Oat Granola Fruit & Nut', NULL, '<p>Jordan&#39;s Crunchy Oat Granola Fruit &amp; Nut</p>', '1557384224.000913.jpg', 'jordans-crunchy-oat-granola-fruit-nut', '143279', 'in_stock', NULL, '1130.00', '0.00', 6, '4', '2', '750', NULL, 1, 4, '', 14, NULL, NULL, NULL, 1, 1, 1, '2019-06-25 12:10:52', '2019-12-12 16:39:05', 0),
(452, 'Jordan\'s Natural Museli', NULL, '<p>Jordan&#39;s Natural Museli 1KG</p>', '1557388567.000986.jpg', 'jordans-natural-museli', '386080', 'in_stock', NULL, '1190.00', '0.00', 6, '2', '1', '1', NULL, 1, 3, '', 28, NULL, NULL, NULL, 1, 1, 1, '2019-06-25 12:10:52', '2019-12-12 01:47:09', NULL),
(455, 'Kallo Wholegrain Lightly Salted Rice Cakes', NULL, NULL, '1557389057.011856.jpg', 'kallo-wholegrain-lightly-salted-rice-cakes', '278519', 'in_stock', NULL, '390.00', '0.00', 71, '100', '5', '130', NULL, 1, 4, '', 6, NULL, NULL, NULL, 1, 1, 2, '2019-06-25 12:10:52', '2019-09-17 14:48:45', NULL),
(456, 'Kallo Corn Cakes', NULL, NULL, '1557389188.237662.jpg', 'kallo-corn-cakes-130g', '159336', 'in_stock', NULL, '390.00', '0.00', 95, '100', '5', '130', NULL, 1, 4, '', 38, NULL, NULL, NULL, 1, 1, 2, '2019-06-25 12:10:52', '2019-09-17 15:55:09', NULL),
(457, 'Kallo Protein Packed Lentil Cakes', NULL, NULL, '1557389308.512890.jpg', 'kallo-protein-packed-lentil-cakes', '501205', 'in_stock', NULL, '390.00', '0.00', 71, '100', '5', '100', NULL, 1, 4, '', 8, NULL, NULL, NULL, 1, 1, 2, '2019-06-25 12:10:52', '2019-09-17 14:48:31', NULL),
(458, 'Kellogg\'s Coco Pops Cereal Milk Bars 6 X 20 gm', NULL, '<p>Kellogg&#39;s Coco Pops Cereal Milk Bars 6 X 20 gm</p>', '1557389547.018279.jpg', 'kelloggs-coco-pops-cereal-milk-bars-6-x-20-gm', '170060', 'in_stock', NULL, '335.00', '0.00', 28, '6', '2', '120', NULL, 1, 4, '', 9, NULL, NULL, NULL, 1, 1, 2, '2019-06-25 12:10:52', '2019-12-01 02:35:50', NULL),
(460, 'Kellogg\'s Frosties Snack Bars', NULL, NULL, '1557389869.018281.jpg', 'kelloggs-frosties-snack-bars', '744450', 'in_stock', NULL, '335.00', '0.00', 28, '6', '2', '150', NULL, 1, 4, '', 10, NULL, NULL, NULL, 1, 1, 2, '2019-06-25 12:10:52', '2019-12-01 02:35:33', NULL),
(461, 'Kellogg\'s Rice Krispies', NULL, NULL, '1557390010.018278.jpg', 'kelloggs-rice-krispies', '947037', 'in_stock', NULL, '335.00', '0.00', 28, '6', '2', '20', NULL, 1, 4, '', 40, NULL, NULL, NULL, 1, 1, 2, '2019-06-25 12:10:52', '2019-12-01 02:35:13', NULL),
(462, 'Kinder Surprise 3 Eggs', NULL, '<p>Kinder Surprise 3 Eggs</p>', 'kinder-egg-surprise-600x328.jpg', 'kinder-surprise-3-eggs', '976423', 'in_stock', NULL, '400.00', '0.00', 38, '6', '2', '60', NULL, 1, 4, '', 42, NULL, NULL, NULL, 1, 1, 1, '2019-06-25 12:10:52', '2019-12-23 20:33:57', 0),
(463, 'Knorr All Purpose Seasoning', NULL, NULL, '1557390585.014709.jpg', 'knorr-all-purpose-seasoning', '896985', 'in_stock', NULL, '340.00', '0.00', 90, '6', '1', '90', NULL, 1, 4, '', 13, NULL, NULL, NULL, 1, 1, 1, '2019-06-25 12:10:52', '2019-10-20 15:14:40', NULL),
(464, 'Knorr Fish Stock Pot', NULL, NULL, '1557391054.250586.jpg', 'knorr-fish-stock-pot', '905887', 'in_stock', NULL, '375.00', '0.00', 90, '4', '1', '112', NULL, 1, 4, '', 12, NULL, NULL, NULL, 1, 1, 1, '2019-06-25 12:10:52', '2019-11-21 12:21:59', NULL),
(467, 'Knorr Herb Infusion Stock Pot', NULL, NULL, '1557391546.250217.jpg', 'knorr-herb-infusion-stock-pot', '350781', 'in_stock', NULL, '375.00', '0.00', 90, '6', '2', '112', NULL, 1, 4, '', 11, NULL, NULL, NULL, 1, 1, 1, '2019-06-25 12:10:52', '2019-09-23 17:00:04', NULL),
(468, 'Knorr Vegetable Stock Pot', NULL, NULL, '1557391690.112728.jpg', 'knorr-vegetable-stock-pot', '459353', 'in_stock', NULL, '320.00', '0.00', 90, '100', '5', '28', NULL, 1, 4, '', 11, NULL, NULL, NULL, 1, 1, 2, '2019-06-25 12:10:52', '2019-09-24 14:25:40', NULL),
(469, 'Lavazza Caffe  Espresso Ground Coffee', NULL, NULL, '1557391923.001998.jpg', 'lavazza-caffe-espresso-ground-coffee', '113620', 'in_stock', NULL, '725.00', '0.00', 118, '3', '1', '250', NULL, 1, 4, '', 14, NULL, NULL, NULL, 1, 1, 1, '2019-06-25 12:10:52', '2019-12-19 22:18:15', 0);
INSERT INTO `products` (`id`, `title`, `short_description`, `long_description`, `image`, `slug`, `sku`, `stock_status`, `tax_class`, `regular_price`, `sale_price`, `brand_id`, `product_qty`, `alert_quantity`, `product_weight`, `product_model`, `product_type`, `unit_id`, `image_gallery`, `views`, `seo_title`, `meta_key`, `meta_description`, `created_by`, `modified_by`, `status`, `created_at`, `updated_at`, `is_featured`) VALUES
(470, 'Lavazza Quality Rossa Coffee', NULL, NULL, '1557392280.002015.jpg', 'lavazza-quality-rossa-coffee', '818661', 'in_stock', NULL, '750.00', '0.00', 118, '6', '2', '250', NULL, 1, 4, '', 43, NULL, NULL, NULL, 1, 1, 1, '2019-06-25 12:10:52', '2019-12-06 20:46:19', NULL),
(471, 'Morrison Rubber Gloves', NULL, NULL, '1557392467.173153.jpg', 'morrison-rubber-gloves', '798059', 'in_stock', NULL, '250.00', '0.00', 70, '6', '1', '2', NULL, 1, 1, '', 42, NULL, NULL, NULL, 1, 1, 1, '2019-06-25 12:10:52', '2019-12-11 19:22:31', NULL),
(473, 'Morrisons Stevia Sweetener Granules', NULL, NULL, '1557392998.412167.jpg', 'morrisons-stevia-sweetener-granules', '806425', 'in_stock', NULL, '450.00', '0.00', 70, '4', '1', '75', NULL, 1, 4, '', 3, NULL, NULL, NULL, 1, 1, 1, '2019-06-25 12:10:52', '2019-12-09 19:59:58', NULL),
(475, 'Dr. OETKER CHOCOLATE CHIPS Dark', NULL, NULL, 'dr-oetker-dark.gif', 'dr-oetker-chocolate-chips-dark', '195875', 'in_stock', NULL, '320.00', '0.00', 34, '100', '5', '100', NULL, 1, 4, '', 19, NULL, NULL, NULL, 1, 1, 2, '2019-06-25 12:10:52', '2019-12-24 02:27:47', 0),
(476, 'Dr. OETKER CHOCOLATY MIX 76GM', NULL, NULL, '1557393401.442418.jpg', 'dr-oetker-chocolaty-mix-76gm', '153202', 'in_stock', NULL, '580.00', '0.00', 34, '100', '5', '76', NULL, 1, 4, '', 18, NULL, NULL, NULL, 1, 1, 1, '2019-06-25 12:10:52', '2019-11-17 04:59:17', NULL),
(479, 'Old El Paso Large Soft Tortilla Wraps', NULL, NULL, '1557394070.047830.jpg', 'old-el-paso-large-soft-tortilla-wraps', '111677', 'in_stock', NULL, '470.00', '0.00', 84, '100', '5', '350', NULL, 1, 4, '', 38, NULL, NULL, NULL, 1, 1, 2, '2019-06-25 12:10:52', '2019-09-19 14:35:13', NULL),
(480, 'Old El Paso 12 Regular Tortillas (Flour)', NULL, NULL, '1557394229.045729.jpg', 'old-el-paso-12-regular-tortillas-flour', '743880', 'in_stock', NULL, '750.00', '0.00', 84, '6', '1', '489', NULL, 1, 4, '', 47, NULL, NULL, NULL, 1, 1, 1, '2019-06-25 12:10:52', '2019-12-10 03:32:17', NULL),
(481, 'Old El Paso & Whole Wheat Tortilla', NULL, NULL, '1557545481.298658.jpg', 'old-el-paso-whole-wheat-tortilla', '737498', 'in_stock', NULL, '550.00', '0.00', 95, '6', '1', '326', NULL, 1, 4, '', 38, NULL, NULL, NULL, 1, 1, 1, '2019-06-25 12:10:52', '2019-12-19 22:53:25', 0),
(482, 'Old El Paso Whole Wheat Tortillas', NULL, NULL, '1557545700.087096.jpg', 'old-el-paso-whole-wheat-tortillas-350g', '225245', 'in_stock', NULL, '470.00', '0.00', 84, '100', '5', '350', NULL, 1, 4, '', 41, NULL, NULL, NULL, 1, 1, 2, '2019-06-25 12:10:52', '2019-09-19 14:34:43', NULL),
(483, 'Old El Paso Seasoning Mix for Tacos Garlic & Paprika', NULL, NULL, '1557545844.366308.jpg', 'old-el-paso-seasoning-mix-for-tacos-garlic-paprika', '146858', 'in_stock', NULL, '220.00', '0.00', 84, '100', '5', '25', NULL, 1, 4, '', 1, NULL, NULL, NULL, 1, 1, 2, '2019-06-25 12:10:52', '2019-09-24 14:25:27', NULL),
(484, 'Old El Paso Seasoning Mix for Crispy Chicken', NULL, NULL, '1557545980.176406.jpg', 'old-el-paso-seasoning-mix-for-crispy-chicken', '371377', 'in_stock', NULL, '260.00', '0.00', 84, '100', '25', '85', NULL, 1, 4, '', 36, NULL, NULL, NULL, 1, 1, 2, '2019-06-25 12:10:52', '2019-09-19 12:06:08', NULL),
(485, 'Old El Paso Chilli Seasoning Mix', NULL, NULL, '1557546116.024024.jpg', 'old-el-paso-chilli-seasoning-mix', '273032', 'in_stock', NULL, '235.00', '0.00', 84, '6', '2', '39', NULL, 1, 4, '', 49, NULL, NULL, NULL, 1, 1, 1, '2019-06-25 12:10:52', '2019-12-11 18:50:32', NULL),
(486, 'Old El Paso Crunchy Taco Shells', NULL, NULL, '1557546598.019081.jpg', 'old-el-paso-crunchy-taco-shells', '493329', 'in_stock', NULL, '425.00', '0.00', 84, '6', '2', '156', NULL, 1, 4, '', 35, NULL, NULL, NULL, 1, 1, 1, '2019-06-25 12:10:52', '2019-12-10 03:33:07', NULL),
(487, 'Old El Paso Garlic & Paprika Taco Seasoning Mix', NULL, NULL, '1557546822.366308.jpg', 'old-el-paso-garlic-paprika-taco-seasoning-mix', '412810', 'in_stock', NULL, '220.00', '0.00', 84, '100', '5', '25', NULL, 1, 4, '', 10, NULL, NULL, NULL, 1, 1, 2, '2019-06-25 12:10:52', '2019-09-24 14:25:16', NULL),
(488, 'Old El Paso Roasted Tomato & Peppers Fajita Seasoning Mix', NULL, NULL, '1557546984.132248.jpg', 'old-el-paso-roasted-tomato-peppers-fajita-seasoning-mix', '584747', 'in_stock', NULL, '220.00', '0.00', 84, '100', '5', '30', NULL, 1, 4, '', 26, NULL, NULL, NULL, 1, 1, 2, '2019-06-25 12:10:52', '2019-09-24 14:19:26', NULL),
(489, 'Old El Paso Smoky BBQ Fajita Seasoning Mix', NULL, NULL, '1557547135.019066.jpg', 'old-el-paso-smoky-bbq-fajita-seasoning-mix-35g', '279036', 'in_stock', NULL, '220.00', '0.00', 84, '100', '5', '35', NULL, 1, 4, '', 9, NULL, NULL, NULL, 1, 1, 2, '2019-06-25 12:10:52', '2019-09-24 14:19:13', NULL),
(490, 'Oreo Birthday Party', NULL, '<p>Oreo Birthday Party&nbsp;</p>', '1557547319.519874.jpg', 'oreo-birthday-party', '342927', 'in_stock', NULL, '250.00', '0.00', 21, '4', '1', '154', NULL, 1, 4, '', 6, NULL, NULL, NULL, 1, 1, 1, '2019-06-25 12:10:52', '2019-12-10 08:25:14', NULL),
(491, 'Oreo Brownie Batter Sandwich Biscuit', NULL, '<p>Oreo Brownie Batter Sandwich Biscuit 154gm</p>', '1557547508.496598.jpg', 'oreo-brownie-batter-sandwich-biscuit', '529213', 'in_stock', NULL, '250.00', '0.00', 21, '6', '2', '154', NULL, 1, 4, '', 0, NULL, NULL, NULL, 1, 1, 2, '2019-06-25 12:10:52', '2019-09-17 16:19:57', NULL),
(492, 'Oreo Golden Cookies', NULL, '<p><span style=\"color:rgb(0, 0, 0); font-family:docs-calibri; font-size:15px\">Oreo Golden Cookies</span></p>', '1557547729.403056.jpg', 'oreo-golden-cookies', '808400', 'in_stock', NULL, '250.00', '0.00', 21, '6', '2', '154', NULL, 1, 4, '', 0, NULL, NULL, NULL, 1, 1, 2, '2019-06-25 12:10:52', '2019-09-17 16:20:07', NULL),
(493, 'Oreo Peanut Butter', NULL, '<p>Oreo Peanut Butter 154gm</p>', '1557547927.393431.jpg', 'oreo-peanut-butter', '704523', 'in_stock', NULL, '250.00', '0.00', 21, '6', '2', '154', NULL, 1, 4, '', 3, NULL, NULL, NULL, 1, 1, 1, '2019-06-25 12:10:52', '2019-12-10 08:28:37', NULL),
(494, 'Oreo Strawberry Cheesecake', NULL, '<p>Oreo Strawberry Cheesecake 154gm</p>', '1557548061.441774.jpg', 'oreo-strawberry-cheesecake', '787348', 'in_stock', NULL, '250.00', '0.00', 21, '100', '5', '154', NULL, 1, 4, '', 1, NULL, NULL, NULL, 1, 1, 2, '2019-06-25 12:10:52', '2019-09-17 16:20:20', NULL),
(495, 'PENN STATE PRETZELS ORIGINAL 174G', '', '', '1557548612.014222.jpg', 'penn-state-pretzels-original-174g', '646081', 'in_stock', '', '380.00', '0.00', 69, '100', '5', '174', '', 1, 4, '', 32, '', '', '', 1, NULL, 3, '2019-06-25 12:10:52', '2019-09-17 15:56:25', NULL),
(497, 'Ritz crackers original', NULL, '<p>Ritz crackers original 200gm</p>', '1557549006.013966.jpg', 'ritz-crackers-original', '341677', 'in_stock', NULL, '415.00', '0.00', 119, '4', '1', '200', NULL, 1, 4, '', 6, NULL, NULL, NULL, 1, 1, 1, '2019-06-25 12:10:52', '2019-12-10 08:28:35', NULL),
(498, 'Rock Salt Grinder', NULL, NULL, '1557549115.404204.jpg', 'rock-salt-grinder', '510322', 'in_stock', NULL, '650.00', '0.00', 95, '3', '1', '100', NULL, 1, 4, '', 16, NULL, NULL, NULL, 1, 1, 1, '2019-06-25 12:10:52', '2019-11-19 22:58:38', NULL),
(499, 'Ruby Madras Plain Poppadums', NULL, NULL, '1557549292.114332.jpg', 'ruby-madras-plain-poppadums', '932817', 'in_stock', NULL, '325.00', '0.00', 120, '2', '1', '200', NULL, 1, 4, '', 39, NULL, NULL, NULL, 1, 1, 2, '2019-06-25 12:10:52', '2019-12-02 02:09:20', NULL),
(500, 'Ryvita Thins Cheddar & Cracker Black Pepper', NULL, '<p>Ryvita Cheddar &amp; Black Pepper Thins 125gm</p>', '1557549425.191898.jpg', 'ryvita-thins-cheddar-cracker-black-pepper', '954047', 'in_stock', NULL, '390.00', '0.00', 1, '6', '2', '125', NULL, 1, 4, '', 100, NULL, NULL, NULL, 1, 1, 1, '2019-06-25 12:10:52', '2020-01-10 15:46:57', 0),
(501, 'Ryvita Cracked Black Pepper Crisp Bread', NULL, '<p>Ryvita Cracked Black Pepper Crisp Bread 200gm</p>', '1557549572.159204.jpg', 'ryvita-cracked-black-pepper-crisp-bread', '481945', 'in_stock', NULL, '400.00', '0.00', 1, '100', '5', '200', NULL, 1, 4, '', 12, NULL, NULL, NULL, 1, 1, 2, '2019-06-25 12:10:52', '2019-09-17 16:28:47', NULL),
(502, 'Ryvita Original Rye Crisp Bread', NULL, NULL, '1557549729.014002.jpg', 'ryvita-original-rye-crisp-bread', '958544', 'in_stock', NULL, '450.00', '0.00', 1, '5', '2', '250', NULL, 1, 4, '', 22, NULL, NULL, NULL, 1, 1, 1, '2019-06-25 12:10:52', '2020-01-11 18:01:23', 0),
(505, 'Ryvita Thins Sweet Chili', NULL, NULL, '1557550299.159206.jpg', 'ryvita-thins-sweet-chili', '234759', 'in_stock', NULL, '390.00', '0.00', 1, '6', '1', '125', NULL, 1, 4, '', 29, NULL, NULL, NULL, 1, 1, 1, '2019-06-25 12:10:52', '2019-12-13 22:41:07', 0),
(506, 'Sainsbury\'s No Added Sugar Dark Chocolate', NULL, NULL, '1557550475.072937.jpg', 'sainsburys-no-added-sugar-dark-chocolate', '622991', 'in_stock', NULL, '375.00', '0.00', 105, '6', '2', '100', NULL, 1, 4, '', 47, NULL, NULL, NULL, 1, 1, 2, '2019-06-25 12:10:52', '2019-12-01 03:50:28', 0),
(507, 'Sainsbury\'s No Added Sugar Milk Chocolate', NULL, NULL, '1557550761.072938.jpg', 'sainsburys-no-added-sugar-milk-chocolate', '178534', 'in_stock', NULL, '375.00', '0.00', 105, '6', '2', '100', NULL, 1, 4, '', 47, NULL, NULL, NULL, 1, 1, 2, '2019-06-25 12:10:52', '2019-12-01 03:50:11', 0),
(508, 'Sainsbury\'s Polenta', NULL, NULL, '1557550916.297659.jpg', 'sainsburys-polenta', '155405', 'in_stock', NULL, '560.00', '0.00', 105, '5', '2', '400', NULL, 1, 4, '', 34, NULL, NULL, NULL, 1, 1, 1, '2019-06-25 12:10:52', '2019-12-06 20:54:05', NULL),
(509, 'Snack A Jacks Caramel', NULL, NULL, '1557551073.014176.jpg', 'snack-a-jacks-caramel', '485874', 'in_stock', NULL, '400.00', '0.00', 121, '4', '1', '159', NULL, 1, 4, '', 39, NULL, NULL, NULL, 1, 1, 2, '2019-06-25 12:10:52', '2019-12-02 02:09:43', NULL),
(510, 'Snack A Jacks Chocolate', NULL, NULL, '1557551380.014119.jpg', 'snack-a-jacks-chocolate', '820031', 'in_stock', NULL, '380.00', '0.00', 121, '100', '5', '180', NULL, 1, 4, '', 31, NULL, NULL, NULL, 1, 1, 2, '2019-06-25 12:10:52', '2019-09-17 15:33:50', NULL),
(511, 'Snack A Jacks Jumbo Cheese Rice Cakes', NULL, NULL, '1557552197.014177.jpg', 'snack-a-jacks-jumbo-cheese-rice-cakes', '999691', 'in_stock', NULL, '380.00', '0.00', 121, '100', '5', '120', NULL, 1, 4, '', 30, NULL, NULL, NULL, 1, 1, 2, '2019-06-25 12:10:52', '2019-09-17 15:33:19', NULL),
(512, 'Snack A Jacks Salt & Vinegar Jumbo Rice Cakes', NULL, NULL, '1557552363.106937.jpg', 'snack-a-jacks-salt-vinegar-jumbo-rice-cakes', '737089', 'in_stock', NULL, '400.00', '0.00', 121, '100', '5', '126', NULL, 1, 4, '', 27, NULL, NULL, NULL, 1, 1, 2, '2019-06-25 12:10:52', '2019-09-17 15:33:36', NULL),
(513, 'SPONTEX 2 EASY SCOURERS', NULL, NULL, '1557552577.031614.jpg', 'spontex-2-easy-scourers', '822084', 'in_stock', NULL, '275.00', '0.00', 48, '6', '1', '2', NULL, 1, 1, '', 46, NULL, NULL, NULL, 1, 1, 1, '2019-06-25 12:10:52', '2019-12-09 23:20:12', NULL),
(514, 'Spontex 2 Washup Scourers', NULL, NULL, '1557552713.031628.jpg', 'spontex-2-washup-scourers', '408258', 'in_stock', NULL, '150.00', '0.00', 48, '4', '1', '2', NULL, 1, 1, '', 55, NULL, NULL, NULL, 1, 1, 1, '2019-06-25 12:10:52', '2019-12-06 20:34:06', NULL),
(515, 'SPONTEX 3 HEAVY DUTY SCOURER', NULL, NULL, '1557552816.263916.jpg', 'spontex-3-heavy-duty-scourer', '946858', 'in_stock', NULL, '315.00', '0.00', 48, '6', '1', '3', NULL, 1, 1, '', 53, NULL, NULL, NULL, 1, 1, 1, '2019-06-25 12:10:52', '2019-12-06 20:36:34', NULL),
(516, 'Spontex 4 Washup Sponge', NULL, NULL, '1557552977.183065.jpg', 'spontex-4-washup-sponge', '636997', 'in_stock', NULL, '280.00', '0.00', 48, '100', '5', '4', NULL, 1, 4, '', 40, NULL, NULL, NULL, 1, 1, 2, '2019-06-25 12:10:52', '2019-10-16 17:12:28', NULL),
(520, 'Spontex Long Lasting 2 Kitchen Cloths', NULL, NULL, '1557553695.new_picture.jpg', 'spontex-long-lasting-2-kitchen-cloths', '646733', 'in_stock', NULL, '590.00', '0.00', 48, '6', '2', '2', NULL, 1, 1, '', 52, NULL, NULL, NULL, 1, 1, 1, '2019-06-25 12:10:52', '2019-12-18 08:49:13', NULL),
(521, 'Starbucks Blonde Espresso Coffee Beans', NULL, NULL, '1557553940.554729.jpg', 'starbucks-blonde-espresso-coffee-beans', '320661', 'in_stock', NULL, '815.00', '0.00', 99, '100', '5', '200', NULL, 1, 4, '', 27, NULL, NULL, NULL, 1, 1, 2, '2019-06-25 12:10:52', '2019-09-25 13:36:16', NULL),
(523, 'Starbucks Fairtrade Nespresso Compatible Espresso Coffee Pods', NULL, NULL, '1557554235.449008.jpg', 'starbucks-fairtrade-nespresso-compatible-espresso-coffee-pods', '503819', 'in_stock', NULL, '475.00', '0.00', 99, '100', '5', '55', NULL, 1, 4, '', 27, NULL, NULL, NULL, 1, 1, 2, '2019-06-25 12:10:52', '2019-09-25 13:36:35', NULL),
(524, 'Starbucks Nespresso Compatible Espresso Colombia Pods', NULL, NULL, '1557554336.449010.jpg', 'starbucks-nespresso-compatible-espresso-colombia-pods', '808934', 'in_stock', NULL, '400.00', '0.00', 99, '100', '5', '55', NULL, 1, 4, '', 33, NULL, NULL, NULL, 1, 1, 2, '2019-06-25 12:10:52', '2019-09-25 13:36:52', NULL),
(525, 'Starbucks Pike Place Medium Roast Whole Coffee Beans 200G', NULL, NULL, '1557554449.554805.jpg', 'starbucks-pike-place-medium-roast-whole-coffee-beans-200g', '227199', 'in_stock', NULL, '600.00', '0.00', 99, '100', '5', '200', NULL, 1, 4, '', 37, NULL, NULL, NULL, 1, 1, 2, '2019-06-25 12:10:52', '2019-09-25 13:37:03', NULL),
(526, 'Starbucks Single Origin Colombian Medium Roast Ground Coffee', NULL, NULL, '1557554522.354002.jpg', 'starbucks-single-origin-colombian-medium-roast-ground-coffee', '586076', 'in_stock', NULL, '600.00', '0.00', 99, '100', '5', '200', NULL, 1, 4, '', 36, NULL, NULL, NULL, 1, 1, 2, '2019-06-25 12:10:52', '2019-09-25 13:37:15', NULL),
(527, 'Starbucks Veranda Blonde Roast Ground Coffee', NULL, NULL, '1557554631.554730.jpg', 'starbucks-veranda-blonde-roast-ground-coffee', '511427', 'in_stock', NULL, '600.00', '0.00', 99, '100', '5', '200', NULL, 1, 4, '', 34, NULL, NULL, NULL, 1, 1, 2, '2019-06-25 12:10:52', '2019-09-25 13:37:25', NULL),
(528, 'Tesco 4 Seed Mix', NULL, NULL, '1557554774.215248.jpg', 'tesco-4-seed-mix', '716440', 'in_stock', NULL, '645.00', '0.00', 2, '6', '2', '300', NULL, 1, 4, '', 37, NULL, NULL, NULL, 1, 1, 1, '2019-06-25 12:10:52', '2019-12-10 18:47:21', NULL),
(529, 'Tesco Black Peppercorn Grinder Mill', NULL, NULL, '1557554946.017149.jpg', 'tesco-black-peppercorn-grinder-mill', '478685', 'in_stock', NULL, '565.00', '0.00', 2, '3', '1', '50', NULL, 1, 4, '', 40, NULL, NULL, NULL, 1, 1, 1, '2019-06-25 12:10:52', '2019-12-07 04:08:27', NULL),
(530, 'Tesco Caesar Dressing', NULL, NULL, '1557555141.017380.jpg', 'tesco-caesar-dressing', '768988', 'in_stock', NULL, '400.00', '0.00', 2, '4', '1', '250', NULL, 1, 4, '', 37, NULL, NULL, NULL, 1, 1, 1, '2019-06-25 12:10:52', '2019-12-11 08:14:05', NULL),
(531, 'Tesco Chia Seeds', NULL, NULL, '1557555345.idshot_540x540.jpg', 'tesco-chia-seeds', '241133', 'in_stock', NULL, '350.00', '0.00', 2, '6', '1', '135', NULL, 1, 4, '', 42, NULL, NULL, NULL, 1, 1, 1, '2019-06-25 12:10:52', '2019-12-07 04:05:35', NULL),
(532, 'Tesco Chunky Chocolate Cookies', NULL, NULL, '1557555708.426813.jpg', 'tesco-chunky-chocolate-cookies', '191011', 'in_stock', NULL, '325.00', '0.00', 2, '3', '1', '200', NULL, 1, 4, '', 57, NULL, NULL, NULL, 1, 1, 1, '2019-06-25 12:10:52', '2019-12-27 19:41:03', 0),
(533, 'Tesco Chunky White Chocolate Cookies', NULL, NULL, '1557555881.553584.jpg', 'tesco-chunky-white-chocolate-cookies', '493995', 'in_stock', NULL, '325.00', '0.00', 2, '2', '1', '200', NULL, 1, 4, '', 67, NULL, NULL, NULL, 1, 1, 1, '2019-06-25 12:10:52', '2019-12-27 19:38:43', 0),
(535, 'Tesco Digestive Biscuits', NULL, NULL, '1557556155.247959.jpg', 'tesco-digestive-biscuits', '496880', 'in_stock', NULL, '400.00', '0.00', 2, '4', '1', '400', NULL, 1, 4, '', 51, NULL, NULL, NULL, 1, 1, 1, '2019-06-25 12:10:52', '2019-12-08 05:01:26', NULL),
(537, 'Tesco Filled Chocolate Chip Cookies', NULL, NULL, '1557556714.553599.jpg', 'tesco-filled-chocolate-chip-cookies', '579678', 'in_stock', NULL, '425.00', '0.00', 2, '2', '1', '200', NULL, 1, 4, '', 43, NULL, NULL, NULL, 1, 1, 2, '2019-06-25 12:10:52', '2019-12-01 03:14:53', NULL),
(538, 'Tesco Flax Seeds', NULL, NULL, '1557556876.idshot_540x540.jpg', 'tesco-flax-seeds', '574631', 'in_stock', NULL, '325.00', '0.00', 2, '5', '1', '135', NULL, 1, 4, '', 39, NULL, NULL, NULL, 1, 1, 1, '2019-06-25 12:10:52', '2019-12-07 04:05:53', NULL),
(539, 'Tesco French Dressing', NULL, NULL, '1557557177.017395.jpg', 'tesco-french-dressing', '465302', 'in_stock', NULL, '400.00', '0.00', 2, '6', '1', '250', NULL, 1, 4, '', 43, NULL, NULL, NULL, 1, 1, 1, '2019-06-25 12:10:52', '2019-12-11 08:18:29', NULL),
(540, 'Tesco Garlic & Herb Dressing', NULL, NULL, '1557557395.017397.jpg', 'tesco-garlic-herb-dressing', '860282', 'in_stock', NULL, '400.00', '0.00', 2, '100', '5', '250', NULL, 1, 4, '', 85, NULL, NULL, NULL, 1, 1, 1, '2019-06-25 12:10:52', '2019-12-16 09:13:53', NULL),
(541, 'Tesco Golden Flaxseeds', NULL, NULL, '1557558420.273146.jpg', 'tesco-golden-flaxseeds-250g', '151860', 'in_stock', NULL, '600.00', '0.00', 2, '100', '5', '250', NULL, 1, 4, '', 26, NULL, NULL, NULL, 1, 1, 2, '2019-06-25 12:10:52', '2019-09-18 17:06:32', NULL),
(542, 'Tesco Honey & Almond Granola', NULL, '<p>Tesco Honey &amp; Almond Granola 500gm</p>', '1559109890.1557558515.546346.jpg', 'tesco-honey-almond-granola', '627915', 'in_stock', NULL, '815.00', '0.00', 2, '5', '2', '500', NULL, 1, 4, '', 40, NULL, NULL, NULL, 1, 1, 1, '2019-06-25 12:10:52', '2019-12-06 20:42:46', NULL),
(543, 'Tesco Honey & Mustard Dressing', NULL, NULL, '1557558635.017412.jpg', 'tesco-honey-mustard-dressing', '159812', 'in_stock', NULL, '400.00', '0.00', 2, '4', '1', '250', NULL, 1, 4, '', 63, NULL, NULL, NULL, 1, 1, 1, '2019-06-25 12:10:52', '2019-12-10 13:18:02', NULL),
(544, 'Tesco Peanut Cookies', NULL, NULL, '1557558889.300453.jpg', 'tesco-peanut-cookies', '507903', 'in_stock', NULL, '425.00', '0.00', 2, '5', '2', '200', NULL, 1, 4, '', 59, NULL, NULL, NULL, 1, 1, 1, '2019-06-25 12:10:52', '2019-12-27 19:37:34', 0),
(545, 'Tesco Mixed Peppercorn Grinder', NULL, NULL, '1557559077.049106.jpg', 'tesco-mixed-peppercorn-grinder', '604160', 'in_stock', NULL, '625.00', '0.00', 95, '3', '1', '40', NULL, 1, 4, '', 10, NULL, NULL, NULL, 1, 1, 1, '2019-06-25 12:10:52', '2019-09-23 16:56:42', NULL),
(546, 'Tesco Ready to Eat Fig', NULL, NULL, '1557559190.021517.jpg', 'tesco-ready-to-eat-fig', '143970', 'in_stock', NULL, '490.00', '0.00', 2, '5', '2', '250', NULL, 1, 4, '', 123, NULL, NULL, NULL, 1, 1, 1, '2019-06-25 12:10:52', '2020-01-10 04:52:00', 0),
(547, 'Tesco Soft Pitted Prunes', NULL, NULL, '1557561462.021490.jpg', 'tesco-soft-pitted-prunes', '528698', 'in_stock', NULL, '580.00', '0.00', 2, '5', '2', '250', NULL, 1, 4, '', 37, NULL, NULL, NULL, 1, 1, 1, '2019-06-25 12:10:52', '2019-12-27 19:38:21', 0),
(549, 'Tesco Super Berry Granola', NULL, '<p>Tesco Super Berry Granola&nbsp;500gm</p>', '1559109804.1557561675.274323.jpg', 'tesco-super-berry-granola', '404649', 'in_stock', NULL, '790.00', '0.00', 2, '6', '2', '500', NULL, 1, 4, '', 37, NULL, NULL, NULL, 1, 1, 1, '2019-06-25 12:10:53', '2019-12-10 02:18:00', NULL),
(550, 'Tesco Super Grains and Seeds Granola', NULL, '<p>Tesco Super Grains &amp; Seeds Granola 500gm</p>', '1557561780.447805.jpg', 'tesco-super-grains-and-seeds-granola', '513426', 'in_stock', NULL, '785.00', '0.00', 2, '3', '1', '500', NULL, 1, 4, '', 23, NULL, NULL, NULL, 1, 1, 3, '2019-06-25 12:10:53', '2019-12-19 23:20:47', 0),
(551, 'Tesco Swiss Style Museli', NULL, '<p>Tesco Swiss Style Museli 1kg</p>', '1557561911.149546.jpg', 'tesco-swiss-style-museli', '493762', 'in_stock', NULL, '1250.00', '0.00', 2, '4', '2', '1', NULL, 1, 3, '', 42, NULL, NULL, NULL, 1, 1, 1, '2019-06-25 12:10:53', '2019-12-06 20:45:59', NULL),
(552, 'Tesco Swiss Style No Added Sugar Muesli', NULL, '<p>Tesco Swiss Style No Added Sugar Muesli 1Kg</p>', '1557562001.149545.jpg', 'tesco-swiss-style-no-added-sugar-muesli', '485314', 'in_stock', NULL, '1250.00', '0.00', 2, '4', '2', '1', NULL, 1, 3, '', 48, NULL, NULL, NULL, 1, 1, 1, '2019-06-25 12:10:53', '2019-12-08 05:06:20', 0),
(554, 'Truvia Jar Stevia Low Calorie Sweetener', NULL, NULL, '1559109713.1557562877.229332.jpg', 'truvia-jar-stevia-low-calorie-sweetener', '771824', 'in_stock', NULL, '1100.00', '0.00', 107, '6', '2', '270', NULL, 1, 4, '', 3, NULL, NULL, NULL, 1, 1, 1, '2019-06-25 12:10:53', '2019-12-09 20:02:01', NULL),
(555, 'Twinings Camomile & Honey Tea Bags', NULL, NULL, '1557562991.006684.jpg', 'twinings-camomile-honey-tea-bags', '712062', 'in_stock', NULL, '350.00', '0.00', 83, '6', '2', '20', NULL, 1, 1, '', 45, NULL, NULL, NULL, 1, 1, 1, '2019-06-25 12:10:53', '2019-12-27 05:18:42', NULL),
(556, 'Twinings Earl Grey 100 Tea Bags', NULL, NULL, '1559109605.1557563079.006745.jpg', 'twinings-earl-grey-100-tea-bags', '896353', 'in_stock', NULL, '775.00', '0.00', 83, '5', '2', '250', NULL, 1, 4, '', 47, NULL, NULL, NULL, 1, 1, 2, '2019-06-25 12:10:53', '2019-12-02 02:36:21', NULL),
(557, 'Twinings English Breakfast 100 Tea Bags', NULL, NULL, '1559109474.1557563241.006749.jpg', 'twinings-english-breakfast-100-tea-bags', '565962', 'in_stock', NULL, '1080.00', '0.00', 83, '6', '2', '250', NULL, 1, 4, '', 42, NULL, NULL, NULL, 1, 1, 1, '2019-06-25 12:10:53', '2019-12-18 23:27:15', 0),
(558, 'Twinings Everyday 100 Tea Bags', NULL, NULL, '1557563344.368374.jpg', 'twinings-everyday-100-tea-bags', '607370', 'in_stock', NULL, '1080.00', '0.00', 83, '6', '2', '100', NULL, 1, 4, '', 48, NULL, NULL, NULL, 1, 1, 1, '2019-06-25 12:10:53', '2019-12-18 23:26:59', 0),
(559, 'Twinings Jasmine Green Tea Bags', NULL, NULL, '1557563436.006752.jpg', 'twinings-jasmine-green-tea-bags', '433864', 'in_stock', NULL, '280.00', '0.00', 83, '100', '5', '20', NULL, 1, 4, '', 35, NULL, NULL, NULL, 1, 1, 2, '2019-06-25 12:10:53', '2019-09-25 12:52:30', NULL),
(560, 'Twinings Lemon & Ginger Tea Bags', NULL, NULL, '1557563966.006685.jpg', 'twinings-lemon-ginger-tea-bags', '436882', 'in_stock', NULL, '350.00', '0.00', 83, '2', '1', '20', NULL, 1, 1, '', 52, NULL, NULL, NULL, 1, 1, 1, '2019-06-25 12:10:53', '2019-12-23 18:02:29', NULL),
(561, 'Twinings Pure Camomile Tea Bags', NULL, NULL, '1557564119.006690.jpg', 'twinings-pure-camomile-tea-bags', '255411', 'in_stock', NULL, '350.00', '0.00', 83, '4', '1', '20', NULL, 1, 4, '', 85, NULL, NULL, NULL, 1, 1, 1, '2019-06-25 12:10:53', '2019-12-27 19:38:25', NULL),
(562, 'Twinings Pure Green Tea Bags', NULL, NULL, '1557564333.006757.jpg', 'twinings-pure-green-tea-bags', '486660', 'in_stock', NULL, '350.00', '0.00', 83, '5', '2', '20', NULL, 1, 1, '', 107, NULL, NULL, NULL, 1, 1, 1, '2019-06-25 12:10:53', '2019-12-27 19:40:27', NULL),
(563, 'Twinings Salted Caramel Green Tea Bags 20 per pack', NULL, NULL, '1557564480.318279.jpg', 'twinings-salted-caramel-green-tea-bags-20-per-pack', '628846', 'in_stock', NULL, '475.00', '0.00', 83, '6', '2', '20', NULL, 1, 1, '', 97, NULL, NULL, NULL, 1, 1, 1, '2019-06-25 12:10:53', '2019-12-23 18:03:20', 0),
(565, 'WERTHERS ORIGINAL CANDIES ALL FLV 80GM', NULL, NULL, '1557564811.082479.jpg', 'werthers-original-candies-all-flv-80gm', '920276', 'in_stock', NULL, '300.00', '0.00', 123, '5', '2', '80', NULL, 1, 4, '', 72, NULL, NULL, NULL, 1, 1, 1, '2019-06-25 12:10:53', '2019-12-26 01:56:56', 0),
(566, 'Twinings Camomile & Spearmint Tea Bags', NULL, NULL, '1557565035.006680.jpg', 'twinings-camomile-spearmint-tea-bags', '577623', 'in_stock', NULL, '350.00', '0.00', 83, '6', '2', '20', NULL, 1, 1, '', 81, NULL, NULL, NULL, 1, 1, 1, '2019-06-25 12:10:53', '2019-12-18 06:19:13', NULL),
(567, 'Wrigleys Extra Cool Breeze Gum 5 Pack', NULL, NULL, '1557565163.016034.jpg', 'wrigleys-extra-cool-breeze-gum-5-pack', '816034', 'in_stock', NULL, '350.00', '0.00', 101, '100', '5', '5', NULL, 1, 4, '', 68, NULL, NULL, NULL, 1, 1, 2, '2019-06-25 12:10:53', '2019-09-17 17:48:53', NULL),
(568, 'Wrigleys Extra Ice Peppermint Gum 5 Pack', NULL, NULL, '1557565400.016035.jpg', 'wrigleys-extra-ice-peppermint-gum-5-pack', '343052', 'in_stock', NULL, '415.00', '0.00', 101, '6', '1', '70', NULL, 1, 4, '', 56, NULL, NULL, NULL, 1, 1, 1, '2019-06-25 12:10:53', '2019-12-23 22:51:47', NULL),
(569, 'Glade Candle With Love', NULL, NULL, '1559109078.1558155694.untitled-1.jpg', 'glade-candle-with-love', '509550', 'in_stock', NULL, '670.00', '0.00', 23, '100', '5', '120', NULL, 1, 4, '', 74, NULL, NULL, NULL, 1, 1, 2, '2019-06-25 12:10:53', '2019-12-02 02:17:02', NULL),
(570, 'Glade Candle Relaxing Zen', NULL, NULL, '1558155353.image1.jpg', 'glade-candle-relaxing-zen', '834383', 'in_stock', NULL, '670.00', '0.00', 23, '6', '1', '120', NULL, 1, 2, '', 225, NULL, NULL, NULL, 1, 1, 1, '2019-06-25 12:10:53', '2019-12-21 18:23:13', NULL),
(571, 'Glade Candle Honey & Chocolate', NULL, NULL, '1559109064.1558155818.untitled-2.jpg', 'glade-candle-honey-chocolate', '432477', 'in_stock', NULL, '670.00', '0.00', 23, '6', '1', '120', NULL, 1, 2, '', 263, NULL, NULL, NULL, 1, 1, 1, '2019-06-25 12:10:53', '2019-12-23 09:04:26', NULL),
(572, 'Ryvita Thins Multiseed', NULL, NULL, '1557550097.102037.jpg', 'ryvita-thins-multiseed', '432478', 'in_stock', NULL, '390.00', '0.00', 1, '6', '1', '125', NULL, 1, 4, '1557550097.102037.jpg', 35, NULL, NULL, NULL, 1, 1, 1, '2019-07-21 06:07:09', '2020-01-07 14:24:08', 0),
(573, 'Starburst Fruit Chews Trick or Treat', 'Starburst fruit chews Trickor treat 165gm', '<p><span style=\"background-color:rgb(249, 249, 249); color:rgb(93, 93, 96); font-family:sans-serif; font-size:14px\">Starburst fruit chews Trickor treat 165gm</span></p>', '1555319667._dsc6138.jpg', 'starburst-fruit-chews-trick-or-treat', '767799', 'in_stock', NULL, '350.00', '0.00', 99, '6', '2', '165', NULL, 1, 4, NULL, 3, NULL, NULL, NULL, 1, 1, 2, '2019-07-21 08:48:10', '2019-09-17 17:36:15', NULL),
(574, 'Heinz Turkish Style Garlic Sauce', NULL, NULL, '1555322613._dsc6147.jpg', 'heinz-turkish-style-garlic-sauce', '767780', 'in_stock', NULL, '460.00', '0.00', 10, NULL, NULL, '200', NULL, 1, 4, NULL, 1, NULL, NULL, NULL, 1, NULL, 2, '2019-07-21 09:19:38', '2019-07-21 12:39:34', NULL),
(575, 'Betty Crocker Chocolate Chip Cookie Mix', NULL, NULL, '1555748332.022290.jpg', 'betty-crocker-chocolate-chip-cookie-mix', '767781', 'in_stock', NULL, '440.00', '0.00', 22, '6', '2', '200', NULL, 1, 4, NULL, 36, NULL, NULL, NULL, 1, 1, 1, '2019-07-21 09:33:22', '2019-12-22 22:09:42', NULL),
(576, 'Dr. Oetker Extra Dark Chocolate', 'Dr. Oetker extra dark chocolate 150gm', '<div class=\"detail-area\" style=\"box-sizing: border-box; width: 1801.14px; color: rgb(93, 93, 96); font-family: sans-serif; font-size: 14px; background-color: rgb(249, 249, 249);\">\r\n<div class=\"row\" style=\"box-sizing: border-box; display: flex; flex-wrap: wrap; margin-right: -15px; margin-left: -15px;\">\r\n<div class=\"col-12\" style=\"box-sizing: border-box; position: relative; width: 1831.14px; min-height: 1px; padding-right: 25px; padding-left: 25px; -webkit-box-flex: 0; flex: 0 0 100%; max-width: 100%;\">\r\n<div class=\"product-tabs\" style=\"box-sizing: border-box; margin-bottom: 60px;\">\r\n<div class=\"tab-content\" style=\"box-sizing: border-box;\">\r\n<div class=\"tab-pane active\" id=\"product_desc\" style=\"box-sizing: border-box;\">\r\n<p>Dr. Oetker extra dark chocolate 150gm</p>\r\n\r\n<div>&nbsp;</div>\r\n\r\n<p>&nbsp;</p>\r\n</div>\r\n</div>\r\n</div>\r\n</div>\r\n</div>\r\n</div>\r\n\r\n<div class=\"related-product-area\" style=\"box-sizing: border-box; width: 1801.14px; color: rgb(93, 93, 96); font-family: sans-serif; font-size: 14px; background-color: rgb(249, 249, 249);\">\r\n<div class=\"heading\" style=\"box-sizing: border-box; margin-bottom: 20px;\">&nbsp;</div>\r\n</div>', '1555321762.m_mart_1.jpg', 'dr-oetker-extra-dark-chocolate', '767782', 'in_stock', NULL, '438.00', '0.00', 34, NULL, NULL, '150', NULL, 1, 4, NULL, 20, NULL, NULL, NULL, 1, NULL, 2, '2019-07-21 09:46:00', '2019-09-24 14:49:03', NULL),
(577, 'Spontex 4 Washup Scourer', 'Spontex 4 Washups Scourer', '<p>Spontex 4 Washups Scourer</p>', '1553746129._dsc5953.jpg', 'spontex-4-washup-scourer', '767784', 'in_stock', NULL, '280.00', '0.00', 48, NULL, NULL, '0', NULL, 1, 4, NULL, 1, NULL, NULL, NULL, 1, NULL, 2, '2019-07-21 10:43:55', '2019-07-21 12:39:16', NULL),
(578, 'Whiskas 1+ Year', 'Whiskas 1+year 85gm', '<p>Whiskas 1+year 85gm</p>', '_dsc5686.jpg', 'whiskas-1-year', '767785', 'in_stock', NULL, '95.00', '0.00', 26, NULL, NULL, '85', NULL, 1, 4, NULL, 41, NULL, NULL, NULL, 1, 1, 1, '2019-07-21 11:03:49', '2019-12-22 22:10:30', NULL),
(579, 'Whiskas Whitefish 7+', 'Whiskas whitefish 7+ 85gm', '<p>Whiskas whitefish 7+ 85gm</p>', '1553682540._dsc5694.jpg', 'whiskas-whitefish-7', '767786', 'in_stock', NULL, '95.00', '0.00', 26, NULL, NULL, '85', NULL, 1, 4, NULL, 2, NULL, NULL, NULL, 1, 1, 2, '2019-07-21 11:06:37', '2019-10-31 13:45:00', NULL),
(580, 'Pot Noodle Original Curry Flavor', NULL, '<p>Pot Noodle Original Curry Flavor</p>', 'pot_noodle_original_curry_flavor.jpg', 'pot-noodle-original-curry-flavor', '76773222', 'in_stock', NULL, '250.00', '0.00', 3, '6', '1', '90', NULL, 1, 2, NULL, 4, NULL, NULL, NULL, 1, 1, 1, '2019-07-23 12:17:12', '2019-12-11 10:22:17', NULL),
(581, 'Kiwi Dark Tan Shoe Polish', NULL, NULL, 'kiwi_dark_tan_shoe_polish.jpg', 'kiwi-dark-tan-shoe-polish', '767732223', 'in_stock', NULL, '250.00', '0.00', 106, '500', '5', '50', NULL, 1, 6, NULL, 28, NULL, NULL, NULL, 1, NULL, 1, '2019-07-23 14:22:33', '2019-12-12 02:54:29', NULL),
(582, 'Spontex The Essential Sponge Cloth 4pcs', NULL, NULL, 'spontex_the_essential_sponge_cloth.jpg', 'spontex-the-essential-sponge-cloth', '83438309', 'in_stock', NULL, '375.00', '0.00', 48, '99', '5', '4', NULL, 1, 1, NULL, 39, NULL, NULL, NULL, 1, 1, 2, '2019-07-23 14:45:28', '2019-12-17 20:07:35', 0),
(583, 'Spontex Supreme All Purpose Cloths 10pcs', NULL, '<p>Spontex Supreme All Purpose Cloths 10pcs</p>', 'spontex_supreme_all_purpose_cloths.jpg', 'spontex-supreme-all-purpose-cloths-10-pcs', '83438302', 'in_stock', NULL, '490.00', '0.00', 48, '1000', '5', '10', NULL, 1, 1, NULL, 53, NULL, NULL, NULL, 1, NULL, 1, '2019-07-23 14:50:53', '2019-12-17 04:52:10', NULL),
(584, 'Spontex 4 Washup Sponge', NULL, NULL, 'spontex_4_washup_sponge.jpg', 'spontex-4-washup-sponge-1', '83438399', 'in_stock', NULL, '375.00', '0.00', 48, '6', '2', '4', NULL, 1, 7, NULL, 54, NULL, NULL, NULL, 1, 1, 1, '2019-07-23 14:54:44', '2019-12-17 04:51:44', NULL),
(585, 'Immunace Original', NULL, '<p>Immune Original</p>', 'immune_original.jpg', 'immune-original', '23243454', 'in_stock', NULL, '1000.00', '0.00', 114, '232', '4', '1', NULL, 1, 1, NULL, 30, NULL, NULL, NULL, 1, 1, 2, '2019-07-23 15:10:35', '2019-09-27 18:28:59', NULL),
(586, 'Quick Milk Magic Sipper Chocolate Flavor', NULL, '<p>Quick Milk Magic Sipper Chocolate Flavor</p>', 'quick_milk_magic_sipper_chocolate_flavor.jpg', 'quick-milk-magic-sipper-chocolate-flavor', '2346788', 'in_stock', NULL, '250.00', '0.00', 79, '6', '2', '78', NULL, 1, 4, NULL, 53, NULL, NULL, NULL, 1, 1, 1, '2019-07-23 15:16:19', '2019-12-21 04:21:38', NULL),
(587, 'Starbucks Colombia Medium Ground Coffee', NULL, '<p>Starbucks Colombia Medium Ground Coffee</p>', 'starbucks-columbia1_1.png', 'starbucks-colombia-medium-ground-coffee', '2344543', 'in_stock', NULL, '800.00', '0.00', 99, '3', '1', '200', NULL, 1, 4, NULL, 70, NULL, NULL, NULL, 1, 1, 1, '2019-07-23 15:20:21', '2019-12-23 04:17:56', NULL),
(588, 'Nescafe Gold Caramel Latte', NULL, NULL, 'nescafe-caramel.png', 'nescafe-gold-caramel-latte', '213345455', 'in_stock', NULL, '550.00', '0.00', 52, '6', '2', '396', NULL, 1, 4, NULL, 76, NULL, NULL, NULL, 1, 1, 1, '2019-07-23 15:26:33', '2019-12-19 00:13:14', 0),
(589, 'Nescafe Gold Cappuccino 8 Mug', NULL, '<p>Nescafe Gold Cappuccino 8 Mug</p>', 'nescafe_gold_creamy_latte.jpg', 'nescafe-gold-cappuccino-8-mug', '32123445', 'in_stock', NULL, '500.00', '0.00', 52, '6', '3', '136', NULL, 1, 4, NULL, 42, NULL, NULL, NULL, 1, 1, 2, '2019-07-23 15:42:03', '2019-11-13 18:31:09', NULL),
(590, 'Dr. Oetker Chocolatey Mix', NULL, '<p>Oetker Chocolatey Mix</p>', 'oetker_chocolatey_mix.jpg', 'oetker-chocolatey-mix', '34456443', 'in_stock', NULL, '565.00', '0.00', 34, '4', '1', '76', NULL, 1, 4, NULL, 33, NULL, NULL, NULL, 1, 1, 1, '2019-07-23 15:47:39', '2019-12-11 22:28:11', NULL),
(591, 'Dr. Oetker Bright & Bold Mix', NULL, '<p>Dr. Oetker Bright &amp; Bold Mix</p>', 'dr._oetker_bright_a_bold_mix.jpg', 'dr-oetker-bright-bold-mix', '556455345', 'in_stock', NULL, '565.00', '0.00', 34, '4', '1', '89', NULL, 1, 4, NULL, 58, NULL, NULL, NULL, 1, 1, 1, '2019-07-23 15:50:09', '2019-12-11 22:27:14', NULL),
(592, 'Nando\'s Garlic Peri-Peri Rub - Medium', NULL, '<p><strong>Nando&#39;s Garlic Peri-Peri Rub - Medium</strong></p>', 'nando_s_peri_peri_rub_garlic_medium.jpg', 'nandos-garlic-peri-peri-rub-medium', '34343232', 'in_stock', NULL, '220.00', '0.00', 76, '6', '2', '25', NULL, 1, 2, NULL, 97, NULL, NULL, NULL, 1, 1, 1, '2019-07-23 15:53:07', '2019-11-24 00:42:44', NULL),
(593, 'Hellmann\'s Real Mayonnaise', NULL, '<p>Hellman&#39;s Real Mayonnaise</p>', 'hellman_s_real_mayonnaise.jpg', 'hellmans-real-mayonnaise-1', '24343556', 'in_stock', NULL, '635.00', '0.00', 11, '3', '1', '430', NULL, 1, 6, NULL, 190, 'Hellmann\'s Real Mayonnaise', 'Mayonnaise, Hellmann\'s', 'Hellmann\'s Real Mayonnaise', 1, 1, 2, '2019-07-23 16:16:16', '2019-12-02 02:34:46', NULL),
(594, 'Oreo Cookies Original', NULL, NULL, 'oreo-original-154g.png', 'oreo-cookies-original', '111', 'in_stock', NULL, '250.00', '0.00', 21, '3', '3', '154', NULL, 1, 2, NULL, 22, NULL, NULL, NULL, 1, 1, 2, '2019-08-01 07:42:02', '2019-11-21 11:22:04', 0),
(595, 'Schwartz Basil', NULL, NULL, 'basil_1.gif', 'schwartz-basil', 'Spice12', 'in_stock', NULL, '320.00', '0.00', 12, '3', '1', '10', NULL, 1, 2, NULL, 9, NULL, NULL, NULL, 1, 1, 1, '2019-08-06 16:10:42', '2019-12-10 12:05:29', NULL),
(596, 'Schwartz Bay Leaves', NULL, NULL, 'bay-leaf.gif', 'schwartz-bay-leaves', 'Spice11', 'in_stock', NULL, '265.00', '0.00', 12, '3', '1', '6', NULL, 1, 2, NULL, 1, NULL, NULL, NULL, 1, 1, 2, '2019-08-07 15:27:09', '2019-12-02 02:35:45', NULL),
(597, 'Schwartz Chinese 5 Spice Seasoning', NULL, NULL, '5-spice.gif', 'schwartz-chinese-5-spice-seasoning', 'spice10', 'in_stock', NULL, '300.00', '0.00', 12, '3', '1', '58', NULL, 1, 2, NULL, 2, NULL, NULL, NULL, 1, 1, 1, '2019-08-07 15:42:26', '2019-12-11 08:17:37', NULL),
(598, 'Schwartz Cajun Seasoning', NULL, NULL, 'cajun_1.gif', 'schwartz-cajun-seasoning', 'spice09', 'in_stock', NULL, '375.00', '0.00', 12, '3', '1', '44', NULL, 1, 2, NULL, 2, NULL, NULL, NULL, 1, 1, 1, '2019-08-07 15:46:42', '2019-12-10 12:08:04', NULL),
(599, 'Schwartz Ground Cumin', NULL, NULL, 'ground-cumin.gif', 'schwartz-ground-cumin', 'spice08', 'in_stock', NULL, '305.00', '0.00', 12, '3', '1', '37', NULL, 1, 2, NULL, 2, NULL, NULL, NULL, 1, 1, 1, '2019-08-07 16:23:20', '2019-12-10 12:09:19', NULL),
(600, 'Schwartz Garlic Salt', NULL, NULL, 'garlic-salt.gif', 'schwartz-garlic-salt', 'spice07', 'in_stock', NULL, '395.00', '0.00', 12, '3', '1', '73', NULL, 1, 2, NULL, 2, NULL, NULL, NULL, 1, 1, 1, '2019-08-07 16:27:28', '2019-12-10 12:06:56', NULL),
(601, 'Schwartz Garlic Granules', NULL, NULL, 'garlic-granules.gif', 'schwartz-garlic-granules', 'spice06', 'in_stock', NULL, '410.00', '0.00', 12, '3', '1', '50', NULL, 1, 2, NULL, 8, NULL, NULL, NULL, 1, 1, 1, '2019-08-07 16:32:09', '2019-12-11 08:18:54', NULL),
(602, 'Schwartz Cinnamon Sticks', NULL, NULL, 'cinemmon-sticks.gif', 'schwartz-cinnamon-sticks', 'spice05', 'in_stock', NULL, '400.00', '0.00', 12, '3', '1', '13', NULL, 1, 2, NULL, 10, NULL, NULL, NULL, 1, 1, 1, '2019-08-07 16:35:11', '2019-12-10 12:08:41', NULL),
(603, 'Schwartz Mixed Herbs', NULL, NULL, 'mixed-herb.gif', 'schwartz-mixed-herbs', 'spice04', 'in_stock', NULL, '320.00', '0.00', 12, '3', '1', '11', NULL, 1, 2, NULL, 8, NULL, NULL, NULL, 1, 1, 1, '2019-08-07 16:37:44', '2019-12-10 12:06:19', NULL),
(604, 'Schwartz Whole Cloves', NULL, NULL, 'cloves.gif', 'schwartz-whole-cloves', 'spice03', 'in_stock', NULL, '405.00', '0.00', 12, '3', '1', '22', NULL, 1, 2, NULL, 11, NULL, NULL, NULL, 1, 1, 1, '2019-08-07 16:40:31', '2019-12-10 12:09:56', NULL),
(605, 'Schwartz Parsley Grinder', NULL, NULL, 'parseley-grinder.gif', 'schwartz-parsley-grinder', 'spice02', 'in_stock', NULL, '450.00', '0.00', 12, '3', '1', '6', NULL, 1, 2, NULL, 9, NULL, NULL, NULL, 1, 1, 1, '2019-08-07 16:49:30', '2019-12-10 12:07:26', NULL),
(606, 'Schwartz Parsley Flat Leaf', NULL, NULL, 'parsley-flat-leaves.gif', 'schwartz-parsley-flat-leaf', 'spice01', 'in_stock', NULL, '405.00', '0.00', 12, '3', '1', '3', NULL, 1, 2, NULL, 6, NULL, NULL, NULL, 1, 1, 1, '2019-08-07 16:51:33', '2019-12-10 12:05:14', NULL),
(607, 'Schwartz Mixed Spice', NULL, NULL, 'mixed-spice.gif', 'schwartz-mixed-spice', 'spice13', 'in_stock', NULL, '400.00', '0.00', 12, '3', '1', '28', NULL, 1, 2, NULL, 11, NULL, NULL, NULL, 1, 1, 1, '2019-08-07 16:53:53', '2019-12-10 12:06:01', NULL),
(608, 'Schwartz Cardamom Pods', NULL, NULL, 'cardamom-pods.gif', 'schwartz-cardamom-pods', 'spice14', 'in_stock', NULL, '400.00', '0.00', 12, '3', '1', '26', NULL, 1, 2, NULL, 9, NULL, NULL, NULL, 1, 1, 1, '2019-08-07 16:56:11', '2019-12-10 12:06:37', NULL),
(609, 'Schwartz Steak Seasoning - Pepper & Garlic', NULL, NULL, 'steak-seasoning_1.gif', 'schwartz-steak-seasoning-pepper-garlic', 'sku15', 'in_stock', NULL, '350.00', '0.00', 12, '3', '1', '45', NULL, 1, 2, NULL, 11, NULL, NULL, NULL, 1, 1, 1, '2019-08-07 16:59:15', '2019-12-11 08:22:03', NULL),
(610, 'Schwartz Herbes de Provence', NULL, NULL, 'herbs-de-province.gif', 'schwartz-herbes-de-provence', 'spice16', 'in_stock', NULL, '390.00', '0.00', 12, '3', '1', '11', NULL, 1, 2, NULL, 10, NULL, NULL, NULL, 1, 1, 1, '2019-08-07 17:01:15', '2019-12-10 12:10:34', NULL),
(611, 'Schwartz Oregano Grinder', NULL, NULL, 'oregano-grinder.gif', 'schwartz-oregano-grinder', 'sku17', 'in_stock', NULL, '450.00', '0.00', 12, '3', '1', '15', NULL, 1, 2, NULL, 14, NULL, NULL, NULL, 1, 1, 1, '2019-08-07 17:03:04', '2019-12-11 08:16:29', NULL),
(612, 'Schwartz Rosemary', NULL, NULL, 'rosemary_2.gif', 'schwartz-rosemary', 'spice18', 'in_stock', NULL, '395.00', '0.00', 12, '3', '1', '18', NULL, 1, 2, NULL, 16, NULL, NULL, NULL, 1, 1, 1, '2019-08-07 17:06:03', '2019-12-10 12:05:45', NULL),
(613, 'Mentos White Gum - Peppermint', NULL, NULL, 'peppermint.gif', 'mentos-white-gum-peppermint', 'Chewing1', 'in_stock', NULL, '220.00', '0.00', 31, '6', '1', '60', NULL, 1, 4, NULL, 17, NULL, NULL, NULL, 1, 1, 1, '2019-08-17 14:23:22', '2019-12-23 20:25:34', NULL),
(614, 'Mentos White Gum - Spearmint', NULL, NULL, 'spearmint.gif', 'mentos-white-gum-spearmint', 'chewing2', 'in_stock', NULL, '220.00', '0.00', 31, '6', '2', '60', NULL, 1, 4, NULL, 17, NULL, NULL, NULL, 1, 1, 1, '2019-08-17 14:26:33', '2019-12-23 20:26:48', NULL),
(615, 'Wrigleys Extra Spearmint 5 Pack', NULL, NULL, 'extra-spearmint.gif', 'wrigleys-extra-sugarfree-gum-spearmint', 'chewing3', 'in_stock', NULL, '415.00', '0.00', 101, '6', '2', '70', NULL, 1, 4, NULL, 11, NULL, NULL, NULL, 1, 1, 1, '2019-08-17 14:34:01', '2019-12-23 22:56:40', 0),
(616, 'Kallo Organic Fairtrade Rice Cake - Sesame', NULL, NULL, 'kallos.gif', 'kallo-organic-fairtrade-rice-cake-sesame', 'snacks1', 'in_stock', NULL, '220.00', '0.00', 71, '4', '1', '130', NULL, 1, 4, NULL, 3, NULL, NULL, NULL, 1, 1, 2, '2019-08-17 14:39:36', '2019-09-17 15:54:10', NULL),
(617, 'Knorr Super Chicken Noodle Soup', NULL, NULL, 'knor-super-chicken.gif', 'knorr-super-chicken-noodle-soup', 'soup1', 'in_stock', NULL, '180.00', '0.00', 90, '4', '1', '51', NULL, 1, 2, NULL, 9, NULL, NULL, NULL, 1, 1, 1, '2019-08-17 14:42:33', '2019-12-11 03:17:42', 0),
(618, 'Knorr Chicken & Leek Soup', NULL, NULL, 'knor-chicken-and-leak.gif', 'knorr-chicken-leek-soup', 'soup2', 'in_stock', NULL, '180.00', '0.00', 90, '4', '1', '60', NULL, 1, 4, NULL, 15, NULL, NULL, NULL, 1, 1, 1, '2019-08-17 14:45:12', '2019-12-24 00:42:29', 0),
(619, 'Knorr Florida Spring Vegetable Soup', NULL, NULL, 'knor-vegetable_1.gif', 'knorr-florida-spring-vegetable-soup', 'soup3', 'in_stock', NULL, '180.00', '0.00', 90, '4', '1', '48', NULL, 1, 2, NULL, 14, NULL, NULL, NULL, 1, 1, 1, '2019-08-17 14:49:50', '2019-12-11 03:13:26', 0),
(620, 'Carex Anti-Bacterial Hand Gel - Aloe Vera', NULL, NULL, 'carex-green_2.gif', 'carex-anti-bacterial-hand-gel-aloe-vera', 'handgel1', 'in_stock', NULL, '220.00', '0.00', 53, '6', '2', '50', NULL, 1, 6, NULL, 16, NULL, NULL, NULL, 1, 1, 2, '2019-08-17 14:54:04', '2019-12-02 02:14:01', 0),
(621, 'Carex Refreshing Hand Gel - Strawberry Laces', NULL, NULL, 'carex-strawberry_1.gif', 'carex-refreshing-hand-gel-strawberry-laces', 'handgel2', 'in_stock', NULL, '220.00', '0.00', 53, '6', '2', '50', NULL, 1, 6, NULL, 12, NULL, NULL, NULL, 1, 1, 2, '2019-08-17 14:59:02', '2019-12-02 02:13:46', 0),
(622, 'Cuticura Original Anti-Bacterial Hand Gel - Floral & Fruity', NULL, NULL, 'carex-strawberry.gif', 'cuticura-original-anti-bacterial-hand-gel-floral-fruity', 'handgel4', 'in_stock', NULL, '220.00', '0.00', 125, '6', '2', '100', NULL, 1, 6, NULL, 17, NULL, NULL, NULL, 1, 1, 1, '2019-08-17 15:02:03', '2019-12-21 05:57:52', 0),
(623, 'Cuticura Total Advanced Defence Hand Gel', NULL, NULL, 'cuticura-total-defence.gif', 'cuticura-total-advanced-defence-hand-gel', 'handgel3', 'in_stock', NULL, '295.00', '0.00', 125, '4', '2', '100', NULL, 1, 6, NULL, 27, NULL, NULL, NULL, 1, 1, 1, '2019-08-17 15:06:03', '2019-12-20 16:32:17', 0),
(624, 'Boots Fragrance-free Moisturising Cream', NULL, NULL, 'boots.png', 'boots-fragrance-free-moisturising-cream', 'cream1', 'in_stock', NULL, '360.00', '0.00', 35, '6', '2', '100', NULL, 1, 6, NULL, 14, NULL, NULL, NULL, 1, 1, 2, '2019-08-17 15:10:26', '2019-11-21 10:14:20', 0),
(625, 'Schwartz Black Peppercorns Whole Medium', NULL, NULL, 'black-peppercorn.gif', 'schwartz-black-peppercorns-whole-medium', 'Spice 34', 'in_stock', NULL, '450.00', '0.00', 12, '3', '1', '35', NULL, 1, 4, NULL, 22, NULL, NULL, NULL, 1, 1, 1, '2019-09-03 12:24:45', '2019-12-24 23:57:57', NULL),
(626, 'Doritos Mild Salsa', NULL, NULL, '0.jpg', 'doritos-mild-salsa', 'sauce1', 'in_stock', NULL, '595.00', '0.00', 74, '6', '2', '300', NULL, 1, 2, NULL, 34, NULL, NULL, NULL, 1, 1, 1, '2019-09-07 16:25:45', '2019-12-16 00:44:56', NULL),
(627, 'Illy Espresso Ground Coffee Dark Roast', NULL, NULL, 'illy-coffee.gif', 'illy-espresso-ground-coffee-dark-roast', 'coffee1', 'in_stock', NULL, '800.00', '0.00', 51, '3', '1', '125', NULL, 1, 2, NULL, 27, NULL, NULL, NULL, 1, 1, 1, '2019-09-07 16:31:13', '2019-12-26 03:45:36', 0),
(628, 'Starbucks House Blend Medium Roast', NULL, NULL, 'starbucks-columbia1_1.png', 'starbucks-house-blend', 'coffee3', 'in_stock', NULL, '800.00', '0.00', 99, '3', '1', '200', NULL, 1, 2, NULL, 18, NULL, NULL, NULL, 1, 1, 2, '2019-09-07 17:02:53', '2019-12-02 02:37:59', NULL),
(629, 'Starbucks Caffe Verona Dark Roast', NULL, NULL, 'starbucks-caffe-verona.gif', 'starbucks-caffe-verona-dark-roast', 'coffee4', 'in_stock', NULL, '320.00', '0.00', 99, '3', '1', '200', NULL, 1, 2, NULL, 10, NULL, NULL, NULL, 1, NULL, 2, '2019-09-07 17:05:43', '2019-10-28 06:20:38', NULL),
(630, 'Cuticura Original', NULL, NULL, 'cuticura-original.gif', 'cuticura-original', 'handgel5', 'in_stock', NULL, '295.00', '0.00', 125, '6', '2', '100', NULL, 1, 6, NULL, 37, NULL, NULL, NULL, 1, 1, 1, '2019-09-07 17:08:39', '2019-12-24 22:13:51', 0),
(631, 'Colgate Slim Soft Toothbrush', NULL, NULL, 'colgate-slim-soft.gif', 'colgate-slim-soft-toothbrush', 'toothbrush', 'in_stock', NULL, '320.00', '0.00', 111, '3', '1', '5', NULL, 1, 2, NULL, 18, NULL, NULL, NULL, 1, NULL, 1, '2019-09-07 17:17:20', '2019-11-03 20:55:28', NULL),
(632, 'Sensodyne Repair & Protect Soft Toothbrush', NULL, NULL, 'sensodyne-repair-a-protect.gif', 'sensodyne-repair-protect-soft-toothbrush', 'toothbrush2', 'in_stock', NULL, '320.00', '0.00', 112, '3', '1', '5', NULL, 1, 2, NULL, 18, NULL, NULL, NULL, 1, NULL, 1, '2019-09-07 17:22:16', '2019-12-18 08:30:39', NULL),
(633, 'Aquafresh Milk Teeth 0 to 2 Years Toothbrush', NULL, NULL, 'colgate-milk-teeth.gif', 'aquafresh-milk-teeth-0-to-2-years-toothbrush', 'toothbrush1', 'in_stock', NULL, '320.00', '0.00', 109, '3', '1', '5', NULL, 1, 2, NULL, 16, NULL, NULL, NULL, 1, NULL, 1, '2019-09-07 18:40:19', '2019-11-05 08:52:04', NULL),
(634, 'Oral B Pro Gum Care Toothbrush', NULL, NULL, 'oral-b-sensiclean-pro-gum-c.gif', 'oral-b-pro-gum-care-toothbrush', 'toothbrush3', 'in_stock', NULL, '320.00', '0.00', 110, '3', '1', '5', NULL, 1, 2, NULL, 14, NULL, NULL, NULL, 1, NULL, 3, '2019-09-07 18:42:03', '2019-10-31 15:18:24', NULL),
(635, 'Illy Espresso Arabic Selection Brasile Coffee Bean', NULL, NULL, '_dsc5929.jpg', 'illy-espresso-arabic-selection-brasile-coffee-bean-1', '9370391', 'in_stock', NULL, '1425.00', '0.00', 51, '50', '5', '250', '219', 1, 2, NULL, 0, NULL, NULL, NULL, 1, 1, 3, '2019-09-09 10:26:22', '2019-09-09 10:27:33', NULL),
(636, 'Tesco Honey & Almond Granola', NULL, NULL, 'tesco-honey-and-almond.gif', 'tesco-honey-almond-granola-1', 'granola1', 'in_stock', NULL, '815.00', '0.00', 2, '6', '2', '500', NULL, 1, 4, NULL, 4, NULL, NULL, NULL, 1, NULL, 1, '2019-09-11 12:28:41', '2019-12-24 21:53:43', NULL),
(637, 'Cadbury Brunch Bar - Chocolate Chip', NULL, NULL, 'cadbury-brunch.png', 'cadbury-brunch-bar-chocolate-chip', 'brunch', 'in_stock', NULL, '390.00', '0.00', 8, '6', '2', '192', NULL, 1, 4, NULL, 16, NULL, NULL, NULL, 1, 1, 2, '2019-09-12 12:38:39', '2019-12-01 02:29:53', NULL),
(638, 'Jacob\'s Baked Cheddars Cheese Biscuits', NULL, NULL, 'jacobs-cheddars.gif', 'jacobs-baked-cheddars-cheese-biscuits', 'biscuit', 'in_stock', NULL, '315.00', '0.00', 13, '6', '2', '150', NULL, 1, 2, NULL, 32, NULL, NULL, NULL, 1, 1, 1, '2019-09-12 12:41:20', '2019-12-18 07:29:28', NULL),
(639, 'Oreo Original', NULL, NULL, 'more-web-photos.gif', 'oreo-original', 'biscuit101', 'in_stock', NULL, '165.00', '0.00', 21, '25', '1', '66', NULL, 1, 2, NULL, 31, NULL, NULL, NULL, 1, 1, 1, '2019-10-20 15:00:33', '2019-12-27 19:39:10', 1),
(640, 'Oreo Original', NULL, NULL, 'oreo-original-1.gif', 'oreo-original-1', 'biscuit102', 'in_stock', NULL, '250.00', '0.00', 21, '6', '1', '154', NULL, 1, 4, NULL, 14, NULL, NULL, NULL, 1, 1, 1, '2019-10-20 15:04:20', '2019-12-07 00:36:36', NULL),
(641, 'Old El Paso Seasoning Mix for Tacos', NULL, NULL, 'taco-seasoning.gif', 'old-el-paso-seasoning-mix-for-tacos', 'seasoning1', 'in_stock', NULL, '235.00', '0.00', 84, '4', '1', '25', NULL, 1, 2, NULL, 17, NULL, NULL, NULL, 1, 1, 1, '2019-10-20 15:36:23', '2019-12-27 19:41:06', NULL),
(642, 'Kiwi Shoe Polish - Neutral', NULL, NULL, 'kiwi-shoe-polish-neutral.gif', 'kiwi-shoe-polish-neutral', 'shoe1', 'in_stock', NULL, '295.00', '0.00', 106, '4', '1', '50', NULL, 1, 6, NULL, 24, NULL, NULL, NULL, 1, 1, 1, '2019-10-21 16:53:29', '2019-12-20 15:54:54', NULL),
(643, 'Saxa Fine Sea Salt', NULL, NULL, 'saxa-fine-salt.gif', 'saxa-fine-sea-salt', 'salt1', 'in_stock', NULL, '450.00', '0.00', 126, '6', '2', '350', NULL, 1, 4, NULL, 13, NULL, NULL, NULL, 1, NULL, 1, '2019-10-31 13:56:18', '2019-12-06 20:32:37', NULL),
(644, 'Starbucks Espresso Dark Roast Whole Bean Coffee', NULL, NULL, 'starbucks-dark-roast1.png', 'starbucks-expresso-dark-roast-whole-bean-coffee', 'coffee10', 'in_stock', NULL, '800.00', '0.00', 99, '6', '1', '200', NULL, 1, 2, NULL, 16, NULL, NULL, NULL, 1, 1, 1, '2019-11-04 13:35:28', '2019-12-06 20:43:55', 0),
(645, 'Sensodyne Repair & Protect', NULL, NULL, 'sensodyne-repair1.png', 'sensodyne-repair-protect', 'tooth1', 'in_stock', NULL, '515.00', '0.00', 112, '12', '6', '75', NULL, 1, 6, NULL, 6, NULL, NULL, NULL, 1, NULL, 1, '2019-11-04 13:49:55', '2019-12-06 20:45:02', NULL),
(646, 'Sensodyne Pronamel Daily Protection', NULL, NULL, 'sensodyne-daily1.png', 'sensodyne-pronamel-daily-protection', 'tooth2', 'in_stock', NULL, '480.00', '0.00', 112, '6', '2', '75', NULL, 1, 6, NULL, 15, NULL, NULL, NULL, 1, NULL, 1, '2019-11-04 14:05:29', '2019-12-23 09:15:02', NULL),
(647, 'Sensodyne Pronamel Gentle Whitening', NULL, NULL, 'sensodyne-whitening1.png', 'sensodyne-pronamel-gentle-whitening', 'tooth6', 'in_stock', NULL, '480.00', '0.00', 112, '6', '2', '75', NULL, 1, 6, NULL, 8, NULL, NULL, NULL, 1, NULL, 1, '2019-11-04 14:15:12', '2019-12-18 08:27:47', NULL),
(648, 'Sensodyne Pronamel Multi-Action Toothpaste', NULL, NULL, 'sensodyne-multi1.png', 'sensodyne-pronamel-multi-action-toothpaste', 'tooth9', 'in_stock', NULL, '480.00', '0.00', 112, '5', '2', '75', NULL, 1, 6, NULL, 22, NULL, NULL, NULL, 1, 1, 1, '2019-11-04 14:19:03', '2019-12-27 19:39:01', 1),
(649, 'Cif Cream Lemon Fresh', NULL, NULL, 'cif-lemon.png', 'cif-cream-lemon-fresh', 'household12', 'in_stock', NULL, '690.00', '0.00', 46, '8', '1', '500', NULL, 1, 6, NULL, 3, NULL, NULL, NULL, 1, NULL, 1, '2019-11-13 17:56:51', '2019-12-06 20:45:58', 0),
(650, 'Cif Cream Original White', NULL, NULL, 'cif-original.png', 'cif-cream-original-white', 'household13', 'in_stock', NULL, '690.00', '0.00', 46, '8', '1', '500', NULL, 1, 6, NULL, 3, NULL, NULL, NULL, 1, NULL, 1, '2019-11-13 17:59:02', '2019-12-08 05:06:57', 0),
(651, 'Pot Noodle Bombay Bad Boy', NULL, NULL, 'pot-noodle-bad-bombay.png', 'pot-noodle-bombay-bad-boy', 'noodle1', 'in_stock', NULL, '250.00', '0.00', 63, '6', '1', '90', NULL, 1, 4, NULL, 3, NULL, NULL, NULL, 1, NULL, 1, '2019-11-13 18:02:14', '2019-12-12 01:21:31', 0),
(652, 'Tesco Organic Wholewheat Fusilli', NULL, NULL, 'tesco-wholewhete-fusilli1.png', 'tesco-oranic-wholewheat-fusilli', 'noodle2', 'in_stock', NULL, '600.00', '0.00', 2, '6', '1', '500', NULL, 1, 4, NULL, 3, NULL, NULL, NULL, 1, 1, 1, '2019-11-13 18:08:27', '2019-12-11 10:22:43', 0);
INSERT INTO `products` (`id`, `title`, `short_description`, `long_description`, `image`, `slug`, `sku`, `stock_status`, `tax_class`, `regular_price`, `sale_price`, `brand_id`, `product_qty`, `alert_quantity`, `product_weight`, `product_model`, `product_type`, `unit_id`, `image_gallery`, `views`, `seo_title`, `meta_key`, `meta_description`, `created_by`, `modified_by`, `status`, `created_at`, `updated_at`, `is_featured`) VALUES
(653, 'Tesco Organic Wholewheat Spaghetti', NULL, NULL, 'tesco-fusilli.png', 'tesco-organic-wholewheat-spaghetti', 'noodle3', 'in_stock', NULL, '625.00', '0.00', 2, '6', '1', '500', NULL, 1, 2, NULL, 2, NULL, NULL, NULL, 1, NULL, 1, '2019-11-13 18:10:33', '2019-12-11 10:22:27', 0),
(654, 'Nature Selection Whole Chia Seed', NULL, NULL, 'nature-selection-chia.png', 'nature-selection-whole-chia-seed', 'seed1', 'in_stock', NULL, '570.00', '0.00', 77, '6', '1', '200', NULL, 1, 4, NULL, 5, NULL, NULL, NULL, 1, 1, 1, '2019-11-13 18:12:18', '2019-12-06 20:36:50', 0),
(655, 'Tesco Pumpkin Seed', NULL, NULL, 'tessco-pumpkin.png', 'tesco-pumpkin-seed', 'seed2', 'in_stock', NULL, '440.00', '0.00', 2, '6', '1', '100', NULL, 1, 2, NULL, 0, NULL, NULL, NULL, 1, NULL, 3, '2019-11-13 18:24:17', '2019-11-21 11:40:39', 0),
(656, 'John West Tuna Chunks In Brine', NULL, NULL, 'tuna-in-brine.png', 'john-west-tuna-chunks-in-brine', 'canned1', 'in_stock', NULL, '275.00', '0.00', 117, '8', '1', '145', NULL, 1, 4, NULL, 5, NULL, NULL, NULL, 1, NULL, 1, '2019-11-13 18:29:25', '2019-12-25 21:03:38', 0),
(657, 'Saxa Coarse Sea Salt', NULL, NULL, 'saxa-coarse.png', 'saxa-coarse-sea-salt', 'salt3', 'in_stock', NULL, '450.00', '0.00', 126, '3', '1', '350', NULL, 1, 2, NULL, 11, NULL, NULL, NULL, 1, NULL, 1, '2019-11-13 18:42:49', '2019-12-23 20:22:33', 0),
(658, 'Morrisons Organic Extra Virgin Coconut Oil', NULL, NULL, 'coconut-oil-revised.gif', 'morrisons-organic-extra-virgin-coconut-oil', 'oil', 'in_stock', NULL, '1075.00', '0.00', 70, '1', '1', '300', NULL, 1, 6, NULL, 25, NULL, NULL, NULL, 1, 1, 1, '2019-11-20 12:31:26', '2020-01-07 15:50:01', 0),
(659, 'Quaker Chocolate Oat Drink', 'Quaker chocolate oat drink', '<p>Quaker chocolate oat drink</p>', '1555397200.061227-1-1.jpg', 'quaker-chocolate-oat-drink', '458169', 'in_stock', NULL, '607.00', '0.00', 4, '100', '5', '180', '358', 1, 2, NULL, 0, NULL, NULL, NULL, 1, 1, 3, '2019-11-21 10:31:58', '2019-11-21 10:32:29', 0),
(660, 'Tesco Pumpkin Seed', NULL, NULL, 'pumpkin-seed-revised.gif', 'tesco-pumpkin-seed-1', 'seed4', 'in_stock', NULL, '450.00', '0.00', 2, '6', '1', '100', NULL, 1, 4, NULL, 2, NULL, NULL, NULL, 1, NULL, 1, '2019-11-21 11:32:28', '2019-12-06 20:33:56', 0),
(661, 'KTC Coconut Oil', NULL, NULL, 'ktc-coconut-revised.gif', 'ktc-coconut-oil', 'oil4', 'in_stock', NULL, '810.00', '0.00', 59, '6', '1', '500', NULL, 1, 6, NULL, 7, NULL, NULL, NULL, 1, NULL, 1, '2019-11-21 11:39:38', '2019-12-16 09:13:48', 0),
(662, 'Tesco Sunflower Seeds', NULL, NULL, 'tesco-sunflower-seeds-revis.gif', 'tesco-sunflower-seeds', 'seed5', 'in_stock', NULL, '350.00', '330.00', 2, '5', '1', '150', NULL, 1, 4, NULL, 9, NULL, NULL, NULL, 1, 1, 2, '2019-11-21 11:46:50', '2019-12-29 14:28:43', 0),
(663, 'Ocado Chia Seeds', NULL, NULL, 'ocado-chip-revised.gif', 'ocado-chia-seeds', 'seed6', 'in_stock', NULL, '280.00', '0.00', 127, '6', '1', '150', NULL, 1, 4, NULL, 3, NULL, NULL, NULL, 1, NULL, 1, '2019-11-21 12:04:04', '2019-12-06 20:33:30', 0),
(664, 'Tesco Bulgur Wheat & Quinoa Mix', NULL, NULL, 'tesco-bulgur-revi.gif', 'tesco-bulgur-wheat-quinoa-mix', 'quinoa2', 'in_stock', NULL, '500.00', '0.00', 2, '6', '1', '300', NULL, 1, 4, NULL, 2, NULL, NULL, NULL, 1, NULL, 1, '2019-11-21 12:15:32', '2019-12-08 05:06:03', 0),
(665, 'Knorr Beef Cubes', NULL, NULL, 'knorr-beef-rev.gif', 'knorr-beef-cubes', 'stock1', 'in_stock', NULL, '450.00', '0.00', 90, '6', '1', '80', NULL, 1, 4, NULL, 2, NULL, NULL, NULL, 1, NULL, 1, '2019-11-21 12:24:32', '2019-12-08 05:02:00', 0),
(666, 'Knorr Chicken Cubes', NULL, NULL, 'knorr-chicken-rev.gif', 'knorr-chicken-cubes', 'stock2', 'in_stock', NULL, '450.00', '0.00', 90, '6', '1', '80', NULL, 1, 4, NULL, 2, NULL, NULL, NULL, 1, NULL, 1, '2019-11-21 12:28:54', '2019-12-08 04:59:16', 0),
(667, 'Knorr Vegetable Cubes', NULL, NULL, 'knorr-veg-rev.gif', 'knorr-vegetable-cubes', 'stock3', 'in_stock', NULL, '450.00', '0.00', 90, '6', '1', '80', NULL, 1, 4, NULL, 3, NULL, NULL, NULL, 1, NULL, 1, '2019-11-21 12:32:29', '2019-12-23 20:44:22', 0),
(668, 'Lavazza Creama E Gusto', NULL, NULL, 'lavazza-creama-rev.gif', 'lavazza-creama-e-gusto', 'coffee11', 'in_stock', NULL, '720.00', '0.00', 118, '3', '1', '250', NULL, 1, 2, NULL, 3, NULL, NULL, NULL, 1, 1, 1, '2019-11-21 12:36:51', '2019-12-19 22:17:46', 0),
(669, 'Tesco Dental Sticks For Larger Dogs', NULL, NULL, 'tesco-dental-stick-rev.gif', 'tesco-dental-sticks-for-larger-dogs', 'pet1', 'in_stock', NULL, '295.00', '0.00', 2, '6', '1', '270', NULL, 1, 4, NULL, 3, NULL, NULL, NULL, 1, NULL, 1, '2019-11-21 12:44:24', '2019-12-06 20:37:22', 0),
(670, 'Spontex Brilliant Scourer', NULL, NULL, 'spontex-brilliant-rev.gif', 'spontex-brilliant-scourer', 'scourer', 'in_stock', NULL, '220.00', '0.00', 48, '6', '1', '5', NULL, 1, 4, NULL, 2, NULL, NULL, NULL, 1, NULL, 1, '2019-11-21 12:48:37', '2019-12-06 20:36:21', 0),
(671, 'Morrisons Organic Pure Clear Honey', NULL, NULL, 'morrison-honey-rev.gif', 'morrisons-organic-pure-clear-honey', 'honey3', 'in_stock', NULL, '895.00', '0.00', 70, '6', '1', '340', NULL, 1, 4, NULL, 4, NULL, NULL, NULL, 1, NULL, 1, '2019-11-21 12:52:36', '2019-12-12 22:59:18', 0),
(672, 'Alesto Roasted and Salted Peanuts', NULL, NULL, 'alesto-peanut-revised.gif', 'alesto-roasted-and-salted-peanuts', 'peanuts', 'in_stock', NULL, '500.00', '0.00', 128, '6', '1', '400', NULL, 1, 2, NULL, 3, NULL, NULL, NULL, 1, 1, 1, '2019-11-27 00:53:22', '2019-12-06 20:35:49', 0),
(673, 'Batchelors Cup A Soup Chicken', NULL, NULL, 'batchelors-chic.gif', 'batchelors-cup-a-soup-chicken', 'soup5', 'in_stock', NULL, '290.00', '0.00', 129, '6', '1', '81', NULL, 1, 2, NULL, 4, NULL, NULL, NULL, 1, NULL, 1, '2019-11-27 18:30:18', '2019-12-11 03:12:48', 0),
(674, 'Batchelors Cup A Soup Cream Of Vegetable', NULL, NULL, 'batchlors-veg.gif', 'batchelors-cup-a-soup-cream-of-vegetable', 'soup6', 'in_stock', NULL, '290.00', '0.00', 129, '5', '1', '122', NULL, 1, 2, NULL, 10, NULL, NULL, NULL, 1, 1, 1, '2019-11-27 20:04:38', '2019-12-27 19:38:46', 0),
(675, 'Batchelors Cup A Soup Tomato', NULL, NULL, 'batchelors-tom.gif', 'batchelors-cup-a-soup-tomato', 'soup7', 'in_stock', NULL, '290.00', '0.00', 129, '5', '1', '93', NULL, 1, 4, NULL, 9, NULL, NULL, NULL, 1, NULL, 1, '2019-11-27 20:07:28', '2019-12-27 19:39:47', 0),
(676, 'Heinz Mushroom Soup', NULL, NULL, 'heinz-mush.gif', 'heinz-mushroom-soup', 'soup8', 'in_stock', NULL, '315.00', '0.00', 10, '6', '1', '70', NULL, 1, 2, NULL, 3, NULL, NULL, NULL, 1, NULL, 1, '2019-11-27 20:12:39', '2019-12-11 03:12:59', 0),
(677, 'Gullon Gluten Free Senza Glutine Cookies', NULL, NULL, 'gullon1.gif', 'gullon-gluten-free-senza-glutine-cookies', 'biscuit105', 'in_stock', NULL, '550.00', '0.00', 130, '4', '1', '200', NULL, 1, 4, NULL, 4, NULL, NULL, NULL, 1, 1, 1, '2019-12-07 17:27:33', '2019-12-19 20:30:59', 0),
(678, 'Gullon Sugar Free Fibre Biscuits', NULL, NULL, 'gullon3.gif', 'gullon-sugar-free-fibre-biscuits', 'biscuit106', 'in_stock', NULL, '550.00', '0.00', 130, '4', '1', '170', NULL, 1, 4, NULL, 2, NULL, NULL, NULL, 1, 1, 1, '2019-12-07 19:15:29', '2019-12-19 20:30:42', 0),
(679, 'Gullon Sugar Free Maria Biscuits', NULL, NULL, 'gullon-sugar-free-maria.gif', 'gullon-sugar-free-maria-biscuits', 'biscuit107', 'in_stock', NULL, '550.00', '0.00', 130, '4', '1', '400', NULL, 1, 4, NULL, 2, NULL, NULL, NULL, 1, 1, 1, '2019-12-07 19:25:26', '2019-12-19 21:36:43', 0),
(680, 'Gullon Gluten Free Senze Glutine Crackers', NULL, NULL, 'gullon-senze-crack.gif', 'gullon-gluten-free-senze-glutine-crackers', 'biscuit108', 'in_stock', NULL, '550.00', '0.00', 130, '4', '1', '200', NULL, 1, 4, NULL, 2, NULL, NULL, NULL, 1, 1, 1, '2019-12-07 19:29:40', '2019-12-19 20:29:51', 0),
(681, 'Ryvita Dark Rye', NULL, NULL, 'ryvita-dark1.gif', 'ryvita-dark-rye', 'biscuit8', 'in_stock', NULL, '350.00', '0.00', 1, '6', '1', '250', NULL, 1, 2, NULL, 3, NULL, NULL, NULL, 1, NULL, 1, '2019-12-07 19:38:23', '2019-12-10 12:48:32', 0),
(682, 'McVitie\'s Bourbon Creams', NULL, NULL, 'bourbon.gif', 'mcvities-bourbon-creams', 'biscuit1', 'in_stock', NULL, '550.00', '0.00', 20, '4', NULL, '300', NULL, 1, 2, NULL, 1, NULL, NULL, NULL, 1, NULL, 1, '2019-12-19 21:35:47', '2019-12-21 02:00:48', 0),
(683, 'KTC Lime Juice', NULL, NULL, 'ktc-lime.gif', 'ktc-lime-juice', 'juice1', 'in_stock', NULL, '360.00', '350.00', 59, '6', '1', '200', NULL, 1, 6, NULL, 0, NULL, NULL, NULL, 1, 1, 1, '2019-12-19 21:48:03', '2020-01-03 08:19:32', 0),
(684, 'Aah Bisto For Chicken Gravy Granules', NULL, NULL, 'aah-chicken-granules.gif', 'aah-bisto-for-chicken-gravy-granules', 'bisto1', 'in_stock', NULL, '550.00', '0.00', 131, '4', '1', '170', NULL, 1, 4, NULL, 0, NULL, NULL, NULL, 1, NULL, 1, '2019-12-19 22:12:50', '2019-12-19 22:12:50', 0),
(685, 'M&S Cheddar Cheese Crispies', NULL, NULL, 'ms-cheddar-cheese.gif', 'ms-cheddar-cheese-crispies', 'biscuit2', 'in_stock', NULL, '550.00', '0.00', 16, '4', '1', '100', NULL, 1, 4, NULL, 1, NULL, NULL, NULL, 1, NULL, 1, '2019-12-19 22:16:23', '2019-12-21 01:57:21', 0),
(686, 'Mcvitie\'s Custard Creams', NULL, NULL, 'mcvities-custard.gif', 'mcvities-custard-creams', 'biscuit3', 'in_stock', NULL, '550.00', '0.00', 20, '3', '1', '300', NULL, 1, 4, NULL, 1, NULL, NULL, NULL, 1, NULL, 1, '2019-12-19 22:30:31', '2019-12-21 01:59:12', 0),
(687, 'Gullon Sugar Free Shortbread Cookies', NULL, NULL, 'gullon-shortbread.gif', 'gullon-sugar-free-shortbread-cookies', 'biscuit4', 'in_stock', NULL, '550.00', '0.00', 19, '4', '1', '330', NULL, 1, 4, NULL, 1, NULL, NULL, NULL, 1, NULL, 1, '2019-12-19 22:34:37', '2019-12-21 02:00:28', 0),
(688, 'Sainsbury\'s Organic Wholewheat Fusilli', NULL, NULL, 'sainsburys-organic-fusilli_1.gif', 'sainsburys-organic-wholewheat-fusilli', 'noodles1', 'in_stock', NULL, '550.00', '0.00', 105, '3', '1', '500', NULL, 1, 2, NULL, 0, NULL, NULL, NULL, 1, NULL, 1, '2019-12-19 22:41:16', '2019-12-19 22:41:16', 0),
(689, 'Sainsbury\'s Organic Spaghetti', NULL, NULL, 'sainsburys-spaghetti.gif', 'sainsburys-organic-spaghetti', 'noddles4', 'in_stock', NULL, '550.00', '0.00', 105, '3', '1', '500', NULL, 1, 4, NULL, 0, NULL, NULL, NULL, 1, NULL, 1, '2019-12-19 22:45:53', '2019-12-19 22:45:53', 0),
(690, 'Heinz Vegetable Cup Soup', NULL, NULL, 'heinz-vegetable.gif', 'heinz-vegetable-cup-soup', 'soup9', 'in_stock', NULL, '315.00', '0.00', 10, '3', '1', '76', NULL, 1, 4, NULL, 1, NULL, NULL, NULL, 1, NULL, 1, '2019-12-19 22:51:19', '2019-12-25 18:52:08', 0),
(691, 'Schwartz Onion Granules', NULL, NULL, 'schartz-onion.gif', 'schwartz-onion-granules', 'spice1', 'in_stock', NULL, '375.00', '0.00', 12, '3', '1', '65', NULL, 1, 4, NULL, 0, NULL, NULL, NULL, 1, NULL, 1, '2019-12-19 23:05:26', '2019-12-19 23:05:26', 0),
(692, 'Nescafe Gold Mocha', NULL, NULL, 'nescafe-gold-mocha.gif', 'nescafe-gold-mocha', 'coffee12', 'in_stock', NULL, '550.00', '0.00', 52, '3', '1', '8', NULL, 1, 1, NULL, 0, NULL, NULL, NULL, 1, NULL, 1, '2019-12-19 23:09:01', '2019-12-19 23:09:01', 0),
(693, 'Kinder Chocolate (8 bars)', NULL, NULL, 'kinder.gif', 'kinder-chocolate-8-bars', 'chocolate1', 'in_stock', NULL, '450.00', '0.00', 38, '3', '1', '100', NULL, 1, 4, NULL, 4, NULL, NULL, NULL, 1, 1, 1, '2019-12-19 23:45:37', '2019-12-24 10:46:15', 0),
(694, 'M&M\'s Crispy', NULL, NULL, 'mam-crispy.gif', 'mms-crispy', 'chocolate2', 'in_stock', NULL, '320.00', '0.00', 40, '3', '1', '107', NULL, 1, 4, 'mam-crispy.gif', 2, NULL, NULL, NULL, 1, 1, 1, '2019-12-19 23:50:07', '2019-12-23 22:25:19', 0),
(695, 'M&M\'s Peanut', NULL, NULL, 'mam-peanut.gif', 'mms-peanut', 'chocolate3', 'in_stock', NULL, '320.00', '0.00', 40, '3', '1', '125', NULL, 1, 4, NULL, 2, NULL, NULL, NULL, 1, 1, 1, '2019-12-20 00:42:31', '2019-12-23 22:28:57', 0),
(696, 'M&M Chocolate', NULL, NULL, 'mam-chocolate.gif', 'mm-chocolate-1', 'chocolate4', 'in_stock', NULL, '320.00', '0.00', 40, '3', '1', '125', NULL, 1, 4, NULL, 3, NULL, NULL, NULL, 1, 1, 1, '2019-12-20 00:44:47', '2019-12-25 12:14:32', 0),
(697, 'Toblerone Tiny', NULL, NULL, 'toblerone-tiny.gif', 'toblerone-tiny', 'chocolate5', 'in_stock', NULL, '575.00', '0.00', 132, '3', '1', '200', NULL, 1, 4, NULL, 2, NULL, NULL, NULL, 1, 1, 1, '2019-12-20 00:47:57', '2019-12-25 12:24:00', 0),
(698, 'Chupa Chups Mini', NULL, NULL, 'chupa-chups-mini.gif', 'chupa-chups-mini', 'chocolate6', 'in_stock', NULL, '325.00', '0.00', 133, '3', '1', '90', NULL, 1, 4, NULL, 2, NULL, NULL, NULL, 1, 1, 1, '2019-12-20 00:52:54', '2019-12-23 22:27:41', 0),
(699, 'Hershey\'s Cookies \'N\' Creme Candy', NULL, NULL, 'hersheys.gif', 'hersheys-cookies-n-creme-candy', 'chocolate7', 'in_stock', NULL, '125.00', '0.00', 89, '3', '1', '43', NULL, 1, 4, NULL, 3, NULL, NULL, NULL, 1, 1, 1, '2019-12-20 00:56:50', '2019-12-23 22:24:21', 0),
(700, 'Splenda', NULL, NULL, 'splenda.gif', 'splenda', 'sweetener', 'in_stock', NULL, '770.00', '0.00', 134, '3', '1', '125', NULL, 1, 4, NULL, 0, NULL, NULL, NULL, 1, 1, 1, '2019-12-20 01:03:04', '2019-12-23 20:18:10', 0),
(701, 'Truvia', NULL, NULL, 'truvia.gif', 'truvia', 'sweetener1', 'in_stock', NULL, '720.00', '720.00', 107, '3', '1', '150', NULL, 1, 2, NULL, 1, NULL, NULL, NULL, 1, 1, 1, '2019-12-20 01:08:09', '2020-01-03 14:34:14', 1),
(702, 'Chap Stick Classic Strawberry SPF 10', NULL, NULL, 'chap-stick.gif', 'chap-stick-classic-strawberry-spf-10', 'skin care', 'in_stock', NULL, '180.00', '0.00', 135, '3', '1', '5', NULL, 1, 4, NULL, 0, NULL, NULL, NULL, 1, NULL, 1, '2019-12-20 01:13:26', '2019-12-20 01:13:26', 0),
(703, 'Arden & Amici Savoiardi Sponge Fingers', NULL, NULL, 'lady_finger.jpg', 'arden-amici-savoiardi-sponge-fingers', 'sweet1', 'in_stock', NULL, '550.00', '540.00', 136, '4', '1', '200', NULL, 1, 4, NULL, 0, NULL, NULL, NULL, 1, 1, 1, '2019-12-23 20:17:07', '2019-12-29 14:29:39', 0),
(704, 'Carex Sensitive Antibacterial Handwash', NULL, NULL, 'carex-sensitive.gif', 'carex-sensitive-antibacterial-handwash', 'hand2', 'in_stock', NULL, '375.00', '0.00', 53, '3', '1', '250', NULL, 1, 6, NULL, 0, NULL, NULL, NULL, 1, NULL, 1, '2019-12-24 01:54:11', '2019-12-24 01:54:11', 0),
(705, 'Carex Complete Nourish Antibacterial Handwash', NULL, NULL, 'carex-nourish.gif', 'carex-complete-nourish-antibacterial-handwash', 'hand3', 'in_stock', NULL, '375.00', '350.00', 53, '1', '1', '250', NULL, 1, 6, NULL, 26, NULL, NULL, NULL, 1, 1, 1, '2019-12-24 01:55:51', '2020-01-12 06:18:07', 1),
(706, 'Palmolive Aquarium', NULL, NULL, 'palmolive-aquarium.gif', 'palmolive-aquarium', 'hand4', 'in_stock', NULL, '375.00', '0.00', 53, '3', '1', '300', NULL, 1, 6, NULL, 1, NULL, NULL, NULL, 1, NULL, 1, '2019-12-24 01:58:57', '2019-12-24 23:49:23', 0),
(707, 'Imperial Leather Cherry Blossom & Peony Antibacterial Hand Wash', NULL, NULL, 'imperial-cherry.gif', 'imperial-leather-cherry-blossom-peony-antibacterial-hand-wash', 'hand5', 'in_stock', NULL, '375.00', '350.00', 54, '2', '1', '300', NULL, 1, 6, NULL, 15, NULL, NULL, NULL, 1, 1, 1, '2019-12-24 02:03:46', '2020-01-12 06:18:07', 1),
(708, 'Starbucks Frappuccino Low Fat Fairtrade Coffee Drink', NULL, NULL, 'starbucsk-frappuccino.gif', 'starbucks-frappuccino-low-fat-fairtrade-coffee-drink', 'coffee13', 'in_stock', NULL, '425.00', '400.00', 99, '3', '1', '250', NULL, 1, 6, NULL, 0, NULL, NULL, NULL, 1, 1, 1, '2019-12-24 02:07:13', '2019-12-29 14:25:37', 1),
(709, 'Starbucks Frappuccino Low Fat Fairtrade Coffee Drink - Vanilla', NULL, NULL, 'starbucks-frappuccino-vanil.gif', 'starbucks-frappuccino-low-fat-fairtrade-coffee-drink-vanilla', 'coffee14', 'in_stock', NULL, '425.00', '0.00', 99, '3', '1', '250', NULL, 1, 6, NULL, 1, NULL, NULL, NULL, 1, NULL, 1, '2019-12-24 02:11:35', '2020-01-03 18:44:18', 0);

-- --------------------------------------------------------

--
-- Table structure for table `reviews`
--

CREATE TABLE `reviews` (
  `id` int(10) UNSIGNED NOT NULL,
  `user_id` int(10) UNSIGNED NOT NULL,
  `product_id` int(10) UNSIGNED NOT NULL,
  `title` varchar(191) DEFAULT NULL,
  `description` varchar(191) DEFAULT NULL,
  `rating` varchar(191) DEFAULT NULL,
  `status` tinyint(4) NOT NULL DEFAULT '2' COMMENT '1=active, 2=pending, 3=cancel',
  `created_at` timestamp NULL DEFAULT NULL,
  `updated_at` timestamp NULL DEFAULT NULL
) ENGINE=InnoDB DEFAULT CHARSET=utf8 ROW_FORMAT=COMPACT;

--
-- Dumping data for table `reviews`
--

INSERT INTO `reviews` (`id`, `user_id`, `product_id`, `title`, `description`, `rating`, `status`, `created_at`, `updated_at`) VALUES
(1, 6, 540, NULL, 'sadasdsadas', '3', 2, '2019-07-28 11:04:19', '2019-07-28 11:04:19'),
(2, 6, 540, NULL, 'asdsadasda', '4', 2, '2019-07-28 11:04:28', '2019-07-28 11:04:28'),
(3, 6, 540, NULL, 'sdsdfsdfsfsd', '3', 2, '2019-07-28 11:43:35', '2019-07-28 11:43:35'),
(4, 6, 540, NULL, 'sdfsdfs', '2', 1, '2019-07-28 11:43:45', '2019-07-30 12:39:17'),
(5, 19, 426, NULL, 'testy food.', '5', 1, '2019-09-23 10:14:26', '2019-09-23 10:16:59'),
(6, 20, 546, NULL, 'aSsASas', '3', 1, '2020-01-09 16:01:20', '2020-01-09 16:02:34');

-- --------------------------------------------------------

--
-- Table structure for table `roles`
--

CREATE TABLE `roles` (
  `id` int(10) UNSIGNED NOT NULL,
  `name` varchar(100) NOT NULL,
  `permission` mediumtext NOT NULL,
  `created_by` int(10) UNSIGNED NOT NULL,
  `modified_by` int(10) UNSIGNED DEFAULT NULL,
  `status` tinyint(4) NOT NULL DEFAULT '2' COMMENT '1=active, 2=pending, 3=cancel',
  `created_at` timestamp NULL DEFAULT NULL,
  `updated_at` timestamp NULL DEFAULT NULL
) ENGINE=InnoDB DEFAULT CHARSET=utf8;

--
-- Dumping data for table `roles`
--

INSERT INTO `roles` (`id`, `name`, `permission`, `created_by`, `modified_by`, `status`, `created_at`, `updated_at`) VALUES
(1, 'Admin', '', 1, NULL, 1, NULL, NULL);

-- --------------------------------------------------------

--
-- Table structure for table `settings`
--

CREATE TABLE `settings` (
  `id` int(10) UNSIGNED NOT NULL,
  `option_name` varchar(191) NOT NULL,
  `option_value` longtext,
  `created_by` int(10) UNSIGNED DEFAULT NULL,
  `modified_by` int(10) UNSIGNED DEFAULT NULL,
  `autoload` tinyint(4) NOT NULL DEFAULT '0' COMMENT '0=No, 1=Yes',
  `status` tinyint(4) NOT NULL DEFAULT '2' COMMENT '1=active, 2=pending, 3=cancel',
  `created_at` timestamp NULL DEFAULT NULL,
  `updated_at` timestamp NULL DEFAULT NULL
) ENGINE=InnoDB DEFAULT CHARSET=utf8;

--
-- Dumping data for table `settings`
--

INSERT INTO `settings` (`id`, `option_name`, `option_value`, `created_by`, `modified_by`, `autoload`, `status`, `created_at`, `updated_at`) VALUES
(1, 'site_name', 'JOTPOT Shop', 1, 1, 1, 1, NULL, '2019-12-27 05:50:30'),
(2, 'tag_line', 'Jotpot Shop', 1, 1, 1, 1, NULL, '2019-12-27 05:32:15'),
(3, 'address', 'Khilkhet Nikunja Dhaka, 1229', 1, 1, 1, 1, NULL, '2019-12-27 05:39:41'),
(4, 'email', 'rubelm6776@gmail.com', 1, 1, 1, 1, NULL, '2019-12-27 05:39:41'),
(5, 'secondary_email', 'rubelm6776@gmail.com', 1, 1, 1, 1, NULL, '2019-12-27 05:39:41'),
(6, 'mobile', '01627809666', 1, 1, 1, 1, NULL, '2019-12-27 05:39:41'),
(7, 'logo', 'jotpot.jpg', 1, 1, 1, 1, NULL, '2020-01-02 17:41:40'),
(8, 'favicon', 'jotpot.jpg', 1, 1, 1, 1, NULL, '2020-01-02 17:41:40'),
(9, 'site_screenshot', 'mmart_white.jpg', 1, 1, 1, 1, NULL, '2019-12-16 02:40:27'),
(10, 'site_meta_keywords', 'Shop, ecommerce, products, JotPot , shop,buy,best', 1, 1, 1, 1, NULL, '2019-12-27 05:45:37'),
(11, 'site_meta_description', 'We are one of the largest online stores in Bangladesh selling quality products .', 1, 1, 1, 1, NULL, '2019-12-27 05:45:37'),
(12, 'main_menu', 'a:1:{s:9:\"menu_item\";a:3:{i:1;a:8:{s:2:\"id\";s:1:\"1\";s:4:\"p_id\";s:1:\"0\";s:9:\"menu_type\";s:2:\"cl\";s:5:\"title\";s:4:\"Shop\";s:4:\"link\";s:5:\"/shop\";s:3:\"cls\";s:0:\"\";s:8:\"link_cls\";s:0:\"\";s:8:\"icon_cls\";s:0:\"\";}i:2;a:8:{s:2:\"id\";s:1:\"2\";s:4:\"p_id\";s:1:\"0\";s:9:\"menu_type\";s:2:\"cl\";s:5:\"title\";s:4:\"Blog\";s:4:\"link\";s:5:\"/blog\";s:3:\"cls\";s:0:\"\";s:8:\"link_cls\";s:0:\"\";s:8:\"icon_cls\";s:0:\"\";}i:3;a:8:{s:2:\"id\";s:1:\"3\";s:4:\"p_id\";s:1:\"0\";s:9:\"menu_type\";s:2:\"cl\";s:5:\"title\";s:10:\"Contact Us\";s:4:\"link\";s:8:\"/contact\";s:3:\"cls\";s:0:\"\";s:8:\"link_cls\";s:0:\"\";s:8:\"icon_cls\";s:0:\"\";}}}', 1, 1, 1, 1, NULL, '2019-07-10 05:49:11'),
(13, 'fb_page', 'http://facebook.com/nextpagetl', 1, NULL, 1, 1, NULL, NULL),
(14, 'gp_page', 'http://facebook.com/nextpagetl', 1, NULL, 1, 1, NULL, NULL),
(15, 'tt_page', 'http://facebook.com/nextpagetl', 1, NULL, 1, 1, NULL, NULL),
(16, 'li_page', 'http://facebook.com/nextpagetl', 1, NULL, 1, 1, NULL, NULL),
(17, 'youtube_page', 'http://facebook.com/nextpagetl', 1, NULL, 1, 1, NULL, NULL),
(18, 'website', 'http://jotpotshop.com/', 1, 1, 1, 2, NULL, '2019-12-27 05:32:15'),
(19, 'about', 'Jotpot Shop', 1, 1, 1, 2, NULL, '2019-12-27 05:39:41'),
(20, 'country', 'Bangladesh', 1, 1, 1, 2, NULL, '2019-04-18 10:25:09'),
(21, 'is_cache_enable', '1', 1, 1, 1, 2, NULL, '2019-07-18 14:54:02'),
(22, 'cache_update_time', '10', 1, 1, 1, 2, NULL, '2019-04-29 11:15:26'),
(23, 'sm_theme_options_home_setting', 'a:62:{s:22:\"slider_change_autoplay\";N;s:21:\"header_marquee_enable\";s:1:\"1\";s:20:\"header_marquee_title\";s:38:\"Currently shipping all over Dhaka only\";s:22:\"home_left_image_enable\";s:1:\"0\";s:15:\"home_left_image\";s:13:\"2__282_29.jpg\";s:20:\"home_left_image_link\";s:1:\"#\";s:8:\"features\";a:3:{i:0;a:4:{s:13:\"feature_title\";s:14:\" Fast Shipping\";s:19:\"feature_description\";s:24:\"Delivering  to your door\";s:12:\"feature_link\";s:0:\"\";s:13:\"feature_image\";s:14:\"truck_copy.png\";}i:1;a:4:{s:13:\"feature_title\";s:10:\"Big Saving\";s:19:\"feature_description\";s:11:\"Low price\n\n\";s:12:\"feature_link\";s:0:\"\";s:13:\"feature_image\";s:10:\"saving.png\";}i:2;a:4:{s:13:\"feature_title\";s:12:\" Online Shop\";s:19:\"feature_description\";s:19:\"Convenient shopping\";s:12:\"feature_link\";s:0:\"\";s:13:\"feature_image\";s:8:\"shop.png\";}}s:19:\"thumbnail_add_title\";s:12:\"TREND ALERTS\";s:21:\"video_thumbnail_image\";s:24:\"facetime-videos-call.jpg\";s:20:\"video_thumbnail_link\";s:41:\"https://www.youtube.com/embed/HqCbUU0OLKM\";s:20:\"payment_method_image\";s:30:\"footer-image-payment-24sep.png\";s:15:\"home_add_enable\";s:1:\"0\";s:15:\"middle_left_add\";s:24:\"1555403920.mar-add-1.jpg\";s:20:\"middle_left_add_link\";s:1:\"#\";s:16:\"middle_right_add\";s:24:\"1555404293.mar-add22.jpg\";s:21:\"middle_right_add_link\";s:37:\"http://mahmudmart.com.bd/category/tea\";s:17:\"middle_bottom_add\";s:36:\"testimonialsbannerhomepage-min-1.jpg\";s:26:\"home_is_seo_section_enable\";s:1:\"1\";s:14:\"home_seo_title\";s:15:\"Your SEO Score?\";s:18:\"home_seo_btn_title\";s:12:\"Check up now\";s:17:\"seo_feature_title\";s:45:\"DO YOU WANT TO BE SEEN? YOURE IN RIGHT PLACE!\";s:23:\"seo_feature_description\";s:123:\"SEOis a section of Search Engine Land that focuses not on search marketing advice but rather the search marketing industry.\";s:17:\"seo_feature_image\";N;s:30:\"seo_feature_more_btn_is_enable\";s:1:\"1\";s:26:\"seo_feature_more_btn_label\";s:10:\"Learn more\";s:25:\"seo_feature_more_btn_link\";s:1:\"#\";s:31:\"seo_feature_quote_btn_is_enable\";s:1:\"1\";s:27:\"seo_feature_quote_btn_label\";s:11:\"Learn quote\";s:26:\"seo_feature_quote_btn_link\";s:1:\"#\";s:22:\"seo_marketing_subtitle\";s:15:\"WATCH THE VIDEO\";s:19:\"seo_marketing_title\";s:35:\"HOW TO WORKING DOODLE SEO MARKETING\";s:25:\"seo_marketing_description\";s:941:\"<p>our daily recap of search news. At the end of each business day, we&#39;ll email you a summary of th what happened in search. This will include all stories we&#39;ve covered on Search Engine Land Land as well as headlines from sources from across the web. Anyone involved with digital marketinge deals with marketing technology every day. Keep up with the latest curves thrown by Google an Bing, whether they&#39;re tweaking Product Listing Ads, adjusting Enhanced Campaigns, or changiw the way ads display on various platforms. Get the weekly recap on what&#39;s important from Search Engine Land&#39;s knowledgeable news team and our expert contributors. Everything you need to know about SEO, whether it&#39;s the latest thw news or how-tos from practitioners. Once a week, get the curated scoop from Search Engine ths Land&#39;s SEO newsletter. Reach your customers and potential customers on the popular socialalys platforms and.</p>\";s:16:\"seo_video_banner\";N;s:26:\"seo_marketing_video_poster\";N;s:19:\"seo_marketing_video\";N;s:18:\"home_service_title\";N;s:21:\"home_service_subtitle\";N;s:8:\"services\";a:3:{i:0;a:5:{s:5:\"title\";s:13:\"Free Shipping\";s:11:\"description\";s:23:\"On order over BDT 1,000\";s:4:\"icon\";s:11:\"fa fa-truck\";s:4:\"link\";s:0:\"\";s:13:\"service_image\";s:0:\"\";}i:1;a:5:{s:5:\"title\";s:8:\"Support \";s:11:\"description\";s:21:\"Hotline : 01811447300\";s:4:\"icon\";s:15:\"fa fa-life-ring\";s:4:\"link\";s:0:\"\";s:13:\"service_image\";s:0:\"\";}i:2;a:5:{s:5:\"title\";s:12:\"Safe Payment\";s:11:\"description\";s:17:\"Cash on Delivery \";s:4:\"icon\";s:17:\"fa fa-credit-card\";s:4:\"link\";s:0:\"\";s:13:\"service_image\";s:0:\"\";}}s:17:\"achievement_title\";s:13:\"OUR ACHIVMENT\";s:23:\"achievement_description\";s:82:\"SEO Boost is an experienced of online marketing firm with a big record of success!\";s:17:\"achievement_image\";N;s:13:\"total_project\";s:3:\"222\";s:19:\"total_active_client\";s:3:\"333\";s:18:\"total_success_rate\";s:2:\"98\";s:16:\"total_commitment\";s:3:\"100\";s:9:\"wcu_title\";s:26:\"Why Choose Doodle Digital?\";s:12:\"wcu_subtitle\";s:62:\"Many Services! Big Claims Everywhere! Then, why us? Because...\";s:15:\"wcu_description\";N;s:9:\"wcu_image\";N;s:22:\"home_testimonial_style\";s:8:\"bg-black\";s:25:\"recommended_product_title\";s:19:\"Recommended for you\";s:28:\"recommended_product_subtitle\";s:28:\"Recommended for you products\";s:24:\"recommended_product_show\";N;s:13:\"product_title\";s:23:\"Fashion Show Collection\";s:16:\"product_subtitle\";s:32:\"Fashion Show Collection Products\";s:12:\"product_show\";N;s:10:\"blog_title\";s:11:\"Latest Blog\";s:13:\"blog_subtitle\";s:63:\"Claritas est etiam processus dynamicus, qui sequitur mutationem\";s:9:\"blog_show\";N;s:14:\"branding_title\";s:16:\"Valuable Clients\";s:17:\"branding_subtitle\";s:63:\"Claritas est etiam processus dynamicus, qui sequitur mutationem\";s:5:\"logos\";N;}', 1, 1, 1, 2, NULL, '2019-12-27 06:01:00'),
(24, 'sm_theme_options_contact_setting', 'a:21:{s:20:\"contact_banner_title\";s:10:\"CONTACT US\";s:23:\"contact_banner_subtitle\";s:24:\"A World of Opportunities\";s:20:\"contact_banner_image\";N;s:13:\"contact_title\";s:14:\"We Always Help\";s:16:\"contact_subtitle\";s:78:\"It is Easy To Reach Us For Any Digital Marketing Support Anytime From Anywhere\";s:17:\"contact_des_title\";s:15:\"CONNECT WITH US\";s:19:\"contact_description\";s:119:\"<p>You can contact us for any concerns about our store or the products we sell. We really appreciate your feedback.</p>\";s:18:\"contact_form_title\";s:18:\"leave us a message\";s:28:\"contact_form_success_message\";s:64:\"Mail successfully send. We will contact you as soon as possible.\";s:20:\"contact_branch_image\";N;s:20:\"contact_branch_title\";s:12:\"Our branches\";s:23:\"contact_branch_subtitle\";s:77:\"Claritas est etiam processus dynamicus, qui sequitur mutationem consuetudium.\";s:19:\"contact_share_title\";s:13:\"Share With Us\";s:19:\"contact_share_image\";N;s:22:\"contact_location_title\";s:14:\"Map & Location\";s:25:\"contact_location_subtitle\";s:77:\"Claritas est etiam processus dynamicus, qui sequitur mutationem consuetudium.\";s:25:\"contact_location_latitude\";s:9:\"23.797424\";s:26:\"contact_location_longitude\";s:9:\"90.369409\";s:17:\"contact_seo_title\";N;s:21:\"contact_meta_keywords\";N;s:24:\"contact_meta_description\";N;}', 1, 1, 1, 2, NULL, '2019-08-01 09:02:26'),
(25, 'sm_theme_options_about_setting', 'a:14:{s:18:\"about_banner_title\";s:8:\"ABOUT US\";s:21:\"about_banner_subtitle\";s:24:\"A World of Opportunities\";s:18:\"about_banner_image\";s:19:\"banner-about-us.jpg\";s:9:\"wwr_title\";s:10:\"Who we are\";s:12:\"wwr_subtitle\";N;s:15:\"wwr_description\";s:834:\"<p style=\"text-align:justify\"><strong>Welcome to JOTPOT Shop</strong>&nbsp;We are one of the largest online stores in Bangladesh selling quality products . We import everything&nbsp; can guarantee that all the products are genuine.</p>\r\n\r\n<p style=\"text-align:justify\">Here, We will keep on expanding the store to accommodate more new products in future. The store is run by a team of professionals who will ensure that you get quality products at the best rate possible. We give high priority to our customer service and try our best to deliver groceries at your door as fast as possible.</p>\r\n\r\n<p style=\"text-align:justify\">We hope you enjoy our products as much as we enjoy offering them to you. If you have any questions or comments, please don&#39;t hesitate to contact us.</p>\r\n\r\n<p>We hope you will enjoy shopping with us!</p>\";s:11:\"our_mission\";N;s:10:\"our_vision\";N;s:23:\"about_testimonial_style\";N;s:14:\"about_page_add\";s:8:\"pi25.png\";s:19:\"about_page_add_link\";s:1:\"#\";s:15:\"about_seo_title\";N;s:19:\"about_meta_keywords\";N;s:22:\"about_meta_description\";N;}', 1, 1, 1, 2, NULL, '2019-12-27 06:01:00'),
(26, 'sm_theme_options_faq_setting', 'a:4:{s:16:\"faq_banner_image\";N;s:13:\"faq_seo_title\";N;s:17:\"faq_meta_keywords\";N;s:20:\"faq_meta_description\";N;}', 1, 1, 1, 2, NULL, '2019-04-18 10:40:01'),
(27, 'sm_theme_options_testimonial_setting', 'a:2:{s:17:\"testimonial_title\";s:12:\"TESTIMONIALS\";s:12:\"testimonials\";a:3:{i:0;a:5:{s:5:\"title\";s:15:\"Roverto & Maria\";s:11:\"description\";s:78:\"Your product needs to improve more. To suit the needs and update your image up\";s:17:\"testimonial_image\";s:15:\"testimonial.jpg\";s:16:\"testimonial_logo\";s:0:\"\";s:22:\"testimonial_logo_about\";s:0:\"\";}i:1;a:5:{s:5:\"title\";s:17:\"Roverto & Maria 2\";s:11:\"description\";s:81:\"Your product needs to improve more. To suit the needs and update your image up -2\";s:17:\"testimonial_image\";s:15:\"testimonial.jpg\";s:16:\"testimonial_logo\";s:0:\"\";s:22:\"testimonial_logo_about\";s:0:\"\";}i:2;a:5:{s:5:\"title\";s:17:\"Roverto & Maria-3\";s:11:\"description\";s:81:\"Your product needs to improve more. To suit the needs and update your image up -3\";s:17:\"testimonial_image\";s:15:\"testimonial.jpg\";s:16:\"testimonial_logo\";s:0:\"\";s:22:\"testimonial_logo_about\";s:0:\"\";}}}', 1, 1, 1, 2, NULL, '2019-04-27 06:47:40'),
(28, 'sm_theme_options_team_setting', 'a:8:{s:17:\"team_banner_title\";s:13:\"JOIN OUR TEAM\";s:20:\"team_banner_subtitle\";s:24:\"A World of Opportunities\";s:17:\"team_banner_image\";N;s:10:\"team_title\";s:11:\"Expert Team\";s:13:\"team_subtitle\";s:77:\"Claritas est etiam processus dynamicus, qui sequitur mutationem consuetudium.\";s:14:\"team_seo_title\";N;s:18:\"team_meta_keywords\";N;s:21:\"team_meta_description\";N;}', 1, 1, 1, 2, NULL, '2019-04-18 10:40:01'),
(29, 'sm_theme_options_services_setting', 'a:14:{s:20:\"service_banner_title\";s:12:\"OUR SERVICES\";s:23:\"service_banner_subtitle\";s:24:\"A World of Opportunities\";s:20:\"service_banner_image\";N;s:13:\"service_title\";s:39:\"Full Services of Our <br>Digital Agency\";s:16:\"service_subtitle\";s:77:\"Claritas est etiam processus dynamicus, qui sequitur mutationem consuetudium.\";s:17:\"service_seo_image\";N;s:17:\"service_seo_title\";s:26:\"Search Engine Optimization\";s:23:\"service_seo_description\";s:818:\"Search engine marketing has evolved a way faster than other online services. To cope with the                            fast-changing scenario in digital marketing, Doodle Digital has adopted tried and true                            techniques and up-to-date insights to be able to assist businesses of all levels, from small                            concerns to large corporations with their digital marketing goals.Being committed to making                            online marketing services easy, affordable, and useful for businesses, we cooperate with                            professionals at different levels and interact with people, so we know how people think,                            buy,                            and live. This is how, we create each of our search engine marketing strategies.\";s:16:\"service_seo_link\";s:1:\"#\";s:23:\"services_posts_per_page\";N;s:29:\"services_is_breadcrumb_enable\";s:1:\"0\";s:18:\"services_seo_title\";N;s:22:\"services_meta_keywords\";N;s:25:\"services_meta_description\";N;}', 1, 1, 1, 2, NULL, '2019-04-18 10:40:01'),
(30, 'sm_theme_options_services_detail_setting', 'a:6:{s:27:\"service_detail_banner_title\";s:12:\"OUR SERVICES\";s:30:\"service_detail_banner_subtitle\";s:24:\"A World of Opportunities\";s:27:\"service_detail_banner_image\";N;s:35:\"service_detail_is_breadcrumb_enable\";s:1:\"0\";s:25:\"service_detail_mail_title\";s:7:\"Hire Us\";s:28:\"service_detail_mail_subtitle\";s:17:\"15 Day FREE Trial\";}', 1, 1, 1, 2, NULL, '2019-04-18 10:40:01'),
(31, 'sm_theme_options_package_setting', 'a:5:{s:20:\"package_banner_title\";s:16:\"VIEW ALL PACKAGE\";s:23:\"package_banner_subtitle\";s:64:\"A World of Opportunities We all know that content has to be good\";s:20:\"package_banner_image\";N;s:28:\"package_is_breadcrumb_enable\";s:1:\"0\";s:22:\"package_posts_per_page\";N;}', 1, 1, 1, 2, NULL, '2019-04-18 10:40:01'),
(32, 'sm_theme_options_package_detail_setting', 'a:10:{s:35:\"package_detail_is_breadcrumb_enable\";s:1:\"0\";s:26:\"package_pricing_info_title\";s:12:\"Pricing Info\";s:25:\"package_detail_move_title\";s:20:\"Move to Package info\";s:24:\"package_detail_move_icon\";s:8:\"fa-heart\";s:11:\"step1_image\";N;s:11:\"step1_title\";s:21:\"Money Back Guaranteed\";s:17:\"step1_description\";s:46:\"Ang Lorem Ipsum ay ginaamit na modelo ng print\";s:11:\"step3_image\";N;s:11:\"step3_title\";s:22:\"Satisfaction Guarantee\";s:17:\"step3_description\";s:46:\"Ang Lorem Ipsum ay ginaamit na modelo ng print\";}', 1, 1, 1, 2, NULL, '2019-04-18 10:40:01'),
(33, 'sm_theme_options_blog_setting', 'a:9:{s:19:\"blog_posts_per_page\";N;s:17:\"blog_banner_title\";s:9:\"BLOG HOME\";s:20:\"blog_banner_subtitle\";s:24:\"A World of Opportunities\";s:17:\"blog_banner_image\";N;s:25:\"blog_is_breadcrumb_enable\";s:1:\"0\";s:13:\"blog_ad_image\";N;s:14:\"blog_seo_title\";N;s:18:\"blog_meta_keywords\";N;s:21:\"blog_meta_description\";N;}', 1, 1, 1, 2, NULL, '2019-04-18 10:40:01'),
(34, 'sm_theme_options_blog_detail_setting', 'a:6:{s:24:\"blog_detail_banner_title\";s:9:\"BLOG HOME\";s:27:\"blog_detail_banner_subtitle\";s:24:\"A World of Opportunities\";s:24:\"blog_detail_banner_image\";N;s:32:\"blog_detail_is_breadcrumb_enable\";s:1:\"0\";s:27:\"blog_related_posts_per_page\";N;s:22:\"blog_comments_per_page\";N;}', 1, 1, 1, 2, NULL, '2019-04-18 10:40:01'),
(35, 'sm_theme_options_blog_sidebar_setting', 'a:6:{s:22:\"blog_popular_is_enable\";s:1:\"1\";s:27:\"blog_popular_posts_per_page\";N;s:18:\"blog_show_category\";s:1:\"0\";s:13:\"blog_show_tag\";s:1:\"0\";s:15:\"blog_sidebar_ad\";N;s:20:\"blog_sidebar_ad_link\";s:1:\"#\";}', 1, 1, 1, 2, NULL, '2019-11-11 06:01:34'),
(36, 'sm_theme_options_product_setting', 'a:10:{s:21:\"shop_page_per_product\";s:2:\"20\";s:23:\"search_page_per_product\";s:2:\"18\";s:20:\"product_banner_title\";s:12:\"PRODUCT HOME\";s:23:\"product_banner_subtitle\";s:373:\"The classic and evergreen Indian Salwar Kameez, that can be as simple as a straight cut suit that you can wear to work or an intricately embellished Anarkali that is apt for a royal wedding. Available in a plethora of designs and combinations to suit your mood and to fit your requirement, salwar suits are your all weather friend for the perfectly traditional Indian look.\";s:20:\"product_banner_image\";N;s:28:\"product_is_breadcrumb_enable\";s:1:\"0\";s:16:\"product_ad_image\";N;s:17:\"product_seo_title\";N;s:21:\"product_meta_keywords\";N;s:24:\"product_meta_description\";N;}', 1, 1, 1, 2, NULL, '2019-07-18 08:58:11'),
(37, 'sm_theme_options_product_detail_setting', 'a:10:{s:27:\"product_detail_banner_title\";s:12:\"PRODUCT HOME\";s:30:\"product_detail_banner_subtitle\";s:24:\"A World of Opportunities\";s:27:\"product_detail_banner_image\";N;s:35:\"product_detail_is_breadcrumb_enable\";s:1:\"0\";s:24:\"product_related_per_page\";N;s:25:\"product_comments_per_page\";N;s:25:\"product_special_is_enable\";s:1:\"1\";s:24:\"product_special_per_page\";N;s:18:\"product_detail_add\";N;s:23:\"product_detail_add_link\";s:1:\"#\";}', 1, 1, 1, 2, NULL, '2019-05-01 02:48:22'),
(38, 'sm_theme_options_product_sidebar_setting', 'a:10:{s:27:\"product_best_sale_is_enable\";s:1:\"1\";s:26:\"product_best_sale_per_page\";N;s:21:\"product_show_category\";s:1:\"1\";s:16:\"product_show_tag\";s:1:\"1\";s:18:\"product_show_brand\";s:1:\"1\";s:17:\"product_show_size\";s:1:\"0\";s:18:\"product_show_color\";s:1:\"0\";s:24:\"product_show_testimonial\";s:1:\"0\";s:26:\"product_show_advertisement\";s:1:\"1\";s:29:\"product_sidebar_advertisement\";a:3:{i:0;a:4:{s:5:\"title\";s:1:\"1\";s:11:\"description\";s:3:\"sds\";s:4:\"link\";s:1:\"#\";s:5:\"image\";s:15:\"awardbanner.jpg\";}i:1;a:4:{s:5:\"title\";s:1:\"2\";s:11:\"description\";s:1:\"2\";s:4:\"link\";s:1:\"#\";s:5:\"image\";s:23:\"ready-pleatrd-saree.jpg\";}i:2;a:4:{s:5:\"title\";s:1:\"3\";s:11:\"description\";s:1:\"3\";s:4:\"link\";s:1:\"#\";s:5:\"image\";s:18:\"bandani_sareee.jpg\";}}}', 1, 1, 1, 2, NULL, '2020-01-06 18:13:04'),
(39, 'sm_theme_options_case_setting', 'a:8:{s:17:\"case_banner_title\";s:12:\"CASE DETAILS\";s:20:\"case_banner_subtitle\";s:24:\"A World of Opportunities\";s:17:\"case_banner_image\";N;s:25:\"case_is_breadcrumb_enable\";s:1:\"0\";s:19:\"case_posts_per_page\";N;s:14:\"case_seo_title\";N;s:18:\"case_meta_keywords\";N;s:21:\"case_meta_description\";N;}', 1, 1, 1, 2, NULL, '2019-04-18 10:40:01'),
(40, 'sm_theme_options_case_detail_setting', 'a:4:{s:24:\"case_detail_banner_title\";s:12:\"CASE DETAILS\";s:27:\"case_detail_banner_subtitle\";s:24:\"A World of Opportunities\";s:24:\"case_detail_banner_image\";N;s:32:\"case_detail_is_breadcrumb_enable\";s:1:\"0\";}', 1, 1, 1, 2, NULL, '2019-04-18 10:40:01'),
(41, 'sm_theme_options_order_setting', 'a:7:{s:20:\"order_posts_per_page\";N;s:17:\"invoice_signature\";s:13:\"mart_logo.png\";s:24:\"invoice_approved_by_name\";s:8:\"Director\";s:31:\"invoice_approved_by_designation\";s:11:\"Mahmud Mart\";s:20:\"invoice_banner_title\";s:13:\"ORDER DETAILS\";s:23:\"invoice_banner_subtitle\";s:44:\"If you\'re struggling to get more information\";s:20:\"invoice_banner_image\";N;}', 1, 1, 1, 2, NULL, '2019-07-09 10:56:53'),
(42, 'sm_theme_options_social_setting', 'a:10:{s:15:\"social_facebook\";s:38:\"https://www.facebook.com/mahmudmartbd/\";s:14:\"social_twitter\";s:1:\"#\";s:15:\"social_linkedin\";s:1:\"#\";s:18:\"social_google_plus\";s:1:\"#\";s:13:\"social_github\";N;s:16:\"social_pinterest\";N;s:14:\"social_behance\";N;s:15:\"social_dribbble\";N;s:16:\"social_instagram\";N;s:14:\"social_youtube\";N;}', 1, 1, 1, 2, NULL, '2019-07-20 11:28:06'),
(43, 'sm_theme_options_footer_setting', 'a:8:{s:11:\"footer_logo\";s:7:\"djj.png\";s:20:\"footer_widget2_title\";s:7:\"COMPANY\";s:26:\"footer_widget2_description\";s:285:\"<ul>\r\n	<li><a href=\"/about\">About Us</a></li>\r\n	<li><a href=\"/privacy-policy\">Privacy Policy</a></li>\r\n	<li><a href=\"/terms-and-conditions\">Terms &amp; Conditions</a></li>\r\n	<li><a href=\"/contact\">Contact Us</a></li>\r\n	<li><a href=\"/shipping-delivery\">Shipping Delivery</a></li>\r\n</ul>\";s:20:\"footer_widget3_title\";s:10:\"MY ACCOUNT\";s:26:\"footer_widget3_description\";s:174:\"<ul>\r\n	<li><a href=\"/\">Home</a></li>\r\n	<li><a href=\"/shop\">Shop</a></li>\r\n	<li><a href=\"/dashboard/orders\">Orders</a></li>\r\n	<li><a href=\"/cart\">Shopping Cart</a></li>\r\n</ul>\";s:20:\"footer_widget4_title\";s:7:\"SUPPORT\";s:26:\"footer_widget4_description\";N;s:9:\"copyright\";s:31:\"© 2019 | All rights reserved .\";}', 1, 1, 1, 2, NULL, '2019-11-12 07:19:43'),
(44, 'sm_theme_options_popup_setting', 'a:11:{s:24:\"newsletter_pop_is_enable\";s:1:\"1\";s:20:\"newsletter_pop_title\";s:19:\"Join Our Newsletter\";s:26:\"newsletter_pop_description\";s:102:\"<p>We really care about you and your website as much as you do. from us you get 100% free support.</p>\";s:24:\"newsletter_success_title\";s:26:\"Thank You For Subscribing!\";s:30:\"newsletter_success_description\";s:131:\"You\'re just one step away from being one of our dear susbcribers.<br>Please check the Email provided and confirm your susbcription.\";s:32:\"newsletter_already_success_title\";s:27:\"Thank You For Your Efforts!\";s:38:\"newsletter_already_success_description\";s:41:\"You Already Subscribed To Our Newsletter!\";s:31:\"newsletter_form_success_message\";s:24:\"Subscribed successfully.\";s:15:\"offer_is_enable\";s:1:\"1\";s:11:\"offer_title\";s:20:\"1st Order To 30% Off\";s:17:\"offer_description\";s:135:\"<p>As content marketing continues to drive results for businesses trying to reach their audience</p>\r\n\r\n<p><a href=\"#\">Get More</a></p>\";}', 1, 1, 1, 2, NULL, '2019-11-25 00:16:44'),
(45, 'sm_theme_options_style_n_script_setting', 'a:3:{s:20:\"google_analytic_code\";s:668:\"<script>\r\n        (function(i,s,o,g,r,a,m){i[\'GoogleAnalyticsObject\']=r;i[r]=i[r]||function(){\r\n            (i[r].q=i[r].q||[]).push(arguments)},i[r].l=1*new Date();a=s.createElement(o),\r\n            m=s.getElementsByTagName(o)[0];a.async=1;a.src=g;m.parentNode.insertBefore(a,m)\r\n        })(window,document,\'script\',\'https://www.google-analytics.com/analytics.js\',\'ga\');\r\n\r\n        ga(\'create\', \'UA-XXXXXXXX-X\', \'auto\');\r\n        ga(\'send\', \'pageview\');\r\n        ga(\'require\', \'linkid\', \'linkid.js\');\r\n        ga(\'require\', \'displayfeatures\');\r\n        setTimeout(\"ga(\'send\',\'event\',\'Profitable Engagement\',\'time on page more than 30 seconds\')\",30000);\r\n    </script>\";s:21:\"mrks_theme_custom_css\";N;s:20:\"mrks_theme_custom_js\";N;}', 1, 1, 1, 2, NULL, '2019-05-01 02:50:09'),
(46, 'sm_theme_options_other_setting', 'a:7:{s:29:\"checkout_is_breadcrumb_enable\";s:1:\"0\";s:21:\"checkout_banner_title\";s:8:\"Checkout\";s:24:\"checkout_banner_subtitle\";s:24:\"A World of Opportunities\";s:21:\"checkout_banner_image\";N;s:20:\"checkout_email_label\";s:35:\"Please provide your email address :\";s:26:\"checkout_email_description\";s:147:\"Please enter an email address you check regularly, as we use this to send updates regarding your job. this email address with the service provider.\";s:28:\"checkout_payment_description\";N;}', 1, 1, 1, 2, NULL, '2019-04-18 10:40:02'),
(47, 'currency', '19', 1, 1, 1, 2, NULL, '2019-05-23 06:31:13'),
(48, 'primary_color', '#ff0000', 1, 1, 1, 2, NULL, '2019-05-18 04:20:42'),
(49, 'secondary_color', NULL, 1, 1, 1, 2, NULL, '2019-04-29 04:36:12'),
(50, 'fb_api_enable', 'on', 1, 1, 1, 2, NULL, '2019-04-24 11:10:58'),
(51, 'fb_app_id', '312088412769976', 1, 1, 1, 2, NULL, '2019-08-06 04:28:53'),
(52, 'fb_app_secret', '322176e6b75a04f767affddf672a25eb', 1, 1, 1, 2, NULL, '2019-08-06 04:29:05'),
(53, 'gp_api_enable', 'on', 1, 1, 1, 2, NULL, '2019-12-20 02:25:15'),
(54, 'gp_client_id', '199706239', 1, 1, 1, 2, NULL, '2019-12-20 02:46:57'),
(55, 'gp_client_secret', 'UA-145278129-1', 1, 1, 1, 2, NULL, '2019-12-20 02:25:15'),
(56, 'seo_title', 'For A Better Product| JOTPOT Shop', 1, 1, 1, 2, NULL, '2019-12-27 05:45:59'),
(57, 'is_tax_enable', '0', 1, NULL, 1, 2, NULL, NULL),
(58, 'default_tax', '1', 1, NULL, 1, 2, NULL, NULL),
(59, 'default_tax_type', '1', 1, NULL, 1, 2, NULL, NULL),
(60, 'shop_url', 'http://jotpotshop.com/shop', 1, 1, 1, 2, NULL, '2019-12-27 05:32:15');

-- --------------------------------------------------------

--
-- Table structure for table `shipping_methods`
--

CREATE TABLE `shipping_methods` (
  `id` int(10) UNSIGNED NOT NULL,
  `title` varchar(191) NOT NULL,
  `description` text,
  `image` text,
  `charge` decimal(8,2) DEFAULT NULL,
  `target_amount` int(11) NOT NULL,
  `created_by` int(10) UNSIGNED NOT NULL,
  `modified_by` int(10) UNSIGNED DEFAULT NULL,
  `status` tinyint(4) NOT NULL DEFAULT '2' COMMENT '1=active, 2=pending, 3=cancel',
  `created_at` timestamp NULL DEFAULT NULL,
  `updated_at` timestamp NULL DEFAULT NULL
) ENGINE=InnoDB DEFAULT CHARSET=utf8;

--
-- Dumping data for table `shipping_methods`
--

INSERT INTO `shipping_methods` (`id`, `title`, `description`, `image`, `charge`, `target_amount`, `created_by`, `modified_by`, `status`, `created_at`, `updated_at`) VALUES
(1, 'Flat Rate', NULL, NULL, '50.00', 0, 1, NULL, 1, '2019-04-20 04:41:25', '2019-04-20 04:41:25'),
(3, 'Free Shipping', NULL, NULL, '0.00', 0, 1, NULL, 1, '2019-04-20 04:41:56', '2019-04-20 04:41:56');

-- --------------------------------------------------------

--
-- Table structure for table `shoppingcart`
--

CREATE TABLE `shoppingcart` (
  `identifier` varchar(191) NOT NULL,
  `instance` varchar(191) NOT NULL,
  `content` longtext NOT NULL,
  `created_at` timestamp NULL DEFAULT NULL,
  `updated_at` timestamp NULL DEFAULT NULL
) ENGINE=InnoDB DEFAULT CHARSET=utf8;

-- --------------------------------------------------------

--
-- Table structure for table `sliders`
--

CREATE TABLE `sliders` (
  `id` int(10) UNSIGNED NOT NULL,
  `style` varchar(191) NOT NULL,
  `title` varchar(191) NOT NULL,
  `display_title` varchar(150) DEFAULT NULL,
  `priority` varchar(50) DEFAULT NULL,
  `description` text,
  `image` varchar(191) NOT NULL,
  `background_image` varchar(255) NOT NULL,
  `extra` varchar(191) NOT NULL,
  `created_by` int(10) UNSIGNED DEFAULT NULL,
  `modified_by` int(10) UNSIGNED DEFAULT NULL,
  `status` tinyint(4) NOT NULL DEFAULT '2' COMMENT '1=active, 2=pending, 3=cancel',
  `created_at` timestamp NULL DEFAULT NULL,
  `updated_at` timestamp NULL DEFAULT NULL
) ENGINE=InnoDB DEFAULT CHARSET=utf8;

--
-- Dumping data for table `sliders`
--

INSERT INTO `sliders` (`id`, `style`, `title`, `display_title`, `priority`, `description`, `image`, `background_image`, `extra`, `created_by`, `modified_by`, `status`, `created_at`, `updated_at`) VALUES
(9, 'slide1', 'A cup of refreshing tea or coffee can get you in the right mood.', 'A cup of refreshing tea or coffee can get you in the right mood.', '2', 'For a great selection of tea and coffee visit www.mahmudmart.com.bd today.', 'home_slider_img_2.jpg', 'home_slider_img_2.jpg', 'a:2:{s:12:\"button_label\";a:1:{i:0;N;}s:11:\"button_link\";a:1:{i:0;N;}}', 1, 1, 1, '2019-11-17 11:24:15', '2020-01-02 21:08:21'),
(10, 'slide1', 'Make your salad bar at home with these amazing salad dressings.', 'Make your salad bar at home with these amazing salad dressings.', '3', 'For a great selection of Salad Dressings visit www.mahmudmart.com.bd today!', 'slider_alcina_never.jpg', 'slider_alcina_never.jpg', 'a:2:{s:12:\"button_label\";a:1:{i:0;N;}s:11:\"button_link\";a:1:{i:0;N;}}', 1, 1, 1, '2019-11-17 11:53:10', '2020-01-02 21:07:31'),
(12, 'slide5', '.', NULL, '1', NULL, 'home_slider_img_2.jpg', 'home_slider_img_2.jpg', 'a:2:{s:12:\"button_label\";a:1:{i:0;N;}s:11:\"button_link\";a:1:{i:0;N;}}', 1, 1, 1, '2019-12-01 23:31:30', '2020-01-02 20:49:35'),
(14, 'slide1', 'this is slider one', NULL, NULL, NULL, 'slider-img-7.jpg', 'slider_alcina_never.jpg', 'a:2:{s:12:\"button_label\";a:1:{i:0;N;}s:11:\"button_link\";a:1:{i:0;N;}}', 1, 1, 1, '2019-12-16 02:10:00', '2020-01-02 21:06:48');

-- --------------------------------------------------------

--
-- Table structure for table `subscribers`
--

CREATE TABLE `subscribers` (
  `id` int(10) UNSIGNED NOT NULL,
  `email` varchar(191) NOT NULL,
  `firstname` varchar(191) DEFAULT NULL,
  `lastname` varchar(191) DEFAULT NULL,
  `ip` varchar(191) DEFAULT NULL,
  `city` varchar(191) DEFAULT NULL,
  `state` varchar(191) DEFAULT NULL,
  `country` varchar(191) DEFAULT NULL,
  `extra` varchar(191) DEFAULT NULL,
  `status` tinyint(4) NOT NULL DEFAULT '1' COMMENT '1=Active, 0=Disabled',
  `created_at` timestamp NULL DEFAULT NULL,
  `updated_at` timestamp NULL DEFAULT NULL
) ENGINE=InnoDB DEFAULT CHARSET=utf8;

--
-- Dumping data for table `subscribers`
--

INSERT INTO `subscribers` (`id`, `email`, `firstname`, `lastname`, `ip`, `city`, `state`, `country`, `extra`, `status`, `created_at`, `updated_at`) VALUES
(1, 'admin@gmail.com', NULL, NULL, '220.158.206.79', '', '', '', NULL, 0, '2019-04-23 11:15:29', '2019-04-23 11:15:29'),
(2, 'admin1@gmail.com', NULL, NULL, '127.0.0.1', '', '', '', NULL, 0, '2019-04-24 08:49:06', '2019-04-24 08:49:06'),
(3, 'admin@dprescription.com', NULL, NULL, '127.0.0.1', '', '', '', NULL, 0, '2019-04-24 08:49:16', '2019-04-24 08:49:16'),
(4, 'manager@gmail.com', NULL, NULL, '127.0.0.1', '', '', '', NULL, 0, '2019-04-24 08:49:27', '2019-04-24 08:49:27'),
(5, 'nextpagetl@gmail.com', NULL, NULL, '127.0.0.1', '', '', '', NULL, 0, '2019-04-25 03:50:19', '2019-04-25 03:50:19'),
(6, 'mmsumon799@gmail.com', NULL, NULL, '127.0.0.1', '', '', '', NULL, 1, '2019-04-29 07:12:42', '2019-04-29 08:45:39'),
(7, 'demo@ecommerce.com', NULL, NULL, '127.0.0.1', '', '', '', NULL, 0, '2019-04-29 11:30:25', '2019-04-29 11:30:25'),
(8, 'demo@ecomfrmerce.com', NULL, NULL, '127.0.0.1', '', '', '', NULL, 0, '2019-04-29 11:32:39', '2019-04-29 11:32:39'),
(9, 'admin2@gmail.com', NULL, NULL, '103.197.155.226', '', '', '', NULL, 0, '2019-05-01 03:43:54', '2019-05-01 03:43:54'),
(10, 'fikuvapy@mailinator.net', NULL, NULL, '220.158.206.79', '', '', '', NULL, 1, '2019-07-18 10:02:44', '2019-11-12 08:34:05'),
(11, 'rubelm677@gmajyil.com', NULL, NULL, '103.120.160.249', '', '', '', NULL, 1, '2019-08-22 11:41:38', '2019-11-12 08:34:02'),
(12, 'sayed.raihan@gmail.com', NULL, NULL, '119.30.47.181', '', '', '', NULL, 0, '2019-11-25 17:56:57', '2019-11-25 17:56:57'),
(13, 'hamidulh43@gmail.com', NULL, NULL, '37.111.199.151', '', '', '', NULL, 0, '2019-12-02 01:36:17', '2019-12-02 01:36:17'),
(14, 'ltmamum@gmail.com', NULL, NULL, '119.30.39.212', '', '', '', NULL, 1, '2019-12-06 01:44:50', '2019-12-06 01:45:29'),
(15, 'fatima.karim107@gmail.com', NULL, NULL, '103.35.108.149', '', '', '', NULL, 0, '2019-12-18 19:43:01', '2019-12-18 19:43:01');

-- --------------------------------------------------------

--
-- Table structure for table `taggables`
--

CREATE TABLE `taggables` (
  `id` int(10) UNSIGNED NOT NULL,
  `tag_id` int(10) UNSIGNED NOT NULL,
  `taggable_id` int(10) UNSIGNED NOT NULL,
  `taggable_type` varchar(191) NOT NULL,
  `created_at` timestamp NULL DEFAULT NULL,
  `updated_at` timestamp NULL DEFAULT NULL
) ENGINE=InnoDB DEFAULT CHARSET=utf8;

--
-- Dumping data for table `taggables`
--

INSERT INTO `taggables` (`id`, `tag_id`, `taggable_id`, `taggable_type`, `created_at`, `updated_at`) VALUES
(2, 2, 6, 'App\\Model\\Common\\Product', '2019-09-17 16:24:16', '2019-09-17 16:24:16'),
(23, 11, 590, 'App\\Model\\Common\\Product', '2019-09-24 14:43:04', '2019-09-24 14:43:04'),
(24, 12, 594, 'App\\Model\\Common\\Product', '2019-11-21 11:22:04', '2019-11-21 11:22:04'),
(25, 13, 594, 'App\\Model\\Common\\Product', '2019-11-21 11:22:04', '2019-11-21 11:22:04'),
(26, 14, 594, 'App\\Model\\Common\\Product', '2019-11-21 11:22:04', '2019-11-21 11:22:04'),
(27, 15, 595, 'App\\Model\\Common\\Product', '2019-08-20 16:52:39', '2019-08-20 16:52:39'),
(28, 16, 595, 'App\\Model\\Common\\Product', '2019-08-20 16:52:39', '2019-08-20 16:52:39'),
(29, 17, 595, 'App\\Model\\Common\\Product', '2019-08-20 16:52:39', '2019-08-20 16:52:39'),
(30, 18, 595, 'App\\Model\\Common\\Product', '2019-08-20 16:52:39', '2019-08-20 16:52:39'),
(31, 19, 595, 'App\\Model\\Common\\Product', '2019-08-20 16:52:39', '2019-08-20 16:52:39'),
(32, 17, 596, 'App\\Model\\Common\\Product', '2019-09-23 17:02:36', '2019-09-23 17:02:36'),
(33, 20, 596, 'App\\Model\\Common\\Product', '2019-09-23 17:02:36', '2019-09-23 17:02:36'),
(34, 19, 596, 'App\\Model\\Common\\Product', '2019-09-23 17:02:36', '2019-09-23 17:02:36'),
(35, 17, 597, 'App\\Model\\Common\\Product', '2019-09-24 14:10:47', '2019-09-24 14:10:47'),
(36, 21, 597, 'App\\Model\\Common\\Product', '2019-09-24 14:10:47', '2019-09-24 14:10:47'),
(37, 22, 597, 'App\\Model\\Common\\Product', '2019-09-24 14:10:47', '2019-09-24 14:10:47'),
(38, 19, 597, 'App\\Model\\Common\\Product', '2019-09-24 14:10:47', '2019-09-24 14:10:47'),
(39, 17, 598, 'App\\Model\\Common\\Product', '2019-09-24 14:04:40', '2019-09-24 14:04:40'),
(40, 23, 598, 'App\\Model\\Common\\Product', '2019-09-24 14:04:40', '2019-09-24 14:04:40'),
(41, 21, 598, 'App\\Model\\Common\\Product', '2019-09-24 14:04:40', '2019-09-24 14:04:40'),
(42, 19, 598, 'App\\Model\\Common\\Product', '2019-09-24 14:04:40', '2019-09-24 14:04:40'),
(43, 17, 599, 'App\\Model\\Common\\Product', '2019-09-24 14:06:51', '2019-09-24 14:06:51'),
(44, 24, 599, 'App\\Model\\Common\\Product', '2019-09-24 14:06:51', '2019-09-24 14:06:51'),
(45, 19, 599, 'App\\Model\\Common\\Product', '2019-09-24 14:06:51', '2019-09-24 14:06:51'),
(46, 17, 600, 'App\\Model\\Common\\Product', '2019-09-24 14:13:54', '2019-09-24 14:13:54'),
(47, 25, 600, 'App\\Model\\Common\\Product', '2019-09-24 14:13:54', '2019-09-24 14:13:54'),
(48, 19, 600, 'App\\Model\\Common\\Product', '2019-09-24 14:13:54', '2019-09-24 14:13:54'),
(49, 17, 601, 'App\\Model\\Common\\Product', '2019-09-24 14:04:12', '2019-09-24 14:04:12'),
(50, 26, 601, 'App\\Model\\Common\\Product', '2019-09-24 14:04:12', '2019-09-24 14:04:12'),
(51, 19, 601, 'App\\Model\\Common\\Product', '2019-09-24 14:04:12', '2019-09-24 14:04:12'),
(52, 17, 602, 'App\\Model\\Common\\Product', '2019-09-24 14:08:24', '2019-09-24 14:08:24'),
(53, 27, 602, 'App\\Model\\Common\\Product', '2019-09-24 14:08:24', '2019-09-24 14:08:24'),
(54, 19, 602, 'App\\Model\\Common\\Product', '2019-09-24 14:08:24', '2019-09-24 14:08:24'),
(55, 28, 603, 'App\\Model\\Common\\Product', '2019-09-03 04:09:42', '2019-09-03 04:09:42'),
(56, 19, 603, 'App\\Model\\Common\\Product', '2019-09-03 04:09:42', '2019-09-03 04:09:42'),
(57, 17, 604, 'App\\Model\\Common\\Product', '2019-09-24 14:08:03', '2019-09-24 14:08:03'),
(58, 29, 604, 'App\\Model\\Common\\Product', '2019-09-24 14:08:03', '2019-09-24 14:08:03'),
(59, 19, 604, 'App\\Model\\Common\\Product', '2019-09-24 14:08:03', '2019-09-24 14:08:03'),
(60, 17, 605, 'App\\Model\\Common\\Product', '2019-09-24 14:18:21', '2019-09-24 14:18:21'),
(61, 30, 605, 'App\\Model\\Common\\Product', '2019-09-24 14:18:21', '2019-09-24 14:18:21'),
(62, 19, 605, 'App\\Model\\Common\\Product', '2019-09-24 14:18:21', '2019-09-24 14:18:21'),
(63, 17, 606, 'App\\Model\\Common\\Product', '2019-09-24 14:03:18', '2019-09-24 14:03:18'),
(64, 31, 606, 'App\\Model\\Common\\Product', '2019-09-24 14:03:18', '2019-09-24 14:03:18'),
(65, 19, 606, 'App\\Model\\Common\\Product', '2019-09-24 14:03:18', '2019-09-24 14:03:18'),
(66, 17, 607, 'App\\Model\\Common\\Product', '2019-09-24 14:08:58', '2019-09-24 14:08:58'),
(67, 32, 607, 'App\\Model\\Common\\Product', '2019-09-24 14:08:58', '2019-09-24 14:08:58'),
(68, 19, 607, 'App\\Model\\Common\\Product', '2019-09-24 14:08:58', '2019-09-24 14:08:58'),
(69, 17, 608, 'App\\Model\\Common\\Product', '2019-09-24 14:09:52', '2019-09-24 14:09:52'),
(70, 33, 608, 'App\\Model\\Common\\Product', '2019-09-24 14:09:52', '2019-09-24 14:09:52'),
(71, 19, 608, 'App\\Model\\Common\\Product', '2019-09-24 14:09:52', '2019-09-24 14:09:52'),
(72, 17, 609, 'App\\Model\\Common\\Product', '2019-09-24 14:13:16', '2019-09-24 14:13:16'),
(73, 34, 609, 'App\\Model\\Common\\Product', '2019-09-24 14:13:16', '2019-09-24 14:13:16'),
(74, 35, 609, 'App\\Model\\Common\\Product', '2019-09-24 14:13:16', '2019-09-24 14:13:16'),
(75, 36, 609, 'App\\Model\\Common\\Product', '2019-09-24 14:13:16', '2019-09-24 14:13:16'),
(76, 19, 609, 'App\\Model\\Common\\Product', '2019-09-24 14:13:16', '2019-09-24 14:13:16'),
(77, 17, 610, 'App\\Model\\Common\\Product', '2019-09-24 14:15:50', '2019-09-24 14:15:50'),
(78, 37, 610, 'App\\Model\\Common\\Product', '2019-09-24 14:15:50', '2019-09-24 14:15:50'),
(79, 19, 610, 'App\\Model\\Common\\Product', '2019-09-24 14:15:50', '2019-09-24 14:15:50'),
(80, 17, 611, 'App\\Model\\Common\\Product', '2019-09-24 14:16:46', '2019-09-24 14:16:46'),
(81, 38, 611, 'App\\Model\\Common\\Product', '2019-09-24 14:16:46', '2019-09-24 14:16:46'),
(82, 39, 611, 'App\\Model\\Common\\Product', '2019-09-24 14:16:46', '2019-09-24 14:16:46'),
(83, 19, 611, 'App\\Model\\Common\\Product', '2019-09-24 14:16:46', '2019-09-24 14:16:46'),
(84, 17, 612, 'App\\Model\\Common\\Product', '2019-09-24 14:01:53', '2019-09-24 14:01:53'),
(85, 40, 612, 'App\\Model\\Common\\Product', '2019-09-24 14:01:53', '2019-09-24 14:01:53'),
(86, 19, 612, 'App\\Model\\Common\\Product', '2019-09-24 14:01:53', '2019-09-24 14:01:53'),
(87, 41, 625, 'App\\Model\\Common\\Product', '2019-09-24 14:01:08', '2019-09-24 14:01:08'),
(88, 42, 625, 'App\\Model\\Common\\Product', '2019-09-24 14:01:08', '2019-09-24 14:01:08'),
(89, 43, 4, 'App\\Model\\Common\\Blog', '2019-11-19 13:02:38', '2019-11-19 13:02:38'),
(90, 44, 4, 'App\\Model\\Common\\Blog', '2019-11-19 13:02:38', '2019-11-19 13:02:38'),
(91, 45, 4, 'App\\Model\\Common\\Blog', '2019-11-19 13:02:38', '2019-11-19 13:02:38'),
(92, 46, 5, 'App\\Model\\Common\\Blog', '2019-11-27 15:21:30', '2019-11-27 15:21:30'),
(93, 47, 5, 'App\\Model\\Common\\Blog', '2019-11-27 15:21:30', '2019-11-27 15:21:30'),
(94, 48, 5, 'App\\Model\\Common\\Blog', '2019-11-27 15:21:30', '2019-11-27 15:21:30'),
(95, 49, 5, 'App\\Model\\Common\\Blog', '2019-11-27 15:21:30', '2019-11-27 15:21:30'),
(96, 50, 5, 'App\\Model\\Common\\Blog', '2019-11-27 15:21:30', '2019-11-27 15:21:30');

-- --------------------------------------------------------

--
-- Table structure for table `tags`
--

CREATE TABLE `tags` (
  `id` int(10) UNSIGNED NOT NULL,
  `title` varchar(191) NOT NULL,
  `description` text,
  `image` varchar(191) DEFAULT NULL,
  `slug` varchar(191) NOT NULL,
  `views` int(10) UNSIGNED NOT NULL DEFAULT '0',
  `total_posts` int(10) UNSIGNED NOT NULL DEFAULT '0',
  `total_products` int(11) NOT NULL,
  `seo_title` varchar(191) DEFAULT NULL,
  `meta_key` text,
  `meta_description` text,
  `created_by` int(10) UNSIGNED DEFAULT NULL,
  `modified_by` int(10) UNSIGNED DEFAULT NULL,
  `status` tinyint(4) NOT NULL DEFAULT '2' COMMENT '1=active, 2=pending, 3=cancel',
  `created_at` timestamp NULL DEFAULT NULL,
  `updated_at` timestamp NULL DEFAULT NULL
) ENGINE=InnoDB DEFAULT CHARSET=utf8;

--
-- Dumping data for table `tags`
--

INSERT INTO `tags` (`id`, `title`, `description`, `image`, `slug`, `views`, `total_posts`, `total_products`, `seo_title`, `meta_key`, `meta_description`, `created_by`, `modified_by`, `status`, `created_at`, `updated_at`) VALUES
(2, 'Double georgette', NULL, NULL, 'double-georgette', 0, 1, 0, NULL, NULL, NULL, 1, NULL, 1, '2019-04-20 08:21:51', '2019-04-20 08:21:51'),
(11, 'Hellmann\'s', NULL, NULL, 'hellmanns', 0, 0, 1, NULL, NULL, NULL, 1, 1, 1, '2019-08-01 04:14:39', '2019-08-01 06:48:26'),
(12, 'oreo', NULL, NULL, 'oreo', 0, 0, 1, NULL, NULL, NULL, 1, NULL, 1, '2019-08-01 07:42:02', '2019-08-01 07:42:02'),
(13, 'biscuit', NULL, NULL, 'biscuit', 0, 0, 1, NULL, NULL, NULL, 1, NULL, 1, '2019-08-01 07:42:02', '2019-08-01 07:42:02'),
(14, 'cookies', NULL, NULL, 'cookies', 0, 0, 1, NULL, NULL, NULL, 1, NULL, 1, '2019-08-01 07:42:02', '2019-08-01 07:42:02'),
(15, 'salt', NULL, NULL, 'salt', 0, 0, 0, NULL, NULL, NULL, 1, NULL, 1, '2019-08-01 07:59:28', '2019-08-01 08:00:19'),
(16, 'tesco', NULL, NULL, 'tesco', 0, 0, 0, NULL, NULL, NULL, 1, NULL, 1, '2019-08-01 07:59:28', '2019-08-01 08:00:19'),
(17, 'spice', NULL, NULL, 'spice', 0, 0, 17, NULL, NULL, NULL, 1, NULL, 1, '2019-08-06 16:10:42', '2019-08-07 17:06:03'),
(18, 'basil', NULL, NULL, 'basil', 0, 0, 1, NULL, NULL, NULL, 1, NULL, 1, '2019-08-06 16:10:42', '2019-08-06 16:10:42'),
(19, 'schwartz', NULL, NULL, 'schwartz', 0, 0, 18, NULL, NULL, NULL, 1, NULL, 1, '2019-08-06 16:10:42', '2019-08-07 17:06:03'),
(20, 'bay leaves', NULL, NULL, 'bay-leaves', 0, 0, 1, NULL, NULL, NULL, 1, NULL, 1, '2019-08-07 15:27:09', '2019-08-07 15:27:09'),
(21, 'seasoning', NULL, NULL, 'seasoning', 0, 0, 2, NULL, NULL, NULL, 1, NULL, 1, '2019-08-07 15:42:26', '2019-08-07 15:46:42'),
(22, 'chinese spice', NULL, NULL, 'chinese-spice', 0, 0, 1, NULL, NULL, NULL, 1, NULL, 1, '2019-08-07 15:42:26', '2019-08-07 15:42:26'),
(23, 'cajun', NULL, NULL, 'cajun', 0, 0, 1, NULL, NULL, NULL, 1, NULL, 1, '2019-08-07 15:46:42', '2019-08-07 15:46:42'),
(24, 'cumin', NULL, NULL, 'cumin', 0, 0, 1, NULL, NULL, NULL, 1, NULL, 1, '2019-08-07 16:23:20', '2019-08-07 16:23:20'),
(25, 'garlic salt', NULL, NULL, 'garlic-salt', 0, 0, 1, NULL, NULL, NULL, 1, NULL, 1, '2019-08-07 16:27:28', '2019-08-07 16:27:28'),
(26, 'garlic granules', NULL, NULL, 'garlic-granules', 0, 0, 1, NULL, NULL, NULL, 1, NULL, 1, '2019-08-07 16:32:09', '2019-08-07 16:32:09'),
(27, 'cinnamon', NULL, NULL, 'cinnamon', 0, 0, 1, NULL, NULL, NULL, 1, NULL, 1, '2019-08-07 16:35:11', '2019-08-07 16:35:11'),
(28, 'mixed herbs', NULL, NULL, 'mixed-herbs', 0, 0, 1, NULL, NULL, NULL, 1, NULL, 1, '2019-08-07 16:37:44', '2019-08-07 16:37:44'),
(29, 'cloves', NULL, NULL, 'cloves', 0, 0, 1, NULL, NULL, NULL, 1, NULL, 1, '2019-08-07 16:40:31', '2019-08-07 16:40:31'),
(30, 'parsley grinder', NULL, NULL, 'parsley-grinder', 0, 0, 1, NULL, NULL, NULL, 1, NULL, 1, '2019-08-07 16:49:30', '2019-08-07 16:49:30'),
(31, 'parsely leaf', NULL, NULL, 'parsely-leaf', 0, 0, 1, NULL, NULL, NULL, 1, NULL, 1, '2019-08-07 16:51:33', '2019-08-07 16:51:33'),
(32, 'mixed spice', NULL, NULL, 'mixed-spice', 0, 0, 1, NULL, NULL, NULL, 1, NULL, 1, '2019-08-07 16:53:53', '2019-08-07 16:53:53'),
(33, 'cardamom', NULL, NULL, 'cardamom', 0, 0, 1, NULL, NULL, NULL, 1, NULL, 1, '2019-08-07 16:56:11', '2019-08-07 16:56:11'),
(34, 'steak seasoning', NULL, NULL, 'steak-seasoning', 0, 0, 1, NULL, NULL, NULL, 1, NULL, 1, '2019-08-07 16:59:15', '2019-08-07 16:59:15'),
(35, 'pepper', NULL, NULL, 'pepper', 0, 0, 1, NULL, NULL, NULL, 1, NULL, 1, '2019-08-07 16:59:15', '2019-08-07 16:59:15'),
(36, 'garlic', NULL, NULL, 'garlic', 0, 0, 1, NULL, NULL, NULL, 1, NULL, 1, '2019-08-07 16:59:15', '2019-08-07 16:59:15'),
(37, 'herbes de provence', NULL, NULL, 'herbes-de-provence', 0, 0, 1, NULL, NULL, NULL, 1, NULL, 1, '2019-08-07 17:01:15', '2019-08-07 17:01:15'),
(38, 'oregano grinder', NULL, NULL, 'oregano-grinder', 0, 0, 1, NULL, NULL, NULL, 1, NULL, 1, '2019-08-07 17:03:04', '2019-08-07 17:03:04'),
(39, 'oregano', NULL, NULL, 'oregano', 0, 0, 1, NULL, NULL, NULL, 1, NULL, 1, '2019-08-07 17:03:04', '2019-08-07 17:03:04'),
(40, 'rosemary', NULL, NULL, 'rosemary', 0, 0, 1, NULL, NULL, NULL, 1, NULL, 1, '2019-08-07 17:06:03', '2019-08-07 17:06:03'),
(41, 'spice', NULL, NULL, 'spic', 0, 0, 1, NULL, NULL, NULL, 1, 1, 1, '2019-09-03 12:24:45', '2019-09-25 12:45:57'),
(42, 'peppercorn', NULL, NULL, 'peppercorn', 0, 0, 1, NULL, NULL, NULL, 1, NULL, 1, '2019-09-03 12:24:45', '2019-09-03 12:24:45'),
(43, 'baking', NULL, NULL, 'baking', 0, 1, 0, NULL, NULL, NULL, 1, NULL, 1, '2019-11-15 08:47:10', '2019-11-15 08:47:10'),
(44, 'cake mixes', NULL, NULL, 'cake-mixes', 0, 1, 0, NULL, NULL, NULL, 1, NULL, 1, '2019-11-15 08:47:10', '2019-11-15 08:47:10'),
(45, 'cake decoration', NULL, NULL, 'cake-decoration', 0, 1, 0, NULL, NULL, NULL, 1, NULL, 1, '2019-11-15 08:47:10', '2019-11-15 08:47:10'),
(46, 'keto', NULL, NULL, 'keto', 0, 1, 0, NULL, NULL, NULL, 1, NULL, 1, '2019-11-27 15:18:32', '2019-11-27 15:18:32'),
(47, ' coconut oil', NULL, NULL, 'coconut-oil', 0, 1, 0, NULL, NULL, NULL, 1, NULL, 1, '2019-11-27 15:18:32', '2019-11-27 15:18:32'),
(48, 'nuts', NULL, NULL, 'nuts', 0, 1, 0, NULL, NULL, NULL, 1, NULL, 1, '2019-11-27 15:18:32', '2019-11-27 15:18:32'),
(49, 'seeds', NULL, NULL, 'seeds', 0, 1, 0, NULL, NULL, NULL, 1, NULL, 1, '2019-11-27 15:18:32', '2019-11-27 15:18:32'),
(50, 'dark chocolate', NULL, NULL, 'dark-chocolate', 0, 1, 0, NULL, NULL, NULL, 1, NULL, 1, '2019-11-27 15:18:32', '2019-11-27 15:18:32');

-- --------------------------------------------------------

--
-- Table structure for table `taxes`
--

CREATE TABLE `taxes` (
  `id` int(10) UNSIGNED NOT NULL,
  `title` varchar(191) NOT NULL,
  `country` varchar(191) NOT NULL,
  `tax` double(5,2) NOT NULL DEFAULT '0.00',
  `type` tinyint(3) UNSIGNED NOT NULL DEFAULT '0' COMMENT '1 = Fixed and 2 = Percentage',
  `created_by` int(10) UNSIGNED NOT NULL,
  `modified_by` int(10) UNSIGNED DEFAULT NULL,
  `status` tinyint(4) NOT NULL DEFAULT '3' COMMENT '1=Completed, 2=Processing, 3=Pending, 4=cancel',
  `created_at` timestamp NULL DEFAULT NULL,
  `updated_at` timestamp NULL DEFAULT NULL
) ENGINE=InnoDB DEFAULT CHARSET=utf8;

--
-- Dumping data for table `taxes`
--

INSERT INTO `taxes` (`id`, `title`, `country`, `tax`, `type`, `created_by`, `modified_by`, `status`, `created_at`, `updated_at`) VALUES
(1, 'Tax', 'Bangladesh', 10.00, 2, 1, 1, 1, '2019-04-20 04:43:16', '2019-04-20 04:44:08');

-- --------------------------------------------------------

--
-- Table structure for table `units`
--

CREATE TABLE `units` (
  `id` int(10) UNSIGNED NOT NULL,
  `title` varchar(191) NOT NULL,
  `slug` varchar(191) NOT NULL,
  `actual_name` varchar(191) DEFAULT NULL,
  `created_by` int(10) UNSIGNED DEFAULT NULL,
  `modified_by` int(10) UNSIGNED DEFAULT NULL,
  `status` tinyint(4) NOT NULL DEFAULT '2' COMMENT '1=active, 2=pending, 3=cancel',
  `created_at` timestamp NULL DEFAULT NULL,
  `updated_at` timestamp NULL DEFAULT NULL
) ENGINE=InnoDB DEFAULT CHARSET=utf8;

--
-- Dumping data for table `units`
--

INSERT INTO `units` (`id`, `title`, `slug`, `actual_name`, `created_by`, `modified_by`, `status`, `created_at`, `updated_at`) VALUES
(1, 'Pc(s)', 'pcs', 'Pisces', 1, 1, 1, '2019-04-18 11:11:35', '2019-07-23 14:38:57'),
(2, 'gm', 'gm', 'gram', 1, NULL, 1, '2019-06-20 08:17:40', '2019-06-20 08:17:40'),
(3, 'kg', 'kg', 'kilogram', 1, NULL, 1, '2019-06-20 08:17:57', '2019-06-20 08:17:57'),
(4, 'gm', 'gram', 'Gram', NULL, 1, 2, '2019-06-23 06:09:54', '2019-07-23 14:35:19'),
(5, 'Kilogram', 'kilogram', 'Kilogram', NULL, NULL, 2, '2019-06-23 06:14:30', '2019-06-23 06:14:30'),
(6, 'ml', 'ml', 'Miligram', 1, NULL, 1, '2019-07-23 14:19:17', '2019-07-23 14:19:17'),
(7, 'Pack', 'pack', 'Pack', 1, NULL, 1, '2019-07-23 14:55:12', '2019-07-23 14:55:12');

-- --------------------------------------------------------

--
-- Table structure for table `users`
--

CREATE TABLE `users` (
  `id` int(10) UNSIGNED NOT NULL,
  `auth_id` varchar(191) DEFAULT NULL,
  `username` varchar(50) NOT NULL,
  `email` varchar(191) DEFAULT NULL,
  `firstname` varchar(191) DEFAULT NULL,
  `lastname` varchar(191) DEFAULT NULL,
  `mobile` varchar(20) DEFAULT NULL,
  `company` varchar(191) DEFAULT NULL,
  `address` text,
  `country` varchar(191) DEFAULT NULL,
  `state` varchar(191) DEFAULT NULL,
  `city` varchar(191) DEFAULT NULL,
  `zip` varchar(5) DEFAULT NULL,
  `billing_firstname` varchar(191) DEFAULT NULL,
  `billing_lastname` varchar(191) DEFAULT NULL,
  `billing_mobile` varchar(20) DEFAULT NULL,
  `billing_company` varchar(191) DEFAULT NULL,
  `billing_address` text,
  `billing_country` varchar(191) DEFAULT NULL,
  `billing_state` varchar(191) DEFAULT NULL,
  `billing_city` varchar(191) DEFAULT NULL,
  `billing_zip` varchar(5) DEFAULT NULL,
  `job_title` varchar(191) DEFAULT NULL,
  `password` varchar(60) NOT NULL,
  `image` varchar(191) DEFAULT NULL,
  `remember_token` varchar(100) DEFAULT NULL,
  `status` tinyint(4) NOT NULL DEFAULT '2' COMMENT '1=Active, 2=Pending, 3=Cancel',
  `created_at` timestamp NULL DEFAULT NULL,
  `updated_at` timestamp NULL DEFAULT NULL
) ENGINE=InnoDB DEFAULT CHARSET=utf8;

--
-- Dumping data for table `users`
--

INSERT INTO `users` (`id`, `auth_id`, `username`, `email`, `firstname`, `lastname`, `mobile`, `company`, `address`, `country`, `state`, `city`, `zip`, `billing_firstname`, `billing_lastname`, `billing_mobile`, `billing_company`, `billing_address`, `billing_country`, `billing_state`, `billing_city`, `billing_zip`, `job_title`, `password`, `image`, `remember_token`, `status`, `created_at`, `updated_at`) VALUES
(11, NULL, 'simebycibe', 'wozuku@mailinator.net', 'Rubel', 'Howlader', '1723331925', 'asdfasd', '55 East 52nd Street', 'Bangladesh', 'Jhalokati', 'New York', '75974', 'Rubel', 'Howlader', '1723331925', 'asdfasd', '55 East 52nd Street', NULL, NULL, 'New York', '75974', NULL, '$2y$10$0iOpqbGcGrrVUUVAu5KFLOUIkvwi58lf3ErYYr2HwIOuNFqZZzI0.', NULL, NULL, 1, '2019-06-23 04:34:49', '2019-06-23 04:35:54'),
(12, NULL, 'mahmudmart.com.bd', 'micgyhaelped@gmail.com', NULL, NULL, NULL, NULL, NULL, NULL, NULL, NULL, NULL, NULL, NULL, NULL, NULL, NULL, NULL, NULL, NULL, NULL, NULL, '$2y$10$QAaeoPkfO/uPR4bqH0DXvu2Jy8NDy8h.mnd75ur2GIe7xnAJVOW92', NULL, NULL, 1, '2019-07-07 01:36:53', '2019-07-07 01:36:53'),
(14, '2310104459203597', 'isajid07@gmail.com', 'isajid07@gmail.com', 'Sajedul', 'Islam Sajid', '01723331925', 'fdfd', 'dfd', 'Algeria', 'Ain Defla', 'dfdfd', '12121', 'Sajedul', 'Islam Sajid', '01723331925', 'fdfd', 'dfd', NULL, NULL, 'dfdfd', '12121', NULL, '$2y$10$NEX7r91Lj9i37J87HQlY/OkbdaZKSbzCX57bKEz/ztVJkJ/E2AI5K', '', NULL, 1, '0000-00-00 00:00:00', '2019-07-23 14:58:23'),
(15, '106438169876801264579', 'syed.s.raihangpc@gmail.com', 'syed.s.raihangpc@gmail.com', 'syed', 's.raihan', '01711091434', 'Ddd', 'Dd', 'Bangladesh', 'Barisal', 'Ddf', '820', 'syed', 's.raihan', '01711091434', 'Ddd', 'Dd', NULL, NULL, 'Ddf', '820', NULL, '$2y$10$Vngj9U70wNoVjoK.1cpafeC769rRHIoyvIq55q7OwKtVzREnyL6uu', '', NULL, 1, '0000-00-00 00:00:00', '2019-07-23 16:52:34'),
(18, NULL, 'Sumaiya Minnat', 'sumaiya.minnat@gmail.com', 'Sumaiya', 'Minnat', '01735660557', NULL, 'House: 418, Road: 30, New DOHS, Dhaka -1206, Mohakhali', NULL, NULL, 'Dhaka', '1206', NULL, NULL, NULL, NULL, NULL, NULL, NULL, NULL, NULL, NULL, '$2y$10$Xfqn8mx4Rf43IOshBVDLqOv9VzjGVRkEg3XewHoYr5JQjbnUOSmKu', NULL, 'yk0RQzKOE6DOEti5PqC2RiFESHvS3tkCLYZhIA8CPQZ9OLxyYXSj2L0OK3hP', 1, '2019-08-01 07:00:14', '2019-11-03 07:39:18'),
(20, NULL, 'admin@gmail.com', 'admin@gmail.com', 'Buckle', 'BD', '23423423423423', NULL, 'House 34 (3B), Road 2, Nikunja 2, Dhaka 1229', NULL, NULL, 'Dhaka', '1229', NULL, NULL, NULL, NULL, NULL, NULL, NULL, NULL, NULL, NULL, '$2y$10$zGRjXaVVfgagMqmyQuKGSehAxEHjE7ZF0YPVO.p9VIyvkdO1FkTgC', '732', 'qI7F0Pf8Hr6YcpOBKDlNWrpaiWpBZA4GGjjgRFCEdhFXvGXwkn2XFSBWvn8q', 1, '2019-08-04 08:38:35', '2020-01-09 16:03:43'),
(22, NULL, 'Md. Mahmudul Haque', 'mack952@gmail.com', NULL, NULL, NULL, NULL, NULL, NULL, NULL, NULL, NULL, NULL, NULL, NULL, NULL, NULL, NULL, NULL, NULL, NULL, NULL, '$2y$10$vZFdswgSr9bcakXR6KI/O.fPNuYDPLyO48dVF8pA6ug7dTdGDTUZa', NULL, NULL, 1, '2019-09-08 04:11:04', '2019-09-08 04:11:04'),
(23, NULL, 'Tanjila', 'sithila520@gmail.com', NULL, NULL, NULL, NULL, NULL, NULL, NULL, NULL, NULL, NULL, NULL, NULL, NULL, NULL, NULL, NULL, NULL, NULL, NULL, '$2y$10$Uz015vTthLLPNF/blJc7Au4WRk0jGeBkptiYDsOgpLJXqOd47xuUm', NULL, NULL, 1, '2019-10-12 08:07:48', '2019-10-12 08:07:48'),
(24, NULL, 'Sk.Ali Asgar', 'aliasgar.abl@gmail.com', NULL, NULL, NULL, NULL, NULL, NULL, NULL, NULL, NULL, NULL, NULL, NULL, NULL, NULL, NULL, NULL, NULL, NULL, NULL, '$2y$10$XUteuJUO7jYCSrKzoNt5wORqWB4bkSvwS2xWpERInlrBpEx9A9Jk2', NULL, NULL, 1, '2019-10-31 05:01:30', '2019-10-31 05:01:30'),
(25, NULL, 'Mahtab', 'mahtabuddinctg1@gmail.com', NULL, NULL, NULL, NULL, NULL, NULL, NULL, NULL, NULL, NULL, NULL, NULL, NULL, NULL, NULL, NULL, NULL, NULL, NULL, '$2y$10$9jFJMnX2EH3Sedhdn2Oh0ug6rMll8Z0uhgV/XsmWw4UVfjWF1YKaO', NULL, NULL, 1, '2019-11-11 10:57:42', '2019-11-11 10:57:42'),
(27, NULL, 'Robiul Islam', 'ri01955223344@gmail.com', 'Robiul', 'Islam', '01707070712', NULL, '13/3 Aorongozeb Road, Flat-c/7, Mohammadpur Dhaka', NULL, NULL, 'Dhaka', '1208', NULL, NULL, NULL, NULL, NULL, NULL, NULL, NULL, NULL, NULL, '$2y$10$Qv3Bv4HIOvu2ytIscs.9d.PnIu2fPiO2CbWoMSMTQLJMaazoU9JOq', NULL, NULL, 1, '2019-11-11 14:08:06', '2019-11-11 14:14:40'),
(28, NULL, 'Shamiha', 'shamihatakhand@gmail.com', NULL, NULL, NULL, NULL, NULL, NULL, NULL, NULL, NULL, NULL, NULL, NULL, NULL, NULL, NULL, NULL, NULL, NULL, NULL, '$2y$10$A7rak712i3UHyih6d/Enq.lizgCkDTjNkkCFkA7dkZTTnZ2UUxj7S', NULL, NULL, 1, '2019-11-11 16:04:41', '2019-11-11 16:04:41'),
(29, '109117477350495626999', 'rakibmyman@gmail.com', 'rakibmyman@gmail.com', 'Masud', 'Hasan', '01400081129', 'Unlocklive IT Limited', 'House#65-67(B4), Road#1, Block#E, Mirpur-12', 'Bangladesh', 'Chittagong', 'Rangpur', '1216', NULL, NULL, NULL, NULL, NULL, NULL, NULL, NULL, NULL, NULL, '$2y$10$k7.elqOyXmMkw/liM74ePOfTlOtmcl.s4PG8EATfIJXl9gt3XDn2W', '', 'NYeWeToqVF7DUa7Cb6fWKRqGOM3GztaSvjOJznfRoHYSnAMvaYkGITXmDEMD', 1, '0000-00-00 00:00:00', '2019-11-17 07:52:51'),
(30, NULL, 'nazeem', 'nazeem.choudhury@gmail.com', 'Nazeem', 'Choudhury', '01711818128', NULL, 'Flat 5/A, Plot 77, Road 9, Block C, Niketan', 'Bangladesh', 'Dhaka', 'Gulshan', '1212', NULL, NULL, NULL, NULL, NULL, NULL, NULL, NULL, NULL, NULL, '$2y$10$a5wTt4oYxRl2PF0KKd.SmuXm8Ks9wiTz4Z6j3j82wUHtwl80.3pua', '651', NULL, 1, '2019-11-19 15:25:23', '2019-11-19 15:27:52'),
(31, NULL, 'Mohammad', 'aqeeda.int@gmail.com', 'Mohammad', 'Haque', '01926672042', 'NNN', 'NNN,21, dsdd', NULL, NULL, 'Dhaka', '1206', NULL, NULL, NULL, NULL, NULL, NULL, NULL, NULL, NULL, NULL, '$2y$10$DtCixaPImStSRU.mWsrsC.H6Rxb832uowMHoVQ5OfYbN5DBk3Nemm', NULL, NULL, 1, '2019-11-19 16:24:24', '2019-11-19 16:25:34'),
(32, NULL, 'Hasanul Hoq Mehedi', 'mehedi_tristan@yahoo.com', NULL, NULL, NULL, NULL, NULL, NULL, NULL, NULL, NULL, NULL, NULL, NULL, NULL, NULL, NULL, NULL, NULL, NULL, NULL, '$2y$10$5orNuvo8gmF/StkVw7HH8uPhnnX1r50fAo3wKSyO6vRaEjbZk1grK', NULL, 'T6B620vx0bI7nF7UfRKJjtPzJnZZrkGF75TjZdrrh36vCNTqBuMIO36FqNsY', 1, '2019-11-22 17:49:45', '2019-11-22 17:49:45'),
(33, '109783765446181430969', 'sayed.raihan@gmail.com', 'sayed.raihan@gmail.com', 'sayed', 'raihan', NULL, NULL, NULL, NULL, NULL, NULL, NULL, NULL, NULL, NULL, NULL, NULL, NULL, NULL, NULL, NULL, NULL, '$2y$10$4qSgH9265ncNtg5AlYuJxeiYqQ2NNU7QNopfw9qD6UStBqKuzuOm2', '', 'HhQzNqvwdnKV1ihak9ccpkmxYtnLGimM5Oo1VwbgvgYfhvcXkl1MuMRZP4lq', 1, '0000-00-00 00:00:00', NULL),
(34, NULL, 'Musa1957', 'abmmusa.mgglobal@gmail.com', NULL, NULL, NULL, NULL, NULL, NULL, NULL, NULL, NULL, NULL, NULL, NULL, NULL, NULL, NULL, NULL, NULL, NULL, NULL, '$2y$10$/ENSiduUdOxvK4Bt3/NBVuM7tfIgx1HcfAuj88ozh4LGvrEZAzIuS', NULL, NULL, 1, '2019-11-26 14:09:24', '2019-11-26 14:09:24'),
(35, '116812466471161', '', '', 'Hamidul', 'Haque', '01713081548', NULL, 'southeast bank limited, jamuna bhaban karwan bazar', NULL, NULL, 'Dhaka', NULL, NULL, NULL, NULL, NULL, NULL, NULL, NULL, NULL, NULL, NULL, '$2y$10$O8BAIQK.jY4eGCFJeiXSSO7/mcy7uFX7/gyIHsFU3x2Ra1wGXpXii', '', NULL, 1, '0000-00-00 00:00:00', '2019-12-19 17:20:05'),
(36, '117761824682996985321', 'oviahmed945@gmail.com', 'oviahmed945@gmail.com', 'Ovi', 'Ahmed', NULL, NULL, NULL, NULL, NULL, NULL, NULL, NULL, NULL, NULL, NULL, NULL, NULL, NULL, NULL, NULL, NULL, '$2y$10$E4OEwwwSwaPy/3jUA7uPde8RXhC.qjy3S3MUDaQGpKT9mO3w4mQwe', '', NULL, 1, '0000-00-00 00:00:00', NULL),
(37, NULL, 'Monowar', 'sales@mahmudmart.com.bd', 'Mr Monowar', 'Monowar', '01711522231', NULL, 'Rd 105, House 22C Gulshan 2', NULL, NULL, 'Dhaka', NULL, NULL, NULL, NULL, NULL, NULL, NULL, NULL, NULL, NULL, NULL, '$2y$10$FxSy88AqSzW/NZC1a84bhedeNoXs3MgkJD8WDb0P9HRd4CLm0Jzm2', NULL, 'SEzeqSVEkzwW147H6KvRRDNXTwcETyUFNtuJ7bglif9jTgGDebLNJ9LozsvD', 1, '2019-11-27 01:35:38', '2019-11-27 02:17:29'),
(38, NULL, 'Shahrukh Al Hussain', 'bd01711589711@gmail.com', 'shahrukh', 'Hussain', '01711589711', 'Alex', 'House-06,Road-77,Flat-B/1, Gulshan-2, Dhaka-1212.', NULL, NULL, 'Dhaka', '1212', NULL, NULL, NULL, NULL, NULL, NULL, NULL, NULL, NULL, NULL, '$2y$10$135pbtXdml5yJ7Dougzm8uAithw2bFRNYbiE2XP7qOiqM3F.Fuj8m', NULL, 'LiaWNLeklXy4q44WoU4UXCvRbN13bTr2VOzOe2nqD034GlEr2WcrRF7Slvgb', 1, '2019-11-29 16:28:09', '2019-11-29 16:47:44'),
(39, NULL, 'mamun', 'hamidulh43@gmail.com', 'hamidul', 'mamun', '01713081548', NULL, 'southeast bank limited, jamuna bhaban karwan bazar', NULL, NULL, 'Dhaka', NULL, NULL, NULL, NULL, NULL, NULL, NULL, NULL, NULL, NULL, NULL, '$2y$10$pZF4LaEhLdUj/vlUiPyJfOWC0KFWqJBjtEdZrnSGEjBKnHxOjkuka', NULL, NULL, 1, '2019-12-02 04:09:07', '2019-12-02 04:13:27'),
(47, NULL, 'mmamunhoque@gmail.com', 'mmamunhoque@gmail.com', NULL, NULL, NULL, NULL, NULL, NULL, NULL, NULL, NULL, NULL, NULL, NULL, NULL, NULL, NULL, NULL, NULL, NULL, NULL, '$2y$10$KhZVDYA7VQ1lrJ36RwUIYux3/xwpT.xl6Ah1mdaqt0O.cbeMItNxe', NULL, 'ByooGGoUa74lPyIxDDYElJcoLZTqus4qt57A5hRrLqytfjEyynnGFH9O70re', 1, '2019-12-07 16:40:23', '2019-12-07 16:40:23'),
(48, '109053822226986602370', 'magicwindbd@gmail.com', 'magicwindbd@gmail.com', 'Magic', 'Wind', '+8801682627005', NULL, 'H-12, R-12, Dhanmondi', 'Bangladesh', 'Dhaka', 'Dhaka', '1209', NULL, NULL, NULL, NULL, NULL, NULL, NULL, NULL, NULL, NULL, '$2y$10$CoXUQLW2NqOMsBJvaoQttOkkCLDfm5R3v0mKron7ef1V6wWXfykuS', '', NULL, 1, '0000-00-00 00:00:00', '2019-12-11 18:57:20'),
(49, NULL, 'admin11@gmail.com', 'admin11@gmail.com', NULL, NULL, NULL, NULL, NULL, NULL, NULL, NULL, NULL, NULL, NULL, NULL, NULL, NULL, NULL, NULL, NULL, NULL, NULL, '$2y$10$MXrZi6VHSzKy.Ny6qPZjPeXg6B5w6V2DE0ccM/G89MQ27s2eaZj6y', NULL, 'UT4xrOyThBSwDP7reSPW6LLyNsLggs4knonsDO2AbmYu5RHoxC0TPdquWxuC', 1, '2019-12-12 19:18:49', '2019-12-12 19:18:49'),
(50, '2065072176924788', 'rubelm81@yahoo.com', 'rubelm81@yahoo.com', 'Rubel', 'Howlader', NULL, NULL, NULL, NULL, NULL, NULL, NULL, NULL, NULL, NULL, NULL, NULL, NULL, NULL, NULL, NULL, NULL, '$2y$10$t9Rf5Wyp9ncpwvyMrwxSlu4VUdovQfkR2Rogs6djq7YOj9RdbcLwe', '', NULL, 1, '0000-00-00 00:00:00', NULL),
(51, '108233956883394266619', 'alirubaiya2@gmail.com', 'alirubaiya2@gmail.com', 'Rubaiya', 'Ali', '01718140296', NULL, 'Block D , road 7, house 118 , apt#B5 , Bashundhara RA', NULL, NULL, 'Dhaka', NULL, NULL, NULL, NULL, NULL, NULL, NULL, NULL, NULL, NULL, NULL, '$2y$10$lqVqPZK1w55EC3khd81t8uDvu0fLLZ22ogcUmrrGSCaU.qQ6qRO8W', '', NULL, 1, '0000-00-00 00:00:00', '2019-12-16 18:45:00'),
(52, '10156770004612036', 'wellbd@yahoo.com', 'wellbd@yahoo.com', 'Sayed', 'Raihan', NULL, NULL, NULL, NULL, NULL, NULL, NULL, NULL, NULL, NULL, NULL, NULL, NULL, NULL, NULL, NULL, NULL, '$2y$10$P6z.T4e5FACIah4pafkry.mh8t4aaVTfcI5fzxqVh07u.lnV1sBSq', '', NULL, 1, '0000-00-00 00:00:00', NULL),
(53, NULL, 'admin2@gmail.com', 'admin2@gmail.com', 'admin2', NULL, NULL, NULL, NULL, NULL, NULL, NULL, NULL, NULL, NULL, NULL, NULL, NULL, NULL, NULL, NULL, NULL, NULL, '$2y$10$1wixvxzq5nqM34MH0eIYteic6uY0tHI7GwCNlzQHio37C3v.NrBDm', NULL, 'JrelVTYN4z1Bl7Grevon7Qcxmy2AxhXoCoA3D6HXkKK6yxSCSObXHgoihGyS', 1, '2019-12-23 20:30:23', '2019-12-23 20:30:23'),
(54, '205672713729909', 'nextpagetl@gmail.com', 'nextpagetl@gmail.com', 'Sajid', 'Islam', NULL, NULL, NULL, NULL, NULL, NULL, NULL, NULL, NULL, NULL, NULL, NULL, NULL, NULL, NULL, NULL, NULL, '$2y$10$QqfLicK17vC7LSNWOSGple5pvTgsy4AOPwzGdfGAgiqCph2RjJf2S', '', NULL, 1, '0000-00-00 00:00:00', NULL);

-- --------------------------------------------------------

--
-- Table structure for table `users_metas`
--

CREATE TABLE `users_metas` (
  `id` int(10) UNSIGNED NOT NULL,
  `user_id` int(11) NOT NULL,
  `meta_key` text NOT NULL,
  `meta_value` longtext,
  `created_at` timestamp NULL DEFAULT NULL,
  `updated_at` timestamp NULL DEFAULT NULL
) ENGINE=InnoDB DEFAULT CHARSET=utf8;

--
-- Dumping data for table `users_metas`
--

INSERT INTO `users_metas` (`id`, `user_id`, `meta_key`, `meta_value`, `created_at`, `updated_at`) VALUES
(1, 2, 'skype', '645', '2019-04-20 04:39:34', '2019-04-20 04:39:34'),
(2, 2, 'user_online_status', '1', '2019-04-21 04:35:04', '2019-04-21 04:35:04'),
(3, 2, 'user_online_status', '1', '2019-04-21 04:35:04', '2019-04-21 04:35:04'),
(4, 2, 'front_user_online_status', '0', '2019-04-24 07:02:16', '2019-04-24 07:02:16'),
(5, 2, 'front_user_last_activity', '2019-08-04 12:35:36', '2019-04-24 07:02:16', '2019-08-04 06:35:36'),
(6, 3, 'front_user_online_status', '0', '2019-04-24 10:31:51', '2019-04-24 10:31:51'),
(7, 3, 'front_user_last_activity', '2019-12-05 09:15:11', '2019-04-24 10:31:51', '2019-12-06 03:15:11'),
(8, 3, 'user_online_status', '1', '2019-04-24 10:46:48', '2019-04-24 10:46:48'),
(9, 4, 'user_online_status', '1', '2019-04-30 09:01:18', '2019-04-30 09:01:18'),
(10, 5, 'front_user_online_status', '0', '2019-05-01 04:12:58', '2019-05-01 04:12:58'),
(11, 5, 'front_user_last_activity', '2019-04-30 11:12:58', '2019-05-01 04:12:58', '2019-05-01 04:12:58'),
(12, 7, 'user_online_status', '1', '2019-05-13 04:44:38', '2019-05-13 04:44:38'),
(13, 7, 'front_user_online_status', '0', '2019-05-13 04:44:53', '2019-05-13 04:44:53'),
(14, 7, 'front_user_last_activity', '2019-05-13 10:44:53', '2019-05-13 04:44:53', '2019-05-13 04:44:53'),
(15, 6, 'user_online_status', '1', '2019-05-16 09:36:53', '2019-05-16 09:36:53'),
(16, 9, 'user_online_status', '1', '2019-05-23 06:24:17', '2019-05-23 06:24:17'),
(17, 9, 'front_user_online_status', '0', '2019-05-26 05:18:30', '2019-05-26 05:18:30'),
(18, 9, 'front_user_last_activity', '2019-05-26 11:18:30', '2019-05-26 05:18:30', '2019-05-26 05:18:30'),
(19, 10, 'front_user_online_status', '0', '2019-06-18 10:13:28', '2019-06-18 10:13:28'),
(20, 10, 'front_user_last_activity', '2019-06-18 04:25:40', '2019-06-18 10:13:28', '2019-06-18 10:25:40'),
(21, 10, 'user_online_status', '1', '2019-06-18 10:17:28', '2019-06-18 10:17:28'),
(22, 6, 'skype', NULL, '2019-06-24 08:44:29', '2019-06-24 08:44:29'),
(23, 6, 'front_user_online_status', '0', '2019-07-09 05:08:14', '2019-07-09 05:08:14'),
(24, 6, 'front_user_last_activity', '2019-07-18 12:51:11', '2019-07-09 05:08:14', '2019-07-18 06:51:11'),
(25, 16, 'front_user_online_status', '0', '2019-07-24 06:02:13', '2019-07-24 06:02:13'),
(26, 16, 'front_user_last_activity', '2019-07-27 09:24:06', '2019-07-24 06:02:13', '2019-07-27 15:24:06'),
(27, 17, 'user_online_status', '1', '2019-07-28 07:35:33', '2019-07-28 07:35:33'),
(28, 17, 'user_online_status', '1', '2019-07-28 07:35:33', '2019-07-28 07:35:33'),
(29, 18, 'front_user_online_status', '0', '2019-08-01 07:11:51', '2019-08-01 07:11:51'),
(30, 18, 'front_user_last_activity', '2019-11-30 08:26:15', '2019-08-01 07:11:51', '2019-12-01 02:26:15'),
(31, 18, 'user_online_status', '1', '2019-08-01 07:12:38', '2019-08-01 07:12:38'),
(32, 20, 'front_user_online_status', '0', '2019-08-04 08:39:17', '2019-08-04 08:39:17'),
(33, 20, 'front_user_last_activity', '2019-12-23 02:22:31', '2019-08-04 08:39:17', '2019-12-23 20:22:31'),
(34, 21, 'front_user_online_status', '0', '2019-08-21 03:22:01', '2019-08-21 03:22:01'),
(35, 21, 'front_user_last_activity', '2019-08-21 09:22:17', '2019-08-21 03:22:01', '2019-08-21 03:22:17'),
(36, 21, 'user_online_status', '1', '2019-08-21 03:22:13', '2019-08-21 03:22:13'),
(37, 20, 'user_online_status', '1', '2019-09-09 10:01:46', '2019-09-09 10:01:46'),
(38, 25, 'user_online_status', '1', '2019-11-11 11:01:48', '2019-11-11 11:01:48'),
(39, 29, 'skype', NULL, '2019-11-17 07:52:51', '2019-11-17 07:52:51'),
(40, 29, 'front_user_online_status', '0', '2019-11-17 07:53:33', '2019-11-17 07:53:33'),
(41, 29, 'front_user_last_activity', '2019-11-17 01:53:33', '2019-11-17 07:53:33', '2019-11-17 07:53:33'),
(42, 30, 'skype', NULL, '2019-11-19 15:27:10', '2019-11-19 15:27:10'),
(43, 30, 'user_online_status', '1', '2019-11-20 12:46:33', '2019-11-20 12:46:33'),
(44, 32, 'front_user_online_status', '0', '2019-11-22 18:10:09', '2019-11-22 18:10:09'),
(45, 32, 'front_user_last_activity', '2019-11-23 12:10:09', '2019-11-22 18:10:09', '2019-11-22 18:10:09'),
(46, 37, 'front_user_online_status', '0', '2019-11-27 02:10:59', '2019-11-27 02:10:59'),
(47, 37, 'front_user_last_activity', '2019-11-26 08:10:59', '2019-11-27 02:10:59', '2019-11-27 02:10:59'),
(48, 37, 'user_online_status', '1', '2019-11-27 02:11:24', '2019-11-27 02:11:24'),
(49, 38, 'front_user_online_status', '0', '2019-11-29 16:29:39', '2019-11-29 16:29:39'),
(50, 38, 'front_user_last_activity', '2019-11-29 10:29:39', '2019-11-29 16:29:39', '2019-11-29 16:29:39'),
(51, 38, 'user_online_status', '1', '2019-11-29 16:31:03', '2019-11-29 16:31:03'),
(52, 42, 'front_user_online_status', '0', '2019-12-07 15:50:42', '2019-12-07 15:50:42'),
(53, 42, 'front_user_last_activity', '2019-12-07 09:51:07', '2019-12-07 15:50:42', '2019-12-07 15:51:07'),
(54, 42, 'user_online_status', '1', '2019-12-07 15:50:59', '2019-12-07 15:50:59'),
(55, 43, 'front_user_online_status', '0', '2019-12-07 16:33:39', '2019-12-07 16:33:39'),
(56, 43, 'front_user_last_activity', '2019-12-07 10:33:39', '2019-12-07 16:33:39', '2019-12-07 16:33:39'),
(57, 44, 'front_user_online_status', '0', '2019-12-07 16:35:12', '2019-12-07 16:35:12'),
(58, 44, 'front_user_last_activity', '2019-12-07 10:35:12', '2019-12-07 16:35:12', '2019-12-07 16:35:12'),
(59, 45, 'front_user_online_status', '0', '2019-12-07 16:36:03', '2019-12-07 16:36:03'),
(60, 45, 'front_user_last_activity', '2019-12-07 10:36:03', '2019-12-07 16:36:03', '2019-12-07 16:36:03'),
(61, 47, 'front_user_online_status', '0', '2019-12-07 16:40:36', '2019-12-07 16:40:36'),
(62, 47, 'front_user_last_activity', '2019-12-07 10:42:09', '2019-12-07 16:40:36', '2019-12-07 16:42:09'),
(63, 47, 'user_online_status', '1', '2019-12-07 16:40:51', '2019-12-07 16:40:51'),
(64, 48, 'skype', NULL, '2019-12-11 18:57:20', '2019-12-11 18:57:20'),
(65, 49, 'front_user_online_status', '0', '2019-12-12 19:18:54', '2019-12-12 19:18:54'),
(66, 49, 'front_user_last_activity', '2019-12-12 01:18:54', '2019-12-12 19:18:54', '2019-12-12 19:18:54'),
(67, 33, 'front_user_online_status', '0', '2019-12-23 18:07:19', '2019-12-23 18:07:19'),
(68, 33, 'front_user_last_activity', '2019-12-23 12:07:19', '2019-12-23 18:07:19', '2019-12-23 18:07:19'),
(69, 53, 'front_user_online_status', '0', '2019-12-23 20:30:55', '2019-12-23 20:30:55'),
(70, 53, 'front_user_last_activity', '2019-12-23 02:32:33', '2019-12-23 20:30:55', '2019-12-23 20:32:33'),
(71, 53, 'user_online_status', '1', '2019-12-23 20:31:42', '2019-12-23 20:31:42');

-- --------------------------------------------------------

--
-- Table structure for table `visitors`
--

CREATE TABLE `visitors` (
  `id` int(10) UNSIGNED NOT NULL,
  `date` date NOT NULL,
  `views` int(10) UNSIGNED NOT NULL DEFAULT '0'
) ENGINE=InnoDB DEFAULT CHARSET=utf8;

--
-- Dumping data for table `visitors`
--

INSERT INTO `visitors` (`id`, `date`, `views`) VALUES
(1, '2019-04-18', 1),
(2, '2019-04-20', 2),
(3, '2019-04-21', 11),
(4, '2019-04-22', 4),
(5, '2019-04-23', 9),
(6, '2019-04-24', 25),
(7, '2019-04-25', 2),
(8, '2019-04-27', 3),
(9, '2019-04-28', 10),
(10, '2019-04-29', 3),
(11, '2019-04-30', 26),
(12, '2019-05-01', 7),
(13, '2019-05-02', 6),
(14, '2019-05-04', 6),
(15, '2019-05-05', 4),
(16, '2019-05-05', 1),
(17, '2019-05-05', 1),
(18, '2019-05-06', 4),
(19, '2019-05-07', 1),
(20, '2019-05-08', 2),
(21, '2019-05-09', 1),
(22, '2019-05-12', 1),
(23, '2019-05-13', 2),
(24, '2019-05-14', 1),
(25, '2019-05-15', 2),
(26, '2019-05-16', 3),
(27, '2019-05-18', 1),
(28, '2019-05-20', 1),
(29, '2019-05-21', 1),
(30, '2019-05-22', 1),
(31, '2019-05-23', 2),
(32, '2019-05-25', 1),
(33, '2019-05-26', 4),
(34, '2019-05-27', 2),
(35, '2019-05-28', 2),
(36, '2019-05-29', 2),
(37, '2019-05-30', 1),
(38, '2019-06-18', 4),
(39, '2019-06-19', 1),
(40, '2019-06-20', 3),
(41, '2019-06-22', 4),
(42, '2019-06-23', 16),
(43, '2019-06-24', 1),
(44, '2019-06-25', 9),
(45, '2019-06-26', 175),
(46, '2019-06-27', 108),
(47, '2019-06-28', 55),
(48, '2019-06-29', 391),
(49, '2019-06-30', 141),
(50, '2019-07-01', 25),
(51, '2019-07-02', 24),
(52, '2019-07-03', 33),
(53, '2019-07-04', 733),
(54, '2019-07-05', 323),
(55, '2019-07-06', 147),
(56, '2019-07-07', 63),
(57, '2019-07-08', 51),
(58, '2019-07-09', 609),
(59, '2019-07-10', 773),
(60, '2019-07-11', 306),
(61, '2019-07-12', 96),
(62, '2019-07-13', 75),
(63, '2019-07-14', 317),
(64, '2019-07-15', 664),
(65, '2019-07-16', 670),
(66, '2019-07-17', 307),
(67, '2019-07-18', 138),
(68, '2019-07-18', 1),
(69, '2019-07-19', 196),
(70, '2019-07-20', 498),
(71, '2019-07-21', 510),
(72, '2019-07-22', 676),
(73, '2019-07-23', 410),
(74, '2019-07-24', 281),
(75, '2019-07-24', 1),
(76, '2019-07-25', 508),
(77, '2019-07-26', 420),
(78, '2019-07-27', 454),
(79, '2019-07-28', 513),
(80, '2019-07-29', 335),
(81, '2019-07-30', 537),
(82, '2019-07-31', 513),
(83, '2019-08-01', 324),
(84, '2019-08-02', 357),
(85, '2019-08-03', 442),
(86, '2019-08-04', 456),
(87, '2019-08-05', 432),
(88, '2019-08-06', 398),
(89, '2019-08-07', 479),
(90, '2019-08-08', 213),
(91, '2019-08-09', 156),
(92, '2019-08-10', 147),
(93, '2019-08-11', 58),
(94, '2019-08-12', 88),
(95, '2019-08-13', 114),
(96, '2019-08-14', 92),
(97, '2019-08-15', 82),
(98, '2019-08-16', 74),
(99, '2019-08-17', 93),
(100, '2019-08-18', 70),
(101, '2019-08-19', 78),
(102, '2019-08-20', 140),
(103, '2019-08-21', 144),
(104, '2019-08-22', 198),
(105, '2019-08-23', 123),
(106, '2019-08-24', 89),
(107, '2019-08-25', 66),
(108, '2019-08-26', 51),
(109, '2019-08-27', 56),
(110, '2019-08-28', 55),
(111, '2019-08-29', 42),
(112, '2019-08-30', 55),
(113, '2019-08-31', 63),
(114, '2019-09-01', 59),
(115, '2019-09-02', 50),
(116, '2019-09-03', 70),
(117, '2019-09-04', 143),
(118, '2019-09-05', 110),
(119, '2019-09-06', 103),
(120, '2019-09-07', 131),
(121, '2019-09-08', 112),
(122, '2019-09-09', 136),
(123, '2019-09-10', 148),
(124, '2019-09-11', 177),
(125, '2019-09-12', 182),
(126, '2019-09-13', 202),
(127, '2019-09-14', 106),
(128, '2019-09-15', 139),
(129, '2019-09-16', 122),
(130, '2019-09-17', 150),
(131, '2019-09-18', 363),
(132, '2019-09-19', 98),
(133, '2019-09-20', 97),
(134, '2019-09-21', 90),
(135, '2019-09-22', 66),
(136, '2019-09-23', 73),
(137, '2019-09-24', 86),
(138, '2019-09-25', 110),
(139, '2019-09-26', 120),
(140, '2019-09-27', 113),
(141, '2019-09-28', 107),
(142, '2019-09-29', 156),
(143, '2019-09-30', 62),
(144, '2019-10-01', 63),
(145, '2019-10-02', 84),
(146, '2019-10-03', 56),
(147, '2019-10-04', 53),
(148, '2019-10-05', 56),
(149, '2019-10-06', 98),
(150, '2019-10-07', 66),
(151, '2019-10-08', 63),
(152, '2019-10-09', 51),
(153, '2019-10-10', 72),
(154, '2019-10-11', 103),
(155, '2019-10-12', 117),
(156, '2019-10-13', 120),
(157, '2019-10-14', 135),
(158, '2019-10-15', 84),
(159, '2019-10-16', 181),
(160, '2019-10-17', 163),
(161, '2019-10-18', 152),
(162, '2019-10-19', 55),
(163, '2019-10-20', 113),
(164, '2019-10-21', 124),
(165, '2019-10-22', 419),
(166, '2019-10-23', 160),
(167, '2019-10-24', 145),
(168, '2019-10-25', 139),
(169, '2019-10-26', 92),
(170, '2019-10-27', 101),
(171, '2019-10-28', 104),
(172, '2019-10-29', 91),
(173, '2019-10-30', 184),
(174, '2019-10-31', 76),
(175, '2019-11-01', 85),
(176, '2019-11-02', 80),
(177, '2019-11-03', 73),
(178, '2019-11-04', 116),
(179, '2019-11-05', 117),
(180, '2019-11-06', 60),
(181, '2019-11-07', 60),
(182, '2019-11-07', 1),
(183, '2019-11-08', 48),
(184, '2019-11-09', 36),
(185, '2019-11-10', 29),
(186, '2019-11-11', 208),
(187, '2019-11-12', 151),
(188, '2019-11-13', 126),
(189, '2019-11-14', 154),
(190, '2019-11-15', 154),
(191, '2019-11-16', 159),
(192, '2019-11-17', 217),
(193, '2019-11-18', 137),
(194, '2019-11-19', 165),
(195, '2019-11-20', 102),
(196, '2019-11-21', 166),
(197, '2019-11-22', 303),
(198, '2019-11-23', 189),
(199, '2019-11-24', 136),
(200, '2019-11-25', 69),
(201, '2019-11-26', 119),
(202, '2019-11-27', 113),
(203, '2019-11-28', 130),
(204, '2019-11-29', 92),
(205, '2019-11-30', 77),
(206, '2019-12-01', 215),
(207, '2019-12-02', 113),
(208, '2019-12-03', 212),
(209, '2019-12-04', 179),
(210, '2019-12-05', 178),
(211, '2019-12-06', 259),
(212, '2019-12-07', 168),
(213, '2019-12-08', 71),
(214, '2019-12-09', 115),
(215, '2019-12-10', 191),
(216, '2019-12-11', 129),
(217, '2019-12-12', 143),
(218, '2019-12-13', 84),
(219, '2019-12-14', 33),
(220, '2019-12-15', 60),
(221, '2019-12-16', 100),
(222, '2019-12-17', 98),
(223, '2019-12-18', 61),
(224, '2019-12-19', 56),
(225, '2019-12-20', 146),
(226, '2019-12-21', 45),
(227, '2019-12-22', 57),
(228, '2019-12-23', 91),
(229, '2019-12-24', 40),
(230, '2019-12-25', 71),
(231, '2019-12-26', 33),
(232, '2019-12-27', 22),
(233, '2019-12-28', 4),
(234, '2019-12-29', 2),
(235, '2020-01-01', 4),
(236, '2020-01-02', 3),
(237, '2020-01-03', 7),
(238, '2020-01-04', 4),
(239, '2020-01-05', 2),
(240, '2020-01-06', 3),
(241, '2020-01-07', 5),
(242, '2020-01-08', 1),
(243, '2020-01-09', 1),
(244, '2020-01-10', 4),
(245, '2020-01-11', 2),
(246, '2020-01-12', 5);

-- --------------------------------------------------------

--
-- Table structure for table `wishlists`
--

CREATE TABLE `wishlists` (
  `id` int(10) UNSIGNED NOT NULL,
  `user_id` int(10) UNSIGNED NOT NULL,
  `product_id` int(10) UNSIGNED NOT NULL,
  `created_at` timestamp NULL DEFAULT NULL,
  `updated_at` timestamp NULL DEFAULT NULL
) ENGINE=InnoDB DEFAULT CHARSET=utf8;

--
-- Indexes for dumped tables
--

--
-- Indexes for table `admins`
--
ALTER TABLE `admins`
  ADD PRIMARY KEY (`id`),
  ADD UNIQUE KEY `admins_username_unique` (`username`),
  ADD UNIQUE KEY `admins_email_unique` (`email`),
  ADD KEY `admins_firstname_index` (`firstname`),
  ADD KEY `admins_lastname_index` (`lastname`),
  ADD KEY `admins_role_id_index` (`role_id`),
  ADD KEY `admins_status_index` (`status`);

--
-- Indexes for table `admins_metas`
--
ALTER TABLE `admins_metas`
  ADD PRIMARY KEY (`id`),
  ADD KEY `admins_metas_admin_id_index` (`admin_id`);

--
-- Indexes for table `attributes`
--
ALTER TABLE `attributes`
  ADD PRIMARY KEY (`id`),
  ADD KEY `attributes_attributetitle_id_index` (`attributetitle_id`),
  ADD KEY `attributes_title_index` (`title`),
  ADD KEY `attributes_type_index` (`type`),
  ADD KEY `attributes_status_index` (`status`);

--
-- Indexes for table `attributetitles`
--
ALTER TABLE `attributetitles`
  ADD PRIMARY KEY (`id`),
  ADD UNIQUE KEY `attributetitles_slug_unique` (`slug`),
  ADD KEY `attributetitles_title_index` (`title`),
  ADD KEY `attributetitles_status_index` (`status`);

--
-- Indexes for table `attribute_product`
--
ALTER TABLE `attribute_product`
  ADD PRIMARY KEY (`id`);

--
-- Indexes for table `blogs`
--
ALTER TABLE `blogs`
  ADD PRIMARY KEY (`id`),
  ADD UNIQUE KEY `blogs_slug_unique` (`slug`),
  ADD KEY `blogs_title_index` (`title`),
  ADD KEY `blogs_is_sticky_index` (`is_sticky`),
  ADD KEY `blogs_comment_enable_index` (`comment_enable`),
  ADD KEY `blogs_status_index` (`status`);

--
-- Indexes for table `brands`
--
ALTER TABLE `brands`
  ADD PRIMARY KEY (`id`),
  ADD UNIQUE KEY `brands_slug_unique` (`slug`),
  ADD KEY `brands_title_index` (`title`),
  ADD KEY `brands_status_index` (`status`);

--
-- Indexes for table `categories`
--
ALTER TABLE `categories`
  ADD PRIMARY KEY (`id`),
  ADD UNIQUE KEY `categories_slug_unique` (`slug`),
  ADD KEY `categories_parent_id_index` (`parent_id`),
  ADD KEY `categories_title_index` (`title`),
  ADD KEY `categories_status_index` (`status`);

--
-- Indexes for table `categoryables`
--
ALTER TABLE `categoryables`
  ADD PRIMARY KEY (`id`),
  ADD KEY `categoryables_category_id_index` (`category_id`),
  ADD KEY `categoryables_categoryable_id_index` (`categoryable_id`);

--
-- Indexes for table `comments`
--
ALTER TABLE `comments`
  ADD PRIMARY KEY (`id`),
  ADD KEY `comments_commentable_id_index` (`commentable_id`),
  ADD KEY `comments_p_c_id_index` (`p_c_id`),
  ADD KEY `comments_created_by_index` (`created_by`),
  ADD KEY `comments_status_index` (`status`);

--
-- Indexes for table `countries`
--
ALTER TABLE `countries`
  ADD PRIMARY KEY (`id`),
  ADD UNIQUE KEY `code` (`code`);

--
-- Indexes for table `coupons`
--
ALTER TABLE `coupons`
  ADD PRIMARY KEY (`id`),
  ADD KEY `coupons_status_index` (`status`);

--
-- Indexes for table `likes`
--
ALTER TABLE `likes`
  ADD PRIMARY KEY (`id`),
  ADD KEY `likes_liker_id_index` (`liker_id`),
  ADD KEY `likes_liker_ip_index` (`liker_ip`),
  ADD KEY `likes_likeable_id_index` (`likeable_id`),
  ADD KEY `likes_likeable_type_index` (`likeable_type`),
  ADD KEY `likes_status_index` (`status`);

--
-- Indexes for table `media`
--
ALTER TABLE `media`
  ADD PRIMARY KEY (`id`),
  ADD UNIQUE KEY `media_slug_unique` (`slug`),
  ADD KEY `media_is_private_index` (`is_private`),
  ADD KEY `media_title_index` (`title`);

--
-- Indexes for table `media_permissions`
--
ALTER TABLE `media_permissions`
  ADD PRIMARY KEY (`id`),
  ADD KEY `media_permissions_media_id_index` (`media_id`),
  ADD KEY `media_permissions_user_id_index` (`user_id`);

--
-- Indexes for table `migrations`
--
ALTER TABLE `migrations`
  ADD PRIMARY KEY (`id`);

--
-- Indexes for table `orderaddresses`
--
ALTER TABLE `orderaddresses`
  ADD PRIMARY KEY (`id`),
  ADD KEY `orderaddresses_order_id_index` (`order_id`),
  ADD KEY `orderaddresses_firstname_index` (`firstname`),
  ADD KEY `orderaddresses_lastname_index` (`lastname`),
  ADD KEY `orderaddresses_company_index` (`company`),
  ADD KEY `orderaddresses_billing_firstname_index` (`billing_firstname`),
  ADD KEY `orderaddresses_billing_lastname_index` (`billing_lastname`),
  ADD KEY `orderaddresses_billing_company_index` (`billing_company`);

--
-- Indexes for table `orders`
--
ALTER TABLE `orders`
  ADD PRIMARY KEY (`id`),
  ADD KEY `orders_user_id_index` (`user_id`),
  ADD KEY `orders_grand_total_index` (`grand_total`),
  ADD KEY `orders_paid_index` (`paid`),
  ADD KEY `orders_payment_method_id_index` (`payment_method_id`),
  ADD KEY `orders_order_status_index` (`order_status`),
  ADD KEY `orders_payment_status_index` (`payment_status`);

--
-- Indexes for table `order_details`
--
ALTER TABLE `order_details`
  ADD PRIMARY KEY (`id`),
  ADD KEY `order_details_order_id_index` (`order_id`),
  ADD KEY `order_details_product_id_index` (`product_id`);

--
-- Indexes for table `pages`
--
ALTER TABLE `pages`
  ADD PRIMARY KEY (`id`),
  ADD UNIQUE KEY `pages_slug_unique` (`slug`),
  ADD KEY `pages_menu_title_index` (`menu_title`),
  ADD KEY `pages_page_title_index` (`page_title`),
  ADD KEY `pages_views_index` (`views`),
  ADD KEY `pages_created_by_index` (`created_by`),
  ADD KEY `pages_status_index` (`status`);

--
-- Indexes for table `password_resets`
--
ALTER TABLE `password_resets`
  ADD KEY `password_resets_email_index` (`email`);

--
-- Indexes for table `payments`
--
ALTER TABLE `payments`
  ADD PRIMARY KEY (`id`),
  ADD KEY `payments_status_index` (`status`);

--
-- Indexes for table `payment_methods`
--
ALTER TABLE `payment_methods`
  ADD PRIMARY KEY (`id`),
  ADD KEY `payment_methods_status_index` (`status`);

--
-- Indexes for table `products`
--
ALTER TABLE `products`
  ADD PRIMARY KEY (`id`),
  ADD UNIQUE KEY `products_slug_unique` (`slug`),
  ADD UNIQUE KEY `products_sku_unique` (`sku`),
  ADD KEY `products_title_index` (`title`),
  ADD KEY `products_brand_id_index` (`brand_id`),
  ADD KEY `products_unit_id_index` (`unit_id`),
  ADD KEY `products_status_index` (`status`);

--
-- Indexes for table `reviews`
--
ALTER TABLE `reviews`
  ADD PRIMARY KEY (`id`),
  ADD KEY `product_reviews_product_id_foreign` (`product_id`),
  ADD KEY `product_reviews_status_index` (`status`);

--
-- Indexes for table `roles`
--
ALTER TABLE `roles`
  ADD PRIMARY KEY (`id`),
  ADD KEY `roles_name_index` (`name`),
  ADD KEY `roles_created_by_index` (`created_by`),
  ADD KEY `roles_status_index` (`status`);

--
-- Indexes for table `settings`
--
ALTER TABLE `settings`
  ADD PRIMARY KEY (`id`),
  ADD UNIQUE KEY `settings_option_name_unique` (`option_name`),
  ADD KEY `settings_created_by_index` (`created_by`),
  ADD KEY `settings_autoload_index` (`autoload`),
  ADD KEY `settings_status_index` (`status`);

--
-- Indexes for table `shipping_methods`
--
ALTER TABLE `shipping_methods`
  ADD PRIMARY KEY (`id`),
  ADD KEY `shipping_methods_status_index` (`status`);

--
-- Indexes for table `shoppingcart`
--
ALTER TABLE `shoppingcart`
  ADD PRIMARY KEY (`identifier`,`instance`);

--
-- Indexes for table `sliders`
--
ALTER TABLE `sliders`
  ADD PRIMARY KEY (`id`),
  ADD KEY `sliders_created_by_index` (`created_by`),
  ADD KEY `sliders_status_index` (`status`);

--
-- Indexes for table `subscribers`
--
ALTER TABLE `subscribers`
  ADD PRIMARY KEY (`id`),
  ADD UNIQUE KEY `subscribers_email_unique` (`email`),
  ADD KEY `subscribers_firstname_index` (`firstname`),
  ADD KEY `subscribers_lastname_index` (`lastname`),
  ADD KEY `subscribers_status_index` (`status`);

--
-- Indexes for table `taggables`
--
ALTER TABLE `taggables`
  ADD PRIMARY KEY (`id`),
  ADD KEY `taggables_tag_id_index` (`tag_id`),
  ADD KEY `taggables_taggable_id_index` (`taggable_id`);

--
-- Indexes for table `tags`
--
ALTER TABLE `tags`
  ADD PRIMARY KEY (`id`),
  ADD UNIQUE KEY `tags_slug_unique` (`slug`),
  ADD KEY `tags_title_index` (`title`),
  ADD KEY `tags_created_by_index` (`created_by`),
  ADD KEY `tags_status_index` (`status`);

--
-- Indexes for table `taxes`
--
ALTER TABLE `taxes`
  ADD PRIMARY KEY (`id`),
  ADD KEY `taxes_status_index` (`status`);

--
-- Indexes for table `units`
--
ALTER TABLE `units`
  ADD PRIMARY KEY (`id`),
  ADD UNIQUE KEY `units_slug_unique` (`slug`),
  ADD KEY `units_status_index` (`status`);

--
-- Indexes for table `users`
--
ALTER TABLE `users`
  ADD PRIMARY KEY (`id`),
  ADD UNIQUE KEY `users_username_unique` (`username`),
  ADD UNIQUE KEY `users_email_unique` (`email`),
  ADD KEY `users_firstname_index` (`firstname`),
  ADD KEY `users_lastname_index` (`lastname`),
  ADD KEY `users_company_index` (`company`),
  ADD KEY `users_billing_firstname_index` (`billing_firstname`),
  ADD KEY `users_billing_lastname_index` (`billing_lastname`),
  ADD KEY `users_billing_company_index` (`billing_company`),
  ADD KEY `users_job_title_index` (`job_title`),
  ADD KEY `users_status_index` (`status`),
  ADD KEY `users_auth_id_index` (`auth_id`);

--
-- Indexes for table `users_metas`
--
ALTER TABLE `users_metas`
  ADD PRIMARY KEY (`id`),
  ADD KEY `users_metas_user_id_index` (`user_id`);

--
-- Indexes for table `visitors`
--
ALTER TABLE `visitors`
  ADD PRIMARY KEY (`id`),
  ADD KEY `visitors_date_index` (`date`);

--
-- Indexes for table `wishlists`
--
ALTER TABLE `wishlists`
  ADD PRIMARY KEY (`id`),
  ADD KEY `wishlists_user_id_foreign` (`user_id`);

--
-- AUTO_INCREMENT for dumped tables
--

--
-- AUTO_INCREMENT for table `admins`
--
ALTER TABLE `admins`
  MODIFY `id` int(10) UNSIGNED NOT NULL AUTO_INCREMENT, AUTO_INCREMENT=2;

--
-- AUTO_INCREMENT for table `admins_metas`
--
ALTER TABLE `admins_metas`
  MODIFY `id` int(10) UNSIGNED NOT NULL AUTO_INCREMENT, AUTO_INCREMENT=13;

--
-- AUTO_INCREMENT for table `attributes`
--
ALTER TABLE `attributes`
  MODIFY `id` int(10) UNSIGNED NOT NULL AUTO_INCREMENT, AUTO_INCREMENT=11;

--
-- AUTO_INCREMENT for table `attributetitles`
--
ALTER TABLE `attributetitles`
  MODIFY `id` int(10) UNSIGNED NOT NULL AUTO_INCREMENT, AUTO_INCREMENT=3;

--
-- AUTO_INCREMENT for table `attribute_product`
--
ALTER TABLE `attribute_product`
  MODIFY `id` int(10) UNSIGNED NOT NULL AUTO_INCREMENT;

--
-- AUTO_INCREMENT for table `blogs`
--
ALTER TABLE `blogs`
  MODIFY `id` int(10) UNSIGNED NOT NULL AUTO_INCREMENT, AUTO_INCREMENT=6;

--
-- AUTO_INCREMENT for table `brands`
--
ALTER TABLE `brands`
  MODIFY `id` int(10) UNSIGNED NOT NULL AUTO_INCREMENT, AUTO_INCREMENT=137;

--
-- AUTO_INCREMENT for table `categories`
--
ALTER TABLE `categories`
  MODIFY `id` int(10) UNSIGNED NOT NULL AUTO_INCREMENT, AUTO_INCREMENT=134;

--
-- AUTO_INCREMENT for table `categoryables`
--
ALTER TABLE `categoryables`
  MODIFY `id` int(10) UNSIGNED NOT NULL AUTO_INCREMENT, AUTO_INCREMENT=2191;

--
-- AUTO_INCREMENT for table `comments`
--
ALTER TABLE `comments`
  MODIFY `id` int(10) UNSIGNED NOT NULL AUTO_INCREMENT, AUTO_INCREMENT=2;

--
-- AUTO_INCREMENT for table `countries`
--
ALTER TABLE `countries`
  MODIFY `id` int(5) NOT NULL AUTO_INCREMENT, AUTO_INCREMENT=242;

--
-- AUTO_INCREMENT for table `coupons`
--
ALTER TABLE `coupons`
  MODIFY `id` int(10) UNSIGNED NOT NULL AUTO_INCREMENT, AUTO_INCREMENT=7;

--
-- AUTO_INCREMENT for table `likes`
--
ALTER TABLE `likes`
  MODIFY `id` int(10) UNSIGNED NOT NULL AUTO_INCREMENT;

--
-- AUTO_INCREMENT for table `media`
--
ALTER TABLE `media`
  MODIFY `id` int(10) UNSIGNED NOT NULL AUTO_INCREMENT, AUTO_INCREMENT=733;

--
-- AUTO_INCREMENT for table `media_permissions`
--
ALTER TABLE `media_permissions`
  MODIFY `id` int(10) UNSIGNED NOT NULL AUTO_INCREMENT;

--
-- AUTO_INCREMENT for table `migrations`
--
ALTER TABLE `migrations`
  MODIFY `id` int(10) UNSIGNED NOT NULL AUTO_INCREMENT, AUTO_INCREMENT=43;

--
-- AUTO_INCREMENT for table `orderaddresses`
--
ALTER TABLE `orderaddresses`
  MODIFY `id` int(10) UNSIGNED NOT NULL AUTO_INCREMENT, AUTO_INCREMENT=36;

--
-- AUTO_INCREMENT for table `orders`
--
ALTER TABLE `orders`
  MODIFY `id` int(10) UNSIGNED NOT NULL AUTO_INCREMENT, AUTO_INCREMENT=56;

--
-- AUTO_INCREMENT for table `order_details`
--
ALTER TABLE `order_details`
  MODIFY `id` int(10) UNSIGNED NOT NULL AUTO_INCREMENT, AUTO_INCREMENT=100;

--
-- AUTO_INCREMENT for table `pages`
--
ALTER TABLE `pages`
  MODIFY `id` int(10) UNSIGNED NOT NULL AUTO_INCREMENT, AUTO_INCREMENT=5;

--
-- AUTO_INCREMENT for table `payments`
--
ALTER TABLE `payments`
  MODIFY `id` int(10) UNSIGNED NOT NULL AUTO_INCREMENT;

--
-- AUTO_INCREMENT for table `payment_methods`
--
ALTER TABLE `payment_methods`
  MODIFY `id` int(10) UNSIGNED NOT NULL AUTO_INCREMENT, AUTO_INCREMENT=6;

--
-- AUTO_INCREMENT for table `products`
--
ALTER TABLE `products`
  MODIFY `id` int(10) UNSIGNED NOT NULL AUTO_INCREMENT, AUTO_INCREMENT=710;

--
-- AUTO_INCREMENT for table `reviews`
--
ALTER TABLE `reviews`
  MODIFY `id` int(10) UNSIGNED NOT NULL AUTO_INCREMENT, AUTO_INCREMENT=7;

--
-- AUTO_INCREMENT for table `roles`
--
ALTER TABLE `roles`
  MODIFY `id` int(10) UNSIGNED NOT NULL AUTO_INCREMENT, AUTO_INCREMENT=2;

--
-- AUTO_INCREMENT for table `settings`
--
ALTER TABLE `settings`
  MODIFY `id` int(10) UNSIGNED NOT NULL AUTO_INCREMENT, AUTO_INCREMENT=61;

--
-- AUTO_INCREMENT for table `shipping_methods`
--
ALTER TABLE `shipping_methods`
  MODIFY `id` int(10) UNSIGNED NOT NULL AUTO_INCREMENT, AUTO_INCREMENT=4;

--
-- AUTO_INCREMENT for table `sliders`
--
ALTER TABLE `sliders`
  MODIFY `id` int(10) UNSIGNED NOT NULL AUTO_INCREMENT, AUTO_INCREMENT=15;

--
-- AUTO_INCREMENT for table `subscribers`
--
ALTER TABLE `subscribers`
  MODIFY `id` int(10) UNSIGNED NOT NULL AUTO_INCREMENT, AUTO_INCREMENT=16;

--
-- AUTO_INCREMENT for table `taggables`
--
ALTER TABLE `taggables`
  MODIFY `id` int(10) UNSIGNED NOT NULL AUTO_INCREMENT, AUTO_INCREMENT=97;

--
-- AUTO_INCREMENT for table `tags`
--
ALTER TABLE `tags`
  MODIFY `id` int(10) UNSIGNED NOT NULL AUTO_INCREMENT, AUTO_INCREMENT=51;

--
-- AUTO_INCREMENT for table `taxes`
--
ALTER TABLE `taxes`
  MODIFY `id` int(10) UNSIGNED NOT NULL AUTO_INCREMENT, AUTO_INCREMENT=2;

--
-- AUTO_INCREMENT for table `units`
--
ALTER TABLE `units`
  MODIFY `id` int(10) UNSIGNED NOT NULL AUTO_INCREMENT, AUTO_INCREMENT=8;

--
-- AUTO_INCREMENT for table `users`
--
ALTER TABLE `users`
  MODIFY `id` int(10) UNSIGNED NOT NULL AUTO_INCREMENT, AUTO_INCREMENT=55;

--
-- AUTO_INCREMENT for table `users_metas`
--
ALTER TABLE `users_metas`
  MODIFY `id` int(10) UNSIGNED NOT NULL AUTO_INCREMENT, AUTO_INCREMENT=72;

--
-- AUTO_INCREMENT for table `visitors`
--
ALTER TABLE `visitors`
  MODIFY `id` int(10) UNSIGNED NOT NULL AUTO_INCREMENT, AUTO_INCREMENT=247;

--
-- AUTO_INCREMENT for table `wishlists`
--
ALTER TABLE `wishlists`
  MODIFY `id` int(10) UNSIGNED NOT NULL AUTO_INCREMENT;

--
-- Constraints for dumped tables
--

--
-- Constraints for table `attributes`
--
ALTER TABLE `attributes`
  ADD CONSTRAINT `attributes_attributetitle_id_foreign` FOREIGN KEY (`attributetitle_id`) REFERENCES `attributetitles` (`id`) ON DELETE CASCADE;

--
-- Constraints for table `orderaddresses`
--
ALTER TABLE `orderaddresses`
  ADD CONSTRAINT `orderaddresses_order_id_foreign` FOREIGN KEY (`order_id`) REFERENCES `orders` (`id`) ON DELETE CASCADE;

--
-- Constraints for table `orders`
--
ALTER TABLE `orders`
  ADD CONSTRAINT `orders_user_id_foreign` FOREIGN KEY (`user_id`) REFERENCES `users` (`id`) ON DELETE CASCADE;

--
-- Constraints for table `order_details`
--
ALTER TABLE `order_details`
  ADD CONSTRAINT `order_details_order_id_foreign` FOREIGN KEY (`order_id`) REFERENCES `orders` (`id`) ON DELETE CASCADE;

--
-- Constraints for table `reviews`
--
ALTER TABLE `reviews`
  ADD CONSTRAINT `product_reviews_product_id_foreign` FOREIGN KEY (`product_id`) REFERENCES `products` (`id`) ON DELETE CASCADE;

--
-- Constraints for table `wishlists`
--
ALTER TABLE `wishlists`
  ADD CONSTRAINT `wishlists_user_id_foreign` FOREIGN KEY (`user_id`) REFERENCES `users` (`id`) ON DELETE CASCADE;
COMMIT;

/*!40101 SET CHARACTER_SET_CLIENT=@OLD_CHARACTER_SET_CLIENT */;
/*!40101 SET CHARACTER_SET_RESULTS=@OLD_CHARACTER_SET_RESULTS */;
/*!40101 SET COLLATION_CONNECTION=@OLD_COLLATION_CONNECTION */;
